{"version":5,"hash":{"type":"Buffer","data":"x7wwfFDTOBcCnJKCdAOPMi+BgUZy1wEfSNAxoWUuzwHl9KRzB6PN4gEPOYb8pfF+dpzN5FKIEqYnqSS1b0gQN0RqsH43McK6sDNU9snUDXtaZ6Xo0jMUCjReKbZVCBAnQoU/cZjcPX+hlTMXbbIBOveiFB+6NFs9jaqxvufLrU0="},"indexValueMap":{"AXklZHjJLNwwnfWl22GK8kcKGQvlJLerp5FOS68pHQE=":{"valueMac":{"type":"Buffer","data":"YOC7gwHftCsX1fI1bg78IFBK1UJrs/notfX6HlfTiq8="}},"AYIvpIvZMdl88tGL36t3g2+IBE69u4w3FAp60I6YG44=":{"valueMac":{"type":"Buffer","data":"zByhR/bLYhMuJARaNeT6RPzZcO3jpugDM3GgcYL9zjs="}},"AfWCHvaUrD9o6jmCmVHJSGTDXG89cXNLJavz1idy1ZA=":{"valueMac":{"type":"Buffer","data":"i3XTjTzOLpBC9WRyaaNX+yv9w7wRYpY02oMEQLcmneY="}},"AtEBbI3POdJZQRSRpsFy+h1QUqDl0RJUditoaRBb14Y=":{"valueMac":{"type":"Buffer","data":"0GOWLmmLSWM3IGPEEBUSJh6i9PUtD/qbFtnHv5zc9Ew="}},"BSJiWRtugKNLBYUCdlIEvKxz6Aes8ASaSiaWH5bCMS4=":{"valueMac":{"type":"Buffer","data":"dJWnBxwov7A2BlLrBC5s9P20t1OzePLzGJqB/DZGlQE="}},"BwFK4ZDZ04TP3+7uVKjGutu6PuEF+fndkfjvLFapcNE=":{"valueMac":{"type":"Buffer","data":"ZP2YNxhxvcrtasjPjq6mgrOA5tNvqUZBuD3hrcIgIyk="}},"CNJiWNZEI2t9yt4Wde+FDtJAsGrdFxHcuRLAGXz3Frk=":{"valueMac":{"type":"Buffer","data":"McPuSbmdeWzA7uQx+kcxvisLcyTOWfDKNYg0U7Fp25A="}},"GLRm5rqbLcQdb6dTDJ1HjBDH2463g9/xfd7gBmR8i+I=":{"valueMac":{"type":"Buffer","data":"wlvobp82lMC9sYuIWTv2V3T/WlAZsMT3bGOki6isOtA="}},"HO1lJC8e9M7jS+AulxkwI6Z1DZ0TYJ3iKGMXR0fM+Es=":{"valueMac":{"type":"Buffer","data":"2yLS1ZBcOcEdCu+B5xt+FtAjdqLYARRAU5RZf8Iby9o="}},"IA10iBrPZwQu3zWut5lIbQ9Pk0meHHMd5vuSgo8yXsA=":{"valueMac":{"type":"Buffer","data":"NyAMJfHEm8AFsspLgjzjOJqT0z/G6hw0WNNdrZy+X/w="}},"ILiVmoU9fY8BpWFY8bRBeCI0ENXnTlOEIEvOYswqsYs=":{"valueMac":{"type":"Buffer","data":"3adAWzgUXkiW/Pna0xN2Pz4yVV7kxAfWWtWQ4KwJDck="}},"Ife8Oe9NzM9OtliSR08SAECnK2kFK49YlejRWQq3P7Y=":{"valueMac":{"type":"Buffer","data":"vVxkyuqO3+psQL8V0ZOOulZYUDEbxO5Wt4dx/QZw5SY="}},"JM33vZoAuiRi1uJg/5dsKnBQZxzPgpwL1CXDkwMMuqU=":{"valueMac":{"type":"Buffer","data":"JZh7pos4Y1QKm4p8RE2izgnE1YVEgDnxTRj4XhYmeW4="}},"KD6MAwjZ8BIGGws+sOJN26tvYiBIQ0nyEyPWgivzu2k=":{"valueMac":{"type":"Buffer","data":"IOoYOahdPaYFWh70BuKBMepR5grs+JYzOzOhkO6hKtY="}},"KbBTvs8aa8IGGqJMIG5N9ZgCp8qk0T+tN2TorLHB50Q=":{"valueMac":{"type":"Buffer","data":"wuqqd+55pvWAsufm3O3LJ93ljSnzMY3OoGe7UWhfcN0="}},"LtmoGlesRsVjQ1ls8q6Lphop+DHp8QoBv5yhvdEHQBw=":{"valueMac":{"type":"Buffer","data":"K28sZdTo0TIdVWm7KgA6kooFINy0v12+D9yqHsGESZM="}},"L0P0nkEIddhHnabkQKSowVFR/nJaMVNjWKnngxYg/Xo=":{"valueMac":{"type":"Buffer","data":"Y6XHUNlbw08+OgvxsYvWMAzUBbVJUshtruKVughjHdw="}},"MoKBCUfpdoHpHlE5WZAOOdpmSoWJ+bfkunLu/5BvxFg=":{"valueMac":{"type":"Buffer","data":"x4ZMT3bwOcjqenRyZLZZt8DRQKhtFnhiB8PcueWwq8Q="}},"Mry6/iwFoXYJ6j8o9tkRHd1sRQlMmt4oZJ6X9BNUD2o=":{"valueMac":{"type":"Buffer","data":"uYWck/w0FwR3hHctZkJBespTb9ytyyCnjwq3H+Bx6cY="}},"N017vu9l1RxZHRek6yWASFFJe7H0Y2OFNhi5fJPrn+Y=":{"valueMac":{"type":"Buffer","data":"KuvxhMAlPYG81DooddVEntm79sdhwcnUrreCPBlIJ/8="}},"OdJE/ZmX3UZcA2fyrtBETmanwxjspArdGUMJxbiiP1Y=":{"valueMac":{"type":"Buffer","data":"vZSocFXolHNbysAu1IIG+djtPVXvjHKEGMZU7CfBd0U="}},"OxZV5rJMr0ukbaiRIhRu94BHIbFHwNLVBfWKjUXzMlg=":{"valueMac":{"type":"Buffer","data":"PKYUlIs5eXoSneVcj0XJwwg56ae8InSJNx34woMO4FM="}},"PhwNDSGDWwZXfAIqxxuit9GY/rVnHSYo+nsrqjXKAy8=":{"valueMac":{"type":"Buffer","data":"7ILHZ5X6bvcTd82UqoFMRgvXhWjobCezI/CLCjCMfvg="}},"Pn1OGo/Mc40lWyYKOwkfTjjMEutunce3ov9WTPlYHiI=":{"valueMac":{"type":"Buffer","data":"BHIWzWXhBy9TTx7UvefXj2vRaCtziPEwcgXYfJy9HPA="}},"P6JWzzQoBTs4e62fHDA5HX3GzHJu6EjQsHSBRDAe26U=":{"valueMac":{"type":"Buffer","data":"7yuxnZb5uL/pofoBs24AWF3279mqC8wW+yXeLRdpEc4="}},"QLK83HUfReFJLtT9B/R3CgVJNEechRRfeebaLHGIvLo=":{"valueMac":{"type":"Buffer","data":"AKwKvhi20omJg9vq7OaWX8aFioqh5L8cNkrW12CAUFk="}},"RLe8Hv5CJ/xP/fT2UjwJTqm5KmlK4S3t4JF6iXNiUEQ=":{"valueMac":{"type":"Buffer","data":"0jsJd/YtLIp7lT6DFOKlkWwuy4CD0g50yDf4XCjI0UA="}},"ROsCrYBf8AZYz5Q/vxy0rN/WHjq/qPYZiVmmEK2bW1k=":{"valueMac":{"type":"Buffer","data":"NEoNbkLDobEXpxZ8LeWllTG2PVE9ECFA+lJconHYCX8="}},"SAHDdXcqXI1rGVRBzyHk9449exmxnInCPsQv0l/wpEg=":{"valueMac":{"type":"Buffer","data":"rGMAr+oxfutFp75aeoCI6hSiGjoclHI6zbyVl1UVdfE="}},"SjZUz8tj/Oo/xXhB0gu6j/EMti3L8DBE2TIpDM5UPFw=":{"valueMac":{"type":"Buffer","data":"UKyTesFWdKDPFSsP0DWGy8kv7q1Km2S/4jn8tKbCjhA="}},"SnQ+5OcI1sw7Srp3YjuaNqjRqRFyzX6xvBfUwAMQd1g=":{"valueMac":{"type":"Buffer","data":"yqqkwAVYRRrFvGRclBpUrZL3jdLiZ5j34kUvFtjwpSE="}},"Th25cU0LYJC3YEO3k54amwSX4teDNIFmMzscvKj7y1c=":{"valueMac":{"type":"Buffer","data":"RuE6Fw+TP7o4SciD9i1cU6k4bKbrSn2wX1q8z6fnFc4="}},"UayZsoc55VURBHpM+oRP8KW0pLvVQlNTxispg016sW8=":{"valueMac":{"type":"Buffer","data":"q6ckT0IDH9HCpiI0FZWfkAHDAObyZtNKEwPdj5P61ww="}},"UlmmBNQZVnr5r0MVP4TD8s31Rdx02WKwatrybQ6dK0E=":{"valueMac":{"type":"Buffer","data":"wdQH8qpQFQC+fEIsXv1H7OjelTjL2BI+SzC0FCYEmjE="}},"VjIBnezOXf5NpfqUZXdaWggA8cjhLPTCa6XCjeysrHw=":{"valueMac":{"type":"Buffer","data":"Dce8JIVYo+yFOkJ8Psbb0+ZRu0pbBFLAYFsz0gX3jx4="}},"V5/C1m8iIc345gq4xnWWtkbs85PuF08HvFlAGISCXM8=":{"valueMac":{"type":"Buffer","data":"0JNGrIc11Xn1NpO9VzEE4k6+Cy/P0BcyxiqDEsurDO8="}},"V7wMj8Ds5CF6WovechbrqLH9r4Ks+VeK/ETjFVK4Bpw=":{"valueMac":{"type":"Buffer","data":"SlnGAUHP7r3/lvPNQxsEJNweUrPwq4skwYQDdU6iGuE="}},"XlCIXfLDmi0a8kFhSRC09a5ePMYlpx84ryndC3TTt0k=":{"valueMac":{"type":"Buffer","data":"BZfsW5zYTQnc/rGj4LN+YH0tbTmVlDLw5yJLrjddI5w="}},"YFbzTxEm6BVOCtLzy97pGOguixHEbEIZLRdHoZwDm7g=":{"valueMac":{"type":"Buffer","data":"GAK1Q1jYVUwk5CG3yopOrN4/NZy0D4BktrUMLeMFDLU="}},"YIGzq5oSzGyJE3+DJtPxe9MpHF50Ap0CJkKQfY6TAoc=":{"valueMac":{"type":"Buffer","data":"qOE4LxUEuAcEaC/JV6M1wY5h432neDKL++8S9LVEIN0="}},"YSlPupLufDmjuBHkkLy7YymdfmcE87tBQszKwcwi2nE=":{"valueMac":{"type":"Buffer","data":"GdSyZ3Ef1OZRT9MjkFrkqMujfmHJGB5wYm5lJZau7iM="}},"ZEN+sijKk5WxxqSYvdjUCP0WGM7UITKokCCKvrvnmYM=":{"valueMac":{"type":"Buffer","data":"a7Eahr0OlKu3YpFJP3TW+iJkahHY7rGLWUKT/eLVnWI="}},"Z0KZ9NXDWOoQ+e9JrETHPd91pnSPmfkcYU1S1e8dFG4=":{"valueMac":{"type":"Buffer","data":"w12xmKoXXetisfFA2YTzO1z4OMZOlgnkZnA2gUGsCFo="}},"a8HnteIexQhubjuFWKS6Qv0ervy4C/keFS+DJcqkmzk=":{"valueMac":{"type":"Buffer","data":"CWt+nHxfSFteogqqnAVr8W4+2h6BTmo1Nca7c/luPic="}},"b/ynbNcS8Wru3rV1jYhGxoim4YAp90+qERygMRlO3Yc=":{"valueMac":{"type":"Buffer","data":"euZN15t0O4Z/k/h47ztFNWd/QjnyTy4C62xq11APYxA="}},"dHRIQ4ZhhucZ0yWuC8O4f7SJlNzoQq2+9KbhMMyYgmQ=":{"valueMac":{"type":"Buffer","data":"cLeNnk2JoSaABUZCgpMQa5XBroHZ5I4S9zyCPAb1gQI="}},"dZxV8a8RXAkvoCBvL9oiqOiqcjREv433nZVa7jozm3s=":{"valueMac":{"type":"Buffer","data":"eur3k93Xn3mdYcYlmkZdD/XAMmsk0qLO4208323zUj0="}},"d93D0ZSl+T3bULlOKT7uX3RfCS+/9LKJxeu7qSA6L6w=":{"valueMac":{"type":"Buffer","data":"XimIuZuADFLVjkfhE/4svNQXNB31DOBr1nFyu3NvOeI="}},"eY0izQ0I82ST+npttgAxogfQ91/sk5PX/eT57bF80u0=":{"valueMac":{"type":"Buffer","data":"aP9CteJq49C/7Uj5mD2cZU4Jl7JIVYRDJfjZv1ZpSeA="}},"egP+bHWSevGIwMFf+QFlRdBOIpxxSun0d7RXt7/HzDk=":{"valueMac":{"type":"Buffer","data":"10xmxa/byzoA0fczFpmGyXkDwKENCZKLRu4LjersasY="}},"ffYCZREooOPIBuPw8Y6Qe/8plF+0Z1kwfdVka7QSa7w=":{"valueMac":{"type":"Buffer","data":"O/0rM5E+Dy3Dt8oWmLKUo3f0ZZ/mqdcCRmRzRoRSXTM="}},"fshciuE9yBCyXSr4cj8hXI04Py6Oj2gX0k383Yz2C0Q=":{"valueMac":{"type":"Buffer","data":"blPNb1AXfhuuBDzZ2+c9Hm9M7vL7B6+8VzWsuCw/x3g="}},"hJBVt47K4Ym+/IiRWaHPFSlZ0uPQJRRXxbwKmrR5jyo=":{"valueMac":{"type":"Buffer","data":"7qqr0mutHj9r6bFFd/BnwvVlqZuxG4/ZPCZkp7NW488="}},"hTlnEQ2jZ6BE3KxKmlUiq21LlvKg0ILd94pM08dvGKU=":{"valueMac":{"type":"Buffer","data":"a2qNwqyb2HjNY7B1q2FcW9eNLLQh4H5rxWeoFglrz74="}},"iYbebftpzMiGpn+U7O/TmeZQVbonQ7M0KdCVyEyIgP0=":{"valueMac":{"type":"Buffer","data":"hV53to/BiTphB5Qu8HBdDvGTaCIdgyugMl68g9Ll0gM="}},"kMlV5jf1ABsQRHmOCpDyHqixvuoDgWfHaNxrO9HbHX4=":{"valueMac":{"type":"Buffer","data":"kYmizhdFxgfbW7gzzpJiCLNV7+ywBx0pWXK3vE/Eu+0="}},"l0bPQlVwNZ9V3O0hi/VY0AsB29wENHz31apibv8WcCY=":{"valueMac":{"type":"Buffer","data":"uIyk/qrLVkfFRsei4xHo3L4xAsa8uSeI2TwRWuXiDZw="}},"mCyWDwTIKcHEiG6EjDLhaJQeMw9E4m0m7DRnWFkXLjk=":{"valueMac":{"type":"Buffer","data":"V11FDGIUO3ad5HjfJ/4HObTMBAHnQGlst/hzalswJd0="}},"n0msOVg96PlqYbglqJKLF7333bslNQe/cydS+JCMwnA=":{"valueMac":{"type":"Buffer","data":"6po5CZU1zJcniGNJgvrBU+V9PWPK8sdwrcr4SYL7eWY="}},"n1sX+XsLrotrUeuTVHuH5wLFdDNoxLkGF1RTnvfY2GY=":{"valueMac":{"type":"Buffer","data":"88X3eIcFWHhkuvRy0XNiTtHmLNIZsD4FD3Ns99BENks="}},"oBjyT6mCTUBK40hzteGyEvOUNmjq55KM8UjUbquOFRs=":{"valueMac":{"type":"Buffer","data":"zO+ZPdhWy0+GWFfoNJ1zFcirWYfsDm7b8Xis+llWO1I="}},"oPAz91umIr6Ix644V+r6q9hCamncGTnxjS5pLxJ35zU=":{"valueMac":{"type":"Buffer","data":"agZHNnJNqtwCl9cJHlWKvygC/lh9NS/7AOcWFgHNZlI="}},"oX7OgcV6gAMu8DUBw50ZXl5WkMPSlab2dIAgRoLNN5g=":{"valueMac":{"type":"Buffer","data":"CfjH/DbNuqrKjdgjjov+EsUarge2y6UPu6PaQRerBG8="}},"otBnvS+5VhJX7ygUG/hZaiElicY9JiGPByjpoJdBIFg=":{"valueMac":{"type":"Buffer","data":"7ncLhUhuVkaVHxuPyBmNALqapbYOz48mmU6nxsdXgtQ="}},"ozbfR5kt0vfaOhFeKK5cRECq2n2hrF827wtuAuccsJA=":{"valueMac":{"type":"Buffer","data":"RUpRckk8oM1f2Vm2B2V4dEVSmRkz1BxlDiPYOnJjduM="}},"o6WBfVEJC3OLXHIGuCzC1D5j/Qj8IwLkxOxIvojn4Dg=":{"valueMac":{"type":"Buffer","data":"PPMtxTqeHNiKz0plcYrNjCGwBShna7UIYG2XZ6nz3Gc="}},"pU8eEZuJ4kk9NDZAcnG3PUFcMb4gzzQ2knPmgPFEAwI=":{"valueMac":{"type":"Buffer","data":"f58Xnwm0e0MbLX9eXBB5zaRBGtq0yLetvgDKLhZzR40="}},"ruH/LSwAg1Nhbr8i3D7WBZjwWq5m+4pyhbKJQTJA9XQ=":{"valueMac":{"type":"Buffer","data":"xE0KHyxnK+ptL9CBFvaZYHjIhm37+uVzY4xpXINyTps="}},"sIPl0vvHMdcfqb+xS2TI6tXtC4iubN+24EULsS93G6k=":{"valueMac":{"type":"Buffer","data":"+JuovQqWXE1nlGF2l5R1ijjm8djQdqSOAPnB/7FlbhA="}},"svS6/6u+orBHt+mjaUle8CRmOo1E0gXnRCi0kRVR15E=":{"valueMac":{"type":"Buffer","data":"pMd8hKbuhEC7RwSG5ha9ifGSNQaODwxHYb9oid+EVMk="}},"s7pBBVaRryx4EssRksNmbTdw3/r6IEumkDy6YUSutIY=":{"valueMac":{"type":"Buffer","data":"sC99vm6CjvrEiwtWjtPmQRHgUsLtTbiMBZZKvkECtzQ="}},"s8ASj4kRviY5vbbj5mPIXlCIUmo7hFfwUJ8O2TWjXq8=":{"valueMac":{"type":"Buffer","data":"hq3OXUxP3IWJL9xZY+nvaApA/zfpAntE7bUokvH56wU="}},"uvapTglEadLy//Qgdm8NEFdnj09+NrnVCYitcpQCZ4s=":{"valueMac":{"type":"Buffer","data":"Y6J3jeA90mCo18dKcqij+7mQaCj10VvL7F0GR6Le/cA="}},"vHL+lVwSEEgqoFl6v7KOOVjha3mlLRdQ/cT2/HkMvYM=":{"valueMac":{"type":"Buffer","data":"qVrNB2xuIXJrKMApgMiA5ZuU+lzP67/I02Wxxelq6bY="}},"vQezfCxZU7XTpSKVi9uOyJaFml6n7wMRcfTl4F6/s/A=":{"valueMac":{"type":"Buffer","data":"1Gj/jw8o8gl/G9EZd1He13X1mHX6NyM8ouDZ5BUmKik="}},"vVGUijXpOhliRogvLxPRNbNbScbRE2MFc2bWaWl1PXs=":{"valueMac":{"type":"Buffer","data":"sO+2/tASY1CcVzbneuTnGGzwJSDfpweeFiKo37l7jEI="}},"vcP3gP1C5MmVy29fcaio27hin6VoDrlCnc8wdzYPcR0=":{"valueMac":{"type":"Buffer","data":"EkTyn4zDpNjHatVtgoPgJJfFFciFpkT/pLepZuwYUsA="}},"wAt3rBLwzQJg2gQJLh3LigXMeGL+VpoHxGO2bY1b49g=":{"valueMac":{"type":"Buffer","data":"zarvpytLrck7xMlS4vJxMBtxnoehLotzF6P8y3jbO1Y="}},"xNRDOCNvbq3cEVEzJfVLbiEmj32vW72zY+oormjMeF8=":{"valueMac":{"type":"Buffer","data":"Q6O1DzcyUm/j85TpQcxPAta7nFmmo3bZrtEUBxWtstA="}},"xv9VGfk4wkY41hqcYFh4DHpd1agSu6WP+PWZsH4PKUY=":{"valueMac":{"type":"Buffer","data":"oqd8aZTbUVVM/4na7a3OnWpTr5YbpIfisQi+gCIXUSw="}},"zcstJCAEnHn+qrHe1RHXsD+S+8V/07xgHuv1hSw6ob0=":{"valueMac":{"type":"Buffer","data":"9mkjQpqzkyB2HQzZ4SqQGWLNEaYI5SirfQDczXkf82I="}},"0sRx4FnVhyy5RJcfgQFStEY4S9eU1hbCbdi8KHOfo00=":{"valueMac":{"type":"Buffer","data":"hdiOOpL0gk0dVN+qJOObKMwZQsWx0QaewLDB+im3OJw="}},"2askemYD7rugFga4WR/bITLenVcQSPXGO82iOITOOek=":{"valueMac":{"type":"Buffer","data":"G08gvCloKPIFcpJv6Xi2yR81Wr/lb3NuXoUQOjk9FTs="}},"38YYAmwvtvnnXgvt8MnQkwpca6BE6vLNqwaKBbS5IMw=":{"valueMac":{"type":"Buffer","data":"+c0GmoeZ/dNT2qtJWOKQPO5eflYcFamnjoYoqm3AE2k="}},"4KP+/W0zR6wq+Hr85CJUFjzhDZPhrXFkxEqy4BEZUJE=":{"valueMac":{"type":"Buffer","data":"bw3Gd3ghWhInX1iFDd5KsxDgAF+V5H5gVtPz8Jp2e68="}},"5KF27RJOWo7PpxMaOCk9uiPtgMHKxCalSu4RbrEnn3Q=":{"valueMac":{"type":"Buffer","data":"Hw/PjPN31UOnAdGr4DfqeNziano7r2mmrcr8lpXgoQs="}},"5pKmgBnV89iQqm18F33NVXXlUnOK57KEj7KctX89xeY=":{"valueMac":{"type":"Buffer","data":"27yCEr/U7puy9UDaKoPSk836lt97XDcF7N0l6aLZd3w="}},"6Z+CrLBT1syDWk6ZKZNVaDbIDAtZgDVrtPEHtIcjYRk=":{"valueMac":{"type":"Buffer","data":"81L7HVIcnad8DBuRkyRmHQG6/SsrjK8Z6IVN9mtBgtg="}},"7JLvD/rKIJSSTCue2GHy/A5VYl1lm3vLxZSu9aXnuCc=":{"valueMac":{"type":"Buffer","data":"+3t0uewCCNPUib1ncnk7mIBhXFg9mwuM44gh96CBMlw="}},"7TJuLrGKYR5Go+J23203cNpDiD2txlX7iAXUDTKpjtI=":{"valueMac":{"type":"Buffer","data":"MGUNpQSRC3Uv4cgbZTW68crUky7CCeLMnwte49r7KoI="}},"7ghY2Z7gTG7vt7hyNp1mSYH59VVyeGW+NNd+krtBmuY=":{"valueMac":{"type":"Buffer","data":"VX1ZOKZ7Exbk7Niz0c/t6B8cCh8cdH2VqjuKqU8gsLQ="}},"8JpSmYW+Eu61qbMAtBYzuD5e2RYT/4xPigsa3ShANJw=":{"valueMac":{"type":"Buffer","data":"rEeXlYojIv1XeQmsiYivTADWa8BLvrJg/OGOrUjMv1Q="}},"9YUzFRqEkL0MVQMzG+m7lCo6uRDuFcz6srqVl6mEizQ=":{"valueMac":{"type":"Buffer","data":"HW+/WBu6Ke9/G/2kKVp+dLvitpukz/eKCjKfP7STgEM="}},"9fQC7dWi3WmbdvanMdrF0mD0eRWDT51cGBIR5cqAitU=":{"valueMac":{"type":"Buffer","data":"wOBoJneWZxZ/caseJeE+7G8cKXdJPcR2DLiIJZnVZkk="}},"9soglLg2OSWk1En7gQ0Cqw8XzZg7fk6eOanPKHittGk=":{"valueMac":{"type":"Buffer","data":"ysRmCv2Jc109NSOK1k0uvQ/UFmsWRARSosWk/u2e8JU="}},"ACLV5Q4/rGPzWPev0hCE6dT8/aP5fcj2Xt0lpLY+9EI=":{"valueMac":{"type":"Buffer","data":"GYc04tO2VAKRktL6WkBRfmfoN+hMZ8igYIRYZObP+I0="}},"sUDxnjqz5QS58UErVSrbmuoiIWABufsXN/ktpxxLFHY=":{"valueMac":{"type":"Buffer","data":"vGcnhVgPbx59TJSGnLRZH5FwkQwMcn52OmLbk6nWRT0="}}}}