{"version":2,"hash":{"type":"Buffer","data":"Gb6OO7HC3xstbu4qHl2t9/fslUSJ0mqAVWBgQmDbrTkooUJqXHrnEJwdBvunN9UFSHiQPJKr3Y+1f9718u7+P+C7coVTC3h/zWh4Wc0bYxBA6ZJC3HSC0mrGnqyTBJQ1Xp5nY8QqbVlqyothADp+XA0HxTz6bgbI9S/xudZEqRg="},"indexValueMap":{"FCj8KSap3O//VhMgenkcfE45JgBwbS+a49wVmNOwER4=":{"valueMac":{"type":"Buffer","data":"8+z3zyxiDuMKkWidBtFXjU7V4Zf1sWI/1RQwqnN0s3U="}},"2NUCzmsBOB7IT4skbR8p/jIe/prBi1avc7w/2VnRlDE=":{"valueMac":{"type":"Buffer","data":"sXEQbH7wD9NES7YckYC75ZCD/6Wx5xMqzS4Pt4SyEH0="}}}}