{"version":2,"hash":{"type":"Buffer","data":"WujTJbFqXNtRl7ko3LjZz9sShi136s2WPlXzRSVEB7wtKqvZ51xr6syr0m/HCTUNyQ1ldXppZAa6EhFkzuXvIAhsTSKxzO3qmPLhdpM4/jnqn5XYrFnTiaekqAum586DxKpx/HdgoCSsULN8Ye6An7Y61qd7OJZzT8vuRtgTvQI="},"indexValueMap":{"Ajcj96QyJR08lBKh3p9C2imdzPBFMZkCowHh4c9gksg=":{"valueMac":{"type":"Buffer","data":"/BHmFf+bqUmVYbdDafIMMCt6b2hxCBxUTSzQhfZwjkQ="}},"BaNPoMp8ncWCqZhSDadR22kuhzzR41m5Rrgw8HrvL28=":{"valueMac":{"type":"Buffer","data":"nwCEikO33KLlfYq6YvXAFeRS418OL/Uu8r54O1yQFL4="}},"BmxRey/C9M2wEZu9D3ow/mlMmzs02hiug3mSigUAHs0=":{"valueMac":{"type":"Buffer","data":"Mrk9kHlvPNeXbuDZRXYo/hLlBUKBwFzWUmYpws1Dxj8="}},"B8prya3es+8Dbd8bf+qVZSvTbHx1G+9bztlwVS/7tEE=":{"valueMac":{"type":"Buffer","data":"7AYRAWIxebh952ZTtvcA67vjZvYvbNwJKKhK4CVM3ig="}},"CIRcI8wia/8ZBMNqYnzfnKJb9tAEC+M+kn5LxgRv2Xc=":{"valueMac":{"type":"Buffer","data":"6EoJh4XQQ0ixH0m7NwucMOBN9SK6herKgDclRPJ9brU="}},"EReohdnc7Q5Avo1TKYXRVhzxMosIW6IDM0MovMBGV98=":{"valueMac":{"type":"Buffer","data":"gZcCjemUVXe12mtozUYIvV9EkFVvPo0a6gGElGdaLBM="}},"FB6dKxbunHN2PPxoyaMOaUxvOOEcFeff91GpSbNqccw=":{"valueMac":{"type":"Buffer","data":"wMywZv82hHCa2XPvVKj/slcJ7IlrFuLyfk60v9NP+M8="}},"FqkL9fKno1GATK/BD3EZ72KvyhTvgTXnPuwyCGa0rWY=":{"valueMac":{"type":"Buffer","data":"GQrqHy+FFWT2XgL1DcH+3J+xIDhjYwoE+6/D4oGYti4="}},"GouvJcEvnbMP5FyC1FmeV7MEv/XXD31r9sf5zh/s6wQ=":{"valueMac":{"type":"Buffer","data":"E/gJbeZH8qRUSmriFv8BV1SWIc326TNMQTVwCN6Gr+4="}},"IYblAUIse2+Kjjm7tM1T8mqYRg1ezRYPTYC4gLlTges=":{"valueMac":{"type":"Buffer","data":"zYsw8eLiIatDJNBUliuT0S0jx7QfRMiwC+d6vo0Pkuk="}},"JKXhTNglRo+9UX180Twv2DfXNJNfBge9pka1Ytf7TvQ=":{"valueMac":{"type":"Buffer","data":"2WUl+XHJVUiEPg+PzQY0UZdklIbq2sI78JuTH4MXCQY="}},"J5iIZidhZNYaLvSysgqc/EhwbNaeJRkHbU/lwCjNfLI=":{"valueMac":{"type":"Buffer","data":"cOtPMJoP+8Hfj7m9JjEMkM5TrmY1/ajzuW0u7+31fcI="}},"MdUr/J1Bjxg2BReDr3Vv8OI4UDMn4PsVPVE88leCX0o=":{"valueMac":{"type":"Buffer","data":"BcTWGx6kGgGDOh9d2btesO+dvF8grhhCV5El7+aZsL0="}},"NWY0YXD89ZbGaBi5KDM4C1HVddtCC117V98HAinFlAQ=":{"valueMac":{"type":"Buffer","data":"p7UFsOyaWcbj8n9Ypji/9qKy+aJSdmIgvuvVxfrNvxw="}},"OFxUSnM4Eoz46xTvFaLzHtRSJGVGdNNNAuj0LaVusos=":{"valueMac":{"type":"Buffer","data":"T9b1tUipAnR7QOC0OlnzxGnX9he0QW9DlkgRD3i0SMU="}},"OOsOf5bOvQaoN/D5JD2TaIMd5Hr6yKo/Jv4SLgRc+Gw=":{"valueMac":{"type":"Buffer","data":"dijYOfG+Hr0NU3H1BMANKMKzey9jVmBdrAQaFotMxKI="}},"PTiTHtVswC+VktcVn5imyp+dK3DBZjmJx6evkeycMOw=":{"valueMac":{"type":"Buffer","data":"lH6qClg+nAV/WjPZiJT76OIZSYyplcr3fdSySuyGCGs="}},"Pd2VrL1Z4rB1nu/8/Gdcp0K9LYA5SqbU+HPSeXg/thA=":{"valueMac":{"type":"Buffer","data":"MLGrwqzu9WcA4wAG91zPia+cHBDzZ0jXrZlFDWWmCLc="}},"RdVkXzlxuvCbSRK/UK5EC0dM9ZA8fCXJq6OFryv7OwQ=":{"valueMac":{"type":"Buffer","data":"okGlnpB0IrCIV1Ru/glC7UeWJwviYKnRwtCrHb0CS3M="}},"R+Nz+/C3oOeAz0oKTv4diTArYMSWKUixRm4xqH2YDoA=":{"valueMac":{"type":"Buffer","data":"Bsfbnc7ENzCydDRQhgW8UlYxtro3ooybRazosAFTghA="}},"SIj6fcvuCdRztLUIrK8yMCs+r5J8FdDTr5hHMy6pIk0=":{"valueMac":{"type":"Buffer","data":"JIg+qvikXRQpNUWAmnsahlDwdzhmiA8y+YOCHCJXGF8="}},"SYHwvz8gqf/7xoesbpmi/M/JJwp0jH6/K5XvtJDBCeA=":{"valueMac":{"type":"Buffer","data":"+OST5rhiMXceWA3QTtP1Pv/BcKD+In4/d3h/Vx1ULKY="}},"SlOlfPRWKIf3XOtozDyUpB6vaune/cmqZqO0js6mlpI=":{"valueMac":{"type":"Buffer","data":"B1vLXRsa3V/f6p5pfXoOz7/WeD9qqQxdlesTiF7qjzU="}},"UWnY7lMJBspmc33nokGCrsHXQGQJEiW/QTUUUOZjW9U=":{"valueMac":{"type":"Buffer","data":"ctCG0cfIa8Cw0ymBdDuJijI1C9iLmJnBakJqceVZD8I="}},"UXQa8L9qxvu3WrklRqlhC+A03HZpB3AOOWcr8BVTYno=":{"valueMac":{"type":"Buffer","data":"t0Rjfz/ZnITNAJ7n7jAeU134mOR76wTIETbltzYd6+Q="}},"VeaxAXnG+f90+mNmFhP93dnpR2T86wtXtjBGHS1+/KM=":{"valueMac":{"type":"Buffer","data":"Oz8I45LOaK7rac625Jcw3HO+bxcJHiHYT67w+Pk7KO8="}},"VrD2l1HHZCfTy10WTAqte5iU9G6+IvTCfBPTtngIw3E=":{"valueMac":{"type":"Buffer","data":"lNDikCyxaC6oEXeleb9uKvGgBW6bhtO5VPD6w8R/Ycg="}},"WgNEHnGBqZWQ95SHGX5HmS/GhENyEyzyIpkOfA2B5dc=":{"valueMac":{"type":"Buffer","data":"0rUt8mVbfYZLz0oy44VbcRz83Qls1L2sJZxYYIylfwk="}},"W+VxY62OwWnrto/uNMuplUFbP3XNKLWXJANvUxWNv8M=":{"valueMac":{"type":"Buffer","data":"JMIV9UcVB8EsbvfCG+QjF5dXBvdQz9MTsRqt1nXyCPA="}},"Xnqu5mPTO7zco/6LEQce0WcqAAy8t+FhsB7eVdk7thw=":{"valueMac":{"type":"Buffer","data":"EgAC1nSWEwGrSUuadA/LnjUgWrzBoi5bRfwobu1lPGw="}},"XrzO6OwuvsX4j01mf3RjkjcL8FJcmihOsqfS4hN3fIM=":{"valueMac":{"type":"Buffer","data":"0YuxwKyD2CBdH8ktUWM6KdvJKHc23JLM6Dl3cHtMwzg="}},"Yo6Rn3hAzImyNBdZTvTnL4ADJZpq7Z7s4RxqB5fLoZQ=":{"valueMac":{"type":"Buffer","data":"RtQjttUWc8juReiGfXYtL0PMQpiYAsJfaYCzwCHJk5o="}},"aTWou06vsxTfuO9GCvwExlpolK866hWD27Ia5c6bjqw=":{"valueMac":{"type":"Buffer","data":"osL5K2znQuoHevdH9PV4Lm6+Ev+zHtyDX24Co0nCH04="}},"apXCLBmgSpZh5ZH9lPyuLVek6o6oEck153lO+PnCvHc=":{"valueMac":{"type":"Buffer","data":"mbPfT8iKzW/3Fftx5NvbnN1+P8uXjOazNjmy9yvyAnk="}},"cg1VbBhxcBcMHlgWT8w9sZsm7Wce1yH8MP2RTssUJm4=":{"valueMac":{"type":"Buffer","data":"pdKtLZEVbDEvuJ1y2Bj1gRpZ+nuP4ECwM7Kf8pZrjRw="}},"dPzxCzBSDBF5VFwwzvuP0gIa0XfKeN2q62b4UruJS6Q=":{"valueMac":{"type":"Buffer","data":"b1JZeo82nETeX7zu7xVB48iRnLQ4CZfko2GP6QVQHoQ="}},"d7nMtPrPVKJw9xhFGiTIhm0sFxlVxmkKys8cnBRWFuc=":{"valueMac":{"type":"Buffer","data":"qDUKFIcO7wkgyibJWB16a1BgbJ1K2Y32mzXCOXbyvhE="}},"eIJbHeBQ/7O7jHbq4/sAumlHWDVkwdKIYze3ghnZgm8=":{"valueMac":{"type":"Buffer","data":"uA/ScDh8li9KomRXxGQfrHmLyR4xtSVl2Vt7uJfj1Ys="}},"hNjr783KZ5Yaw/83Jonld458RczvGewGK4N/+tqIR9Y=":{"valueMac":{"type":"Buffer","data":"AcAfaeN5taIZMjaAzenpLrKFRz+B3jGoLsNNnwnSZXc="}},"hd0E/XDRQqGQgVZJfQK4lpUX+VyoF3WHwD61ua6Anw4=":{"valueMac":{"type":"Buffer","data":"fW9wW79kCgjfQyUXx8rUc9s1SQUvZ9E+aOv838Ku/d4="}},"iuvxzI7iWiWNN8E5j3S5wzlTKhL7dZZUrtx3PDiP0Qk=":{"valueMac":{"type":"Buffer","data":"uIsxS6HrQxtvAjwc8FiOJKwEWlCQbrwkrHN4aPOL8S4="}},"jNB9SLZhsJtJh4ZHwdoEw8iMFTobaKjRuupw+0N4s6w=":{"valueMac":{"type":"Buffer","data":"feovIoHqHwh3ku3BZM1KaOiB57sk+xPCh7MvsaTNSJg="}},"jSvbyjE7ySnNX9o3qda/AU6GIicNrg9DvGnfVqBlJHM=":{"valueMac":{"type":"Buffer","data":"Z1QmK33pnt5ES8YfRfw7+6N9XKoq1+5emTI0V7U64Y8="}},"lbOC+3DANWdWKwSK8P+7wvD2goCokiW7lgYXlt5hNrk=":{"valueMac":{"type":"Buffer","data":"Kxa35aSbgEmy56m4/qi4/LS8WBuF7fgyh/cEPwdVpwU="}},"pImr0sJ+ErS1oEJvZsxEozihuFlGd6+/FApXoToWt7I=":{"valueMac":{"type":"Buffer","data":"aiFwnlDFsX7pFZ1/ms9yMRZvWhybjUQhvZAexb7tu7U="}},"q8QitVWXC/Qanf0FeouRoEtw+IBu0XoClKvftdPEH9g=":{"valueMac":{"type":"Buffer","data":"MWr0h6KDdCgf6mLGyEbxFCyS9afffdIJTaXFTVsR+HI="}},"rIOXfGJ3LFuSAlmAEpFYz2s/jdh7ZWPEOxEKq2aR4Lk=":{"valueMac":{"type":"Buffer","data":"+v2f6dHeCN5dOJMIOPCbXoh36adoCzQiCHIEl+JoEig="}},"sCej1HJ+uoH3k/lnumtn/MvJUKtNUCrXki6j3cq75qk=":{"valueMac":{"type":"Buffer","data":"WkatQmWp5idT6kjcH1lnf3g/cGBJaI627xGaZ0Qmau4="}},"sjMi5FC/CJ5MNkrsCQ6IK920+zMnxgQA15zG9NTtjOs=":{"valueMac":{"type":"Buffer","data":"NgJmcZhUc8nV5vTT+BzITSSUxDY4V9RBJiEMzhXSh5g="}},"t0g3tyJwqcrzhPA2fptZltWAHjponLtUGC8wEg+w8WU=":{"valueMac":{"type":"Buffer","data":"VsNUfgTwJzFTA/AuYlBmGlSaRFrM+Yn6Sap6ic9Gx4s="}},"ui+fCvekdc0FyEx37ljOJKujV9R5e8jWVgbCXvw0NvE=":{"valueMac":{"type":"Buffer","data":"sUGgZg4mcqj4eNdxWeqA/3sJ58RGUkOGZkLImfhzBLQ="}},"vMCok6a4uS9Mu20DZ1CC5ba+dEKFgAknnXlcFhOElGg=":{"valueMac":{"type":"Buffer","data":"JSIzO3xmfRc60VcePS+9lA171bM1hDRvJwZP2xCtOZE="}},"vqbusQfmFIA7YRrAdHQ1yT7IroPJ/rDTW5J4ST5lJbA=":{"valueMac":{"type":"Buffer","data":"XxJtEom5WNTePzm86uI55aAnb4pEqP6ObsNteTqclm4="}},"v8YIjioLhJ12UN+Zb9fdiMv2AopIDM4ZupriC7PhWmc=":{"valueMac":{"type":"Buffer","data":"TJ/hUXEkn9iDJj1JL3b9cIUydM5zyTPHd2WeZoIh+Ig="}},"xtXNHAEP82spRrFVF2sVeOfV4nnENuLTY8/IB0mNsi8=":{"valueMac":{"type":"Buffer","data":"WMXk3Hh+SDmoIShjAUNcZr5upeR5S34Me5yqCzDXftU="}},"x1xvKVp4uOISbidI8BIczTOwfW91+9XDfUgm6FnFNJU=":{"valueMac":{"type":"Buffer","data":"SD6LGKEMfc+UQhIKbRftBvHA4N0s0QSL9GwhXlpWehY="}},"yLRpYe6GGJheJnAaFHWPWkxElKccJuw06sd2Teh0LSI=":{"valueMac":{"type":"Buffer","data":"/coz8gAuBD3cj/K/K0Gzr51W/2FWk9xOlF4cllTZ7GU="}},"yqHDSgi4DAwbO4Xm4rP3CuRVWAmYHQ65fGQOddGi+jQ=":{"valueMac":{"type":"Buffer","data":"kbHieVtFG7R79/3h72vpisK6iEweZXmUazLAALe4o8g="}},"y58ut1a8lRcf/0RhSUMG9g4L6xUBgPgwWsg62j9vjl4=":{"valueMac":{"type":"Buffer","data":"LzpRM/Tlm8C3caGUx3FzqDrefRu+94NEAa49U1IPpbQ="}},"zDrSqqJDOu0z8pL9BcbSnPwmREfvlv7ZlRMICQsfdTU=":{"valueMac":{"type":"Buffer","data":"fTS9B097s5gnoyW1h79wwePajuZcNa6O6Y5H+iTvmc8="}},"0+q+dztoaU8SefQpFlRWO3Xzo9dVCQdVtMrjMoS38AM=":{"valueMac":{"type":"Buffer","data":"F3QqdZcvp+7uEFKCvIgMVEYRjtgBhapVQN4YcOXN6CA="}},"0+0cTRHxWaOkXgJ6myaq0VlvsSQ/H5LCb+4RI84PLAE=":{"valueMac":{"type":"Buffer","data":"99ESTaEkD6qdS2UKpwGy+ZqZ5BRx3wBJ6XqAu6kGsls="}},"2AOpGjnLcntKHetMp7vglhU89Xq++44LhiV6nd6gUug=":{"valueMac":{"type":"Buffer","data":"y4l3Ce+9J/OvbBcjODuk/1fj3OexGcyyYaU3tpFvB+A="}},"2M9x3bE5U35zW4E5rSl/G5t9M+13e/Ieg8DLyhoTfW4=":{"valueMac":{"type":"Buffer","data":"n1V6XUJLFfBZUe35yQrX7X+dJZEIFv1vEA+4W6mcSTQ="}},"270DL5Ig8+AGQIfYvSUlwixpjc2c+dIgCNXQtVqT6lw=":{"valueMac":{"type":"Buffer","data":"TSoX7TQjSNcdKvi23BSinT0CBtB4N51HWQQnq6JP9cs="}},"5lJySw6ueLeACPLpNaF1WpEA8EDLl1yp3xvxjfDQYWw=":{"valueMac":{"type":"Buffer","data":"N8Ysyuo/YZ4Zf3Oq68tl+jhudSRMLT519sm8g23SC28="}},"5w2zj8xdbuUfb3zbN0hsXK0jghv5mafZkWebS3ah5E0=":{"valueMac":{"type":"Buffer","data":"jjmXcdLBdZvHXrlTCWseKOb5ChRa7QYrRrmKj9yBlkg="}},"8hHjNpgFwvoHRcoTfvvv9UISawKPvCzBb2MMNhePlsM=":{"valueMac":{"type":"Buffer","data":"cOYC2Rn7Qx6mFQ89YGjU+YYy5IF/vnHIiMTo3S8aSGg="}},"+gBNDy7fXN7P35r13ezolvVlORJdY1XsAFJP27s13uw=":{"valueMac":{"type":"Buffer","data":"KvP/+1xcaKSJMeKDYprrjbclb++cfOgZRaxkkIKWt/M="}},"/kROVXqQykKIpiPE9y2Yu0Tk3DMmlei2rHPCNNCVkvQ=":{"valueMac":{"type":"Buffer","data":"Ob8vJ59CbhaqKISD8ekTWzmzgF1KGw7FUaRi4lx3f6A="}},"/wdYuy0ECTWXz8gGluD91CRav9L203DyEPyDfKaykrI=":{"valueMac":{"type":"Buffer","data":"cLtVF/lpzVAk9NZ6jyEVsA/F7wkSthOBIBQJ9hBOEuk="}}}}