{"noiseKey":{"private":{"type":"Buffer","data":"oOX6g51lYiPGQbPWRTQPGQ7yZYuY0bipwGtxF6t6f1g="},"public":{"type":"Buffer","data":"6+E3PSb4tAK7i1IS9LARJnrBJqYBZwUnuDhFirS+hzk="}},"pairingEphemeralKeyPair":{"private":{"type":"Buffer","data":"sMJ8/ckS88L6o1Knzda5W+fbEJwbRf+0/9bGXm+tZVA="},"public":{"type":"Buffer","data":"N+onfhVkUbAUP5c8PsD5SDj/QoBUwRkcL3UBHSjOPAU="}},"signedIdentityKey":{"private":{"type":"Buffer","data":"oEt2qGT7FDe5ITr2PI7t2CzTlhbcK54/kWkchFXVBGY="},"public":{"type":"Buffer","data":"NBdzMW4ZF6+dITNIfxNzR3CaRlUh5c95WIVm2sV8GQg="}},"signedPreKey":{"keyPair":{"private":{"type":"Buffer","data":"+Ky7ME+EM/fstxvqkp4jYizhi80Xt+wRPS/r8FoASVI="},"public":{"type":"Buffer","data":"+rJuQttzv3/LP0yPR4ypu6l/sdXbAyYc0awmTbwoAiY="}},"signature":{"type":"Buffer","data":"nBdDaaXF/PDoTk4PFH27Nv5Z/aXcxaP7nKPPerleCtIL2Vzg4lC5SeGq8rXYxKz4P5o3jDKkSxlw6sEI/R5qjg=="},"keyId":1},"registrationId":215,"advSecretKey":"6KJIebeqJlZ2jFmqqbLr41u/Nsbz63pJ/tkMpM8mCT8=","processedHistoryMessages":[{"key":{"remoteJid":"212638446201@s.whatsapp.net","fromMe":true,"id":"275A922C1F8F6F98C4DFD43D59B6211D"},"messageTimestamp":1724521286},{"key":{"remoteJid":"212638446201@s.whatsapp.net","fromMe":true,"id":"3B2043B3212306C62801A568D8ACDBE0"},"messageTimestamp":1724521287}],"nextPreKeyId":32,"firstUnuploadedPreKeyId":32,"accountSyncCounter":1,"accountSettings":{"unarchiveChats":false},"deviceId":"q92TC3rUSqWQRpGTHhyelA","phoneId":"07814c5f-7443-406e-aff9-0342aade16aa","identityId":{"type":"Buffer","data":"qa/g/Ul/JJYQ7T4eY/Zmc8hQ4IQ="},"registered":false,"backupToken":{"type":"Buffer","data":"tV6c5DWTWgYHxS25uvbjjy1eU+g="},"registration":{},"account":{"details":"CJTliJ0CELu2qLYGGAEgACgA","accountSignatureKey":"mKv4hE1V5IQkP6/co5ieXbmePYTz5Ys1v/n+hjyz7kI=","accountSignature":"VicEz78O6rtFWqgzIf03uEN2uHGkC/ZJQS1RdhkCFY/FPA5IqvShhyLjYgNFr5kir1J6OAz/Wq3MBaNSw9muAA==","deviceSignature":"XsGpp6MYq7i9pbjBTqLAaGPnm5zVaF0vd9V5N/jvoOcRGOqkmHTsY+flFSCCRDNrcMln0H8uHd0ISnIU65W3jg=="},"me":{"id":"212638446201:11@s.whatsapp.net","jid":"212638446201@s.whatsapp.net","lid":"190666969718969:11@lid","name":"Elbartouli"},"signalIdentities":[{"identifier":{"name":"212638446201:11@s.whatsapp.net","deviceId":0},"identifierKey":{"type":"Buffer","data":"BZir+IRNVeSEJD+v3KOYnl25nj2E8+WLNb/5/oY8s+5C"}}],"platform":"android","lastAccountSyncTimestamp":1724521278,"lastPropHash":"3RERmy","myAppStateKeyId":"AAAAAKKC"}