{"_sessions":{"BSKOoX5hUZ34p6lm/fhDznMGtSf2+LOoBvfN26nDyP0s":{"registrationId":897840259,"currentRatchet":{"ephemeralKeyPair":{"pubKey":"BQT8woATB2ikkDpyl76CFP7a9nRbMCww1Vi0AfgJQZ8X","privKey":"oAg3CAVR18gr4wtaVLlwymF0TPahH0po9DRFWLJXoGo="},"lastRemoteEphemeralKey":"BXESZLEpEHPKX4A/UoWn72f5HYlQhtB2I2eR9Fi9bjxj","previousCounter":0,"rootKey":"o7CFKpZf+eqOQydSP0RvQJS9EJ/mOwtr9lZw4wOBqTM="},"indexInfo":{"baseKey":"BSKOoX5hUZ34p6lm/fhDznMGtSf2+LOoBvfN26nDyP0s","baseKeyType":1,"closed":-1,"used":1724521408259,"created":1724521408259,"remoteIdentityKey":"BRXqo9cb+EburpOOOzM76Y52cUbeFS2rpLTHfzF7JltF"},"_chains":{"BQT8woATB2ikkDpyl76CFP7a9nRbMCww1Vi0AfgJQZ8X":{"chainKey":{"counter":0,"key":"N7L1vgY4bd1I75359VGyqpYvPGGp6WBh3eLOaOtojG4="},"chainType":1,"messageKeys":{}}},"pendingPreKey":{"signedKeyId":8363712,"baseKey":"BSKOoX5hUZ34p6lm/fhDznMGtSf2+LOoBvfN26nDyP0s","preKeyId":5877}}},"version":"v1"}