{"_sessions":{"BcTGZ4XG9c6uxdVKBjA3fXIpjUNOUt2VTlVO/mQmWE9y":{"registrationId":18,"currentRatchet":{"ephemeralKeyPair":{"pubKey":"BUJpq2Nq75Ba+Akcyf/ZCR3ogYZPrhFo3Q8dToPS4oM9","privKey":"eIPrXtKa6rJpilShixjH0ebP5Zt8cQvqOG3vxr3GjW0="},"lastRemoteEphemeralKey":"BV3/nIQ0FYgmlmIliqjUuJZvAAhjr3cfB8UhPL38Oh50","previousCounter":0,"rootKey":"CWPXn4afnOH656S5TQieiMVHmy2FjJk1QQwVEtYYMO8="},"indexInfo":{"baseKey":"BcTGZ4XG9c6uxdVKBjA3fXIpjUNOUt2VTlVO/mQmWE9y","baseKeyType":1,"closed":-1,"used":1724521408172,"created":1724521408172,"remoteIdentityKey":"BVHQ72HYNY8jfMay9n2V8aOdfXo5ji58WKzSq7XHRItv"},"_chains":{"BUJpq2Nq75Ba+Akcyf/ZCR3ogYZPrhFo3Q8dToPS4oM9":{"chainKey":{"counter":0,"key":"0qQNPuC3TDJlV0OaL4r2IdPb4IS9Owrd+VkGhNN+1qA="},"chainType":1,"messageKeys":{}}},"pendingPreKey":{"signedKeyId":1,"baseKey":"BcTGZ4XG9c6uxdVKBjA3fXIpjUNOUt2VTlVO/mQmWE9y"}}},"version":"v1"}