{"_sessions":{"BRuAanjtfpoAVT8gaen0NhoANEYGdiWShECt2pClKaEb":{"registrationId":157,"currentRatchet":{"ephemeralKeyPair":{"pubKey":"BYbCxuXheJwlks1wiIi3X/cTpbRtN41IuXCiXhI3PY13","privKey":"YFLlinM0da8IJRtPCD2ohzZxFELtMOP8txHrbiEGemM="},"lastRemoteEphemeralKey":"BTUVoNouxNYAtouPdgIoFKVHp1e4n2tl0UVCtotRUv9+","previousCounter":0,"rootKey":"Ed3Zk2b56Ub44NknP8Ws90cwma2gAsopameTO2MqQO4="},"indexInfo":{"baseKey":"BRuAanjtfpoAVT8gaen0NhoANEYGdiWShECt2pClKaEb","baseKeyType":1,"closed":-1,"used":1724521408200,"created":1724521408200,"remoteIdentityKey":"BW4Y2JKjqZGVd0WdRhVGf9Y2jepRbPfWzNJld3Ep2noZ"},"_chains":{"BYbCxuXheJwlks1wiIi3X/cTpbRtN41IuXCiXhI3PY13":{"chainKey":{"counter":0,"key":"QsMcKjg7Ozs5QVi2qbNbY2AWhVxPB9VBcgc23qX8nyk="},"chainType":1,"messageKeys":{}}},"pendingPreKey":{"signedKeyId":1,"baseKey":"BRuAanjtfpoAVT8gaen0NhoANEYGdiWShECt2pClKaEb"}}},"version":"v1"}