{"_sessions":{"BcTvIOWw5p+Y8p6s5o8zwdi/PljXSXE7Rs8RF+IslnEv":{"registrationId":393424713,"currentRatchet":{"ephemeralKeyPair":{"pubKey":"BfBp+5E4Ot3JTXPSgGtslao7JuPIi71OjkGcLAevEQ0P","privKey":"YD1gimIArOIIGS1mFbxqBDwW7L2LO3d1xPU3F+5RR1o="},"lastRemoteEphemeralKey":"BZ7BwHZT55o2l5iphge6JIZ5Hqq3mFpz07AmAzm2tJw2","previousCounter":0,"rootKey":"sjnu/uDS9WPhjX6zOfaZBrlmQtxqrX6CQQRJrF5GDDo="},"indexInfo":{"baseKey":"BcTvIOWw5p+Y8p6s5o8zwdi/PljXSXE7Rs8RF+IslnEv","baseKeyType":1,"closed":-1,"used":1724521408247,"created":1724521408247,"remoteIdentityKey":"BbagfOWPWJg8VTRCTwBXABwJ9LmHqeDElO4CUpMBT3I0"},"_chains":{"BfBp+5E4Ot3JTXPSgGtslao7JuPIi71OjkGcLAevEQ0P":{"chainKey":{"counter":0,"key":"fMJipLM7TykrlDA8ZvGktYX1TwIeK4/xoGBdwbDJoX0="},"chainType":1,"messageKeys":{}}},"pendingPreKey":{"signedKeyId":0,"baseKey":"BcTvIOWw5p+Y8p6s5o8zwdi/PljXSXE7Rs8RF+IslnEv","preKeyId":2216647}}},"version":"v1"}