{"_sessions":{"BaenCuD0mIB6tl74wr4eQCX3E2mnhLHXf5ScN9N6441I":{"registrationId":285369009,"currentRatchet":{"ephemeralKeyPair":{"pubKey":"Baxc+3o0K5KLVRZtZj+bom5i/WHTFZr90cIwRL69QDl2","privKey":"MLmDh0crPFwgeUZB3w5fbV7tAEsbaOhbw6xZ2kvRDW4="},"lastRemoteEphemeralKey":"BSn5LKnET097JqKKagg4jQp8/ZsSxy+LJleqFJzDNxkl","previousCounter":0,"rootKey":"di+eIyGvYu3lbUHPPzFLd3ZP+KBMu/DUTyO4MHqWSuM="},"indexInfo":{"baseKey":"BaenCuD0mIB6tl74wr4eQCX3E2mnhLHXf5ScN9N6441I","baseKeyType":1,"closed":-1,"used":1724521408250,"created":1724521408250,"remoteIdentityKey":"BePpwUxwttvwDEK+LKP3ZV8OXR++K02gIZGYD5fETqYd"},"_chains":{"Baxc+3o0K5KLVRZtZj+bom5i/WHTFZr90cIwRL69QDl2":{"chainKey":{"counter":0,"key":"/K6aJZ5spHHy19rSmGp8t6xS9pO2+JWiZRkJjO3pRJU="},"chainType":1,"messageKeys":{}}},"pendingPreKey":{"signedKeyId":4,"baseKey":"BaenCuD0mIB6tl74wr4eQCX3E2mnhLHXf5ScN9N6441I","preKeyId":15174787}}},"version":"v1"}