{"_sessions":{"BXZqoRT1B5gYpfbYwGldmSKDo9rFKnB/OD8uo2EFrshk":{"registrationId":18,"currentRatchet":{"ephemeralKeyPair":{"pubKey":"BSWV3fibgJGOA5Bmf4d2AcuHbLXCFQeZs+VXf0iKgZ4y","privKey":"IGzoOnXF22SnKGM30+2o7Mt/qRO+BFiKhazJsKV22Uc="},"lastRemoteEphemeralKey":"BRrBAGJqE3kv29g2jfy6uK8rffwhoL0XooBwm+NSZSVe","previousCounter":0,"rootKey":"HsUcwl3s7QZgjckEncH1Lp6HGCwJMCof/lhqaZK/l7k="},"indexInfo":{"baseKey":"BXZqoRT1B5gYpfbYwGldmSKDo9rFKnB/OD8uo2EFrshk","baseKeyType":1,"closed":-1,"used":1724521408169,"created":1724521408169,"remoteIdentityKey":"BRQwfj3wwKTqW1HDuPWPZ3zreHUCTJZ9Zs9muYjyawQT"},"_chains":{"BSWV3fibgJGOA5Bmf4d2AcuHbLXCFQeZs+VXf0iKgZ4y":{"chainKey":{"counter":0,"key":"D55SdhjcpZUkrMRAN9maaPMMRX014goyZ9Pa+G0Kqlw="},"chainType":1,"messageKeys":{}}},"pendingPreKey":{"signedKeyId":1,"baseKey":"BXZqoRT1B5gYpfbYwGldmSKDo9rFKnB/OD8uo2EFrshk"}}},"version":"v1"}