{"_sessions":{"BSaZqCpd6vDgaRrL2p10NwcF3bGP94xPGxr3Ut9Q8m5K":{"registrationId":1688854540,"currentRatchet":{"ephemeralKeyPair":{"pubKey":"BXQxT3ZP9pDLIykhSOzeHxMnJjSZ7ykVByTK9Hl04+gf","privKey":"IC6bYSAFSYcZF+trSonkuJVZ9vUgB0nUSQBRf+Om80U="},"lastRemoteEphemeralKey":"BdFKyQ0f82iHWZ46lZg9pR7GgQsnCgWjRyLV8E0kURdN","previousCounter":0,"rootKey":"pK3uxrc6mRaP46mTlwpeXyf0wiWEQMplZDBSscAhpuE="},"indexInfo":{"baseKey":"BSaZqCpd6vDgaRrL2p10NwcF3bGP94xPGxr3Ut9Q8m5K","baseKeyType":1,"closed":-1,"used":1724521408265,"created":1724521408265,"remoteIdentityKey":"BSFHdCI4+gskbdp2b1dnAHLVEqxqmIwKH0jsp4v5YisF"},"_chains":{"BXQxT3ZP9pDLIykhSOzeHxMnJjSZ7ykVByTK9Hl04+gf":{"chainKey":{"counter":0,"key":"4GTmqYRD0oQ2eMsSAJZzM7LIqhWCBX/jDVuBHocGgPk="},"chainType":1,"messageKeys":{}}},"pendingPreKey":{"signedKeyId":10,"baseKey":"BSaZqCpd6vDgaRrL2p10NwcF3bGP94xPGxr3Ut9Q8m5K","preKeyId":1180311}}},"version":"v1"}