{"_sessions":{"BUuK/l2XBzMA5RAtwepTLQRogeUi0cZUmxhhagFGrG8P":{"registrationId":23,"currentRatchet":{"ephemeralKeyPair":{"pubKey":"BXn0sgDQs4FyO4dgOAyxUVK1jYSiRc0/punBy56BCYw1","privKey":"6ISui3Wu+tVSm6efh0kR0vzg6557qJixFhhdG9wV1Xk="},"lastRemoteEphemeralKey":"BWNxn1hlGwopWd2IFWi8kNwbJsqt9QRrN67mbnEW3Ewh","previousCounter":0,"rootKey":"l2gJ3a4Gybtf2tQZT0dWXuCu/P3V4d1qCBNtKNaqgiw="},"indexInfo":{"baseKey":"BUuK/l2XBzMA5RAtwepTLQRogeUi0cZUmxhhagFGrG8P","baseKeyType":1,"closed":-1,"used":1724521408181,"created":1724521408181,"remoteIdentityKey":"BWpc5Iu3z4cAjEl8WTLuNuNfqnH7eT2RelzUjRwKCj0E"},"_chains":{"BXn0sgDQs4FyO4dgOAyxUVK1jYSiRc0/punBy56BCYw1":{"chainKey":{"counter":0,"key":"UOFD+yYPAAj4NEPf1nmkQBraQkQSrXG0cQpp34Xmias="},"chainType":1,"messageKeys":{}}},"pendingPreKey":{"signedKeyId":1,"baseKey":"BUuK/l2XBzMA5RAtwepTLQRogeUi0cZUmxhhagFGrG8P"}}},"version":"v1"}