{"_sessions":{"BcfcHu3c4gNCqbSDj5puSRvlmsmUs+aco4C7qSW/Z7RH":{"registrationId":299350440,"currentRatchet":{"ephemeralKeyPair":{"pubKey":"BfkGkVITkI/AP3HxY9272x1sWouaGNy6QV3Ljdsvr6hp","privKey":"EGVBtEpf16bEleXOLBUWE2HZQu4lFB2d6E2A59KPHVs="},"lastRemoteEphemeralKey":"BXHkfdPGd9jblkBhidKMDxfqy6sMqy2/bGT4GGg2iNd8","previousCounter":0,"rootKey":"1fhDOO5e8rVnE0sDb9BmApyXZqQ4HmwG/RvR/xrsNxw="},"indexInfo":{"baseKey":"BcfcHu3c4gNCqbSDj5puSRvlmsmUs+aco4C7qSW/Z7RH","baseKeyType":1,"closed":-1,"used":1724521408230,"created":1724521408230,"remoteIdentityKey":"BVNYaF4XVcdrQAPXWYT0q1N5el/PBADyl4t5xzlp88YW"},"_chains":{"BfkGkVITkI/AP3HxY9272x1sWouaGNy6QV3Ljdsvr6hp":{"chainKey":{"counter":0,"key":"94Os/HXhk0aH0QXpSOb3bU0DarTXH/+RIOh0Lw5TyOM="},"chainType":1,"messageKeys":{}}},"pendingPreKey":{"signedKeyId":2,"baseKey":"BcfcHu3c4gNCqbSDj5puSRvlmsmUs+aco4C7qSW/Z7RH","preKeyId":9568685}}},"version":"v1"}