{"_sessions":{"BWP+Aih7oytQYCFtnLl8TYvTuGr4hw6ChNmAHaeInYYq":{"registrationId":1497245465,"currentRatchet":{"ephemeralKeyPair":{"pubKey":"BVhxtb0/drw9F5TSLyvr6LCvMqOws5DrBy0ySEsOipsW","privKey":"qCbF+GtXJCO8/JwxuG0Z6glZ1x2ZegB1qD/hWe+8R20="},"lastRemoteEphemeralKey":"BX+7stEZoChcCyUsW4E0EGBwORuw4Tbb7dBSry70vZMq","previousCounter":0,"rootKey":"8r+Eze+P5CfrWRrnPxnWLr38QKmEVo+OH9FEPoUWrx8="},"indexInfo":{"baseKey":"BWP+Aih7oytQYCFtnLl8TYvTuGr4hw6ChNmAHaeInYYq","baseKeyType":2,"closed":-1,"used":1724521406623,"created":1724521406623,"remoteIdentityKey":"BWA244K1Uvnf5rfp/2/09y4njJ3fZsp4jp+zvft/jYxZ"},"_chains":{"BX+7stEZoChcCyUsW4E0EGBwORuw4Tbb7dBSry70vZMq":{"chainKey":{"counter":0,"key":"7moJbIGMFOaKdR5Ix06kuNgY5Sk4Sngp8/EhSl4kKi4="},"chainType":2,"messageKeys":{}},"BVhxtb0/drw9F5TSLyvr6LCvMqOws5DrBy0ySEsOipsW":{"chainKey":{"counter":0,"key":"XIPeh1dvC33+eREdHAexbrDvHPdNtp8RlHSgtfzZYbk="},"chainType":1,"messageKeys":{}}}}},"version":"v1"}