{"_sessions":{"Bd/RgckxfYa0hjS+6O7BLa2lagVvs3D7cOV4H0h5dT8d":{"registrationId":207,"currentRatchet":{"ephemeralKeyPair":{"pubKey":"Bfbwroo3yFX8kakpmyHu9gxJ/cGN00U6J2xEauc+2joA","privKey":"8OlE53vcCwbgdxkl192JcguC7HSB7OmuqaEckeYer0M="},"lastRemoteEphemeralKey":"BZmF9ZzaPYEe3O959TExdRhTLGNqrJ/VcpSyFJQd7DtM","previousCounter":0,"rootKey":"Xdo+HjoxEmAECob8F5gQBMZEOeOnK/XNTcmP3xwhapg="},"indexInfo":{"baseKey":"Bd/RgckxfYa0hjS+6O7BLa2lagVvs3D7cOV4H0h5dT8d","baseKeyType":1,"closed":-1,"used":1724521417236,"created":1724521408215,"remoteIdentityKey":"BdJLkRC66PwfvYeVMPXkf7lYLEZXRg3LsQUorhSaA9hs"},"_chains":{"BZmF9ZzaPYEe3O959TExdRhTLGNqrJ/VcpSyFJQd7DtM":{"chainKey":{"counter":1,"key":"EQURx2qvpC9cbqGpq9f8S6AMM+CpsOIKCnJznmTadK0="},"chainType":2,"messageKeys":{}},"Bfbwroo3yFX8kakpmyHu9gxJ/cGN00U6J2xEauc+2joA":{"chainKey":{"counter":-1,"key":"72djCJGv0d6W0AxqMjz0KDDsIg52vhsZGSme0FSTT0s="},"chainType":1,"messageKeys":{}}}}},"version":"v1"}