{"_sessions":{"BdB0+Pof8Ue3HjDXtcR+EYr1oLmKw4itsfx9+byHGLoP":{"registrationId":5906,"currentRatchet":{"ephemeralKeyPair":{"pubKey":"BY47NH6wA15vooSPasCx1RYhMfFIplzR99CyWhxveioT","privKey":"IHq54ktjark4abNkhiVHLuzYm+tcHYEbGTfoytndjlM="},"lastRemoteEphemeralKey":"BR+S3SmzPBE0gE011wHbaUl8+Qej/J9rH/63zwqrJrBR","previousCounter":0,"rootKey":"/KTTHlyFoikgrHad41q63g2FSgzrJhTBZCUOhMVOxvs="},"indexInfo":{"baseKey":"BdB0+Pof8Ue3HjDXtcR+EYr1oLmKw4itsfx9+byHGLoP","baseKeyType":1,"closed":-1,"used":1724521408218,"created":1724521408218,"remoteIdentityKey":"BQ+qw74EHSyjr8HHR+9Twl4wmChwFaaOrZK9zlidVmsi"},"_chains":{"BY47NH6wA15vooSPasCx1RYhMfFIplzR99CyWhxveioT":{"chainKey":{"counter":0,"key":"iwCPwX90YmB/QHGJaxV90CaK25OYFInOSVEWUk4KRo4="},"chainType":1,"messageKeys":{}}},"pendingPreKey":{"signedKeyId":1,"baseKey":"BdB0+Pof8Ue3HjDXtcR+EYr1oLmKw4itsfx9+byHGLoP","preKeyId":847}}},"version":"v1"}