{"_sessions":{"BSgjjSZ+KXxM4VLE0WCbx3DJueXU13PX2WZ8DKn9Nf8M":{"registrationId":952478537,"currentRatchet":{"ephemeralKeyPair":{"pubKey":"BZkoRJ7Uh7CNqmeogpDW5vIKqNFBPsmYKgYEoAjBQkVm","privKey":"MEgZQOdb+nf2CmlQVM8PTtpAJ8yxyjMrB6hLFyVPUVs="},"lastRemoteEphemeralKey":"Bbgt/L3wrNxz3sdnB6w7pUtHQ9687/6XaFk+lc9nH6sn","previousCounter":0,"rootKey":"v34TZKDI61DrAaIEW4uVfRuuzyrLIqLY5hlAH08pygM="},"indexInfo":{"baseKey":"BSgjjSZ+KXxM4VLE0WCbx3DJueXU13PX2WZ8DKn9Nf8M","baseKeyType":1,"closed":-1,"used":1724521408283,"created":1724521408283,"remoteIdentityKey":"BTr6+2FqqqphIGV06eFJpV0fMo2hPH8CbLE3Mc5C6UBD"},"_chains":{"BZkoRJ7Uh7CNqmeogpDW5vIKqNFBPsmYKgYEoAjBQkVm":{"chainKey":{"counter":0,"key":"/VmlHgQfzLQadMmJftvd3SJbm/jMLLLKik2r3CFtbi8="},"chainType":1,"messageKeys":{}}},"pendingPreKey":{"signedKeyId":3,"baseKey":"BSgjjSZ+KXxM4VLE0WCbx3DJueXU13PX2WZ8DKn9Nf8M","preKeyId":5230053}}},"version":"v1"}