{"_sessions":{"BeDhnkqSvU6ppDrJEXutMHslo9o0X6mut4xsEbNtLHV8":{"registrationId":1042945364,"currentRatchet":{"ephemeralKeyPair":{"pubKey":"BS/ApTL3xF9r5kkAir5P7WOoq4sBGX/kpjmbVXYogypF","privKey":"UMufFJKCwJKI7QlN7akeejPSBTcgji/oVgIi8pbWd1c="},"lastRemoteEphemeralKey":"Bc3RLg1sc2UNq5Q0iY6aZk9Gw2H0ngUBR4v7wHyCzu93","previousCounter":0,"rootKey":"sx7fhBmFQfNZJ7tEAuigKWgn/5iNC9oV+fXQ/p5U/s0="},"indexInfo":{"baseKey":"BeDhnkqSvU6ppDrJEXutMHslo9o0X6mut4xsEbNtLHV8","baseKeyType":1,"closed":-1,"used":1724521408318,"created":1724521408318,"remoteIdentityKey":"BT8nsv2YjphM05Wx7MZw1YcFpi6FadQhj7N+tKGhxv8c"},"_chains":{"BS/ApTL3xF9r5kkAir5P7WOoq4sBGX/kpjmbVXYogypF":{"chainKey":{"counter":0,"key":"d3DX98Qa1XyVl0dfrj7WwM1cqJYerzY7cBlweHTyOoE="},"chainType":1,"messageKeys":{}}},"pendingPreKey":{"signedKeyId":0,"baseKey":"BeDhnkqSvU6ppDrJEXutMHslo9o0X6mut4xsEbNtLHV8","preKeyId":3945996}}},"version":"v1"}