{"_sessions":{"BVmIBnE07o9mnR04DilEZ8cpvSi9KzQt1UISAak5dSRq":{"registrationId":151428909,"currentRatchet":{"ephemeralKeyPair":{"pubKey":"BZY0FbD+pmdszzokGcfjcl1+qvSXvWzNds4pLgOE2+xF","privKey":"kIzsCqWIAlipksMYvqLPp/SC/XCrMjoc2lIOVQm2pkU="},"lastRemoteEphemeralKey":"BX7YQlaBwUrXHljRMT4uL4ZUyJPlMBkq+NbW/UDftOEi","previousCounter":0,"rootKey":"A/8jJTebo0C+1l5vIhFbsWnoeohDeL9meKdScAe1Zg4="},"indexInfo":{"baseKey":"BVmIBnE07o9mnR04DilEZ8cpvSi9KzQt1UISAak5dSRq","baseKeyType":1,"closed":-1,"used":1724521408303,"created":1724521408303,"remoteIdentityKey":"BfemCQiVEVlWTi+963QD6C57ZgQgFnfTps4DpXWvT3ct"},"_chains":{"BZY0FbD+pmdszzokGcfjcl1+qvSXvWzNds4pLgOE2+xF":{"chainKey":{"counter":0,"key":"AKHRdFjK0Uau81d8Uu5IG6H66VUFdjxpkE7sYPBkEzw="},"chainType":1,"messageKeys":{}}},"pendingPreKey":{"signedKeyId":3,"baseKey":"BVmIBnE07o9mnR04DilEZ8cpvSi9KzQt1UISAak5dSRq","preKeyId":4172213}}},"version":"v1"}