{"_sessions":{"BdTz9nedR4X/5EuKiFbEClkNM7KyBZmgZXI5emyeeBVc":{"registrationId":72,"currentRatchet":{"ephemeralKeyPair":{"pubKey":"BcttF+O8co3009koYmSjuWPw6TH3a+2k2sBU9Nv+B+FJ","privKey":"MArPArbouSXMU7mSKG2sZj4OePnvEjT8416JdkN0jEY="},"lastRemoteEphemeralKey":"BTUnyAlR/Vh5zVmERTgmWh1U3dynY8iYhMcATlFVnKAF","previousCounter":0,"rootKey":"bPdb3xcty91L0uCPGAT5OmvYXZHDh4s9Pg60MTsCjsQ="},"indexInfo":{"baseKey":"BdTz9nedR4X/5EuKiFbEClkNM7KyBZmgZXI5emyeeBVc","baseKeyType":1,"closed":-1,"used":1724521408177,"created":1724521408177,"remoteIdentityKey":"BXHgzyCVcCAFxlOMaQ/MAhcaDp3N1sb8t27haDT2ld4U"},"_chains":{"BcttF+O8co3009koYmSjuWPw6TH3a+2k2sBU9Nv+B+FJ":{"chainKey":{"counter":0,"key":"Tby77SIec1O19LQgQvmH5CFhwpXTSNmpM96WVPImOxc="},"chainType":1,"messageKeys":{}}},"pendingPreKey":{"signedKeyId":1,"baseKey":"BdTz9nedR4X/5EuKiFbEClkNM7KyBZmgZXI5emyeeBVc"}}},"version":"v1"}