{"_sessions":{"BQbfn3TeHYeUu8mslZ/1ixmzfQpDalZyfWYxa1K/a6Ie":{"registrationId":184,"currentRatchet":{"ephemeralKeyPair":{"pubKey":"BbRC2cZOs6KUc0IFq9ohuAkzN72wxHnQ9eg3s1z22OkY","privKey":"KGHQ7iqjCxaMTDOy/wn6kjqVlTc7JyiYbttuNceb6Wc="},"lastRemoteEphemeralKey":"BeksAW7AtDaSYy/DoEIvJ/ITPez6nXRvE9UDlPAo1lwq","previousCounter":0,"rootKey":"dCl+T8kpoU1LfxCJXvjXrXtIgrsUO4VVOT7rYl805vw="},"indexInfo":{"baseKey":"BQbfn3TeHYeUu8mslZ/1ixmzfQpDalZyfWYxa1K/a6Ie","baseKeyType":1,"closed":-1,"used":1724521408192,"created":1724521408192,"remoteIdentityKey":"BYupiFRBFwZmssrGtqDFEkkPfWNRcp5edV1le7sKeV9u"},"_chains":{"BbRC2cZOs6KUc0IFq9ohuAkzN72wxHnQ9eg3s1z22OkY":{"chainKey":{"counter":0,"key":"yMbufn6b+oBl9CbkOdpmQ6ooPa+R59CvO/E3A8WWsCo="},"chainType":1,"messageKeys":{}}},"pendingPreKey":{"signedKeyId":1,"baseKey":"BQbfn3TeHYeUu8mslZ/1ixmzfQpDalZyfWYxa1K/a6Ie"}}},"version":"v1"}