{"_sessions":{"Be76LXF9t/onhvCw6KffEvh9QycXFCz0MO1NSO4QXLwE":{"registrationId":787922702,"currentRatchet":{"ephemeralKeyPair":{"pubKey":"BY5yzGH6hma+8JNM+uqcU+O11BW/G1LYpXBr/Uh3uQo5","privKey":"aFouXJj0iILSTS6eV8YiuVqHAsP0/pEnvdy06nWECU0="},"lastRemoteEphemeralKey":"BW9D6xaTwJWXuOh+9wwgIoKc6BCAZ/MceaEbAEyFBbwM","previousCounter":0,"rootKey":"u71I2e5kSY2nGMqEjLHDU2Gc6zTVy3ttPqrwllni0xo="},"indexInfo":{"baseKey":"Be76LXF9t/onhvCw6KffEvh9QycXFCz0MO1NSO4QXLwE","baseKeyType":1,"closed":-1,"used":1724521408335,"created":1724521408335,"remoteIdentityKey":"BRLkSUq1BkqT7VJe7QECdEQ7VCMyRR2hf61zwiyXbXBA"},"_chains":{"BY5yzGH6hma+8JNM+uqcU+O11BW/G1LYpXBr/Uh3uQo5":{"chainKey":{"counter":0,"key":"2A7YG/pyVBjK752UIpaYYt/TFc58uB1sxvK3Bk3kR90="},"chainType":1,"messageKeys":{}}},"pendingPreKey":{"signedKeyId":3,"baseKey":"Be76LXF9t/onhvCw6KffEvh9QycXFCz0MO1NSO4QXLwE","preKeyId":13256675}}},"version":"v1"}