{"_sessions":{"Bak+wG/oQGo4pHZM459oICCBipFnfe3vCX3rZUmx2NFw":{"registrationId":450457280,"currentRatchet":{"ephemeralKeyPair":{"pubKey":"BVLBv/vxPOEkrC445cuZ3+QIM0Vw09nL25W+kg9pYdRN","privKey":"0EP2sWpwSOJuqmjVpxL5JfnrfcZqSzoTBsaLPdNFtV4="},"lastRemoteEphemeralKey":"BYLLvwqBSifo0tZ9Dr4cQNn+loNNepjFJlI66AyMlM1A","previousCounter":0,"rootKey":"XRo5IR1n8BZQklx38wpdcwMrRVNsvLk2L9D/zqayVg0="},"indexInfo":{"baseKey":"Bak+wG/oQGo4pHZM459oICCBipFnfe3vCX3rZUmx2NFw","baseKeyType":1,"closed":-1,"used":1724521408159,"created":1724521408159,"remoteIdentityKey":"Beg6+ysr+ixctwYim5ehNZKmU1xxuLG41KT+v7fsHFZY"},"_chains":{"BVLBv/vxPOEkrC445cuZ3+QIM0Vw09nL25W+kg9pYdRN":{"chainKey":{"counter":0,"key":"GWIVkLWZy+eyojCRK6hKrqbgF9rydMiZYjPr7ocNge8="},"chainType":1,"messageKeys":{}}},"pendingPreKey":{"signedKeyId":1,"baseKey":"Bak+wG/oQGo4pHZM459oICCBipFnfe3vCX3rZUmx2NFw","preKeyId":6056131}}},"version":"v1"}