{"_sessions":{"BZARDxeHo4TZQcaAKdAUGpVC8j0/o/mRnukSAS4/HAhQ":{"registrationId":1054995713,"currentRatchet":{"ephemeralKeyPair":{"pubKey":"BaUCiwBg3a17ewgy+BbSlffdxPFg4XbkjmFDGftBN+Ya","privKey":"0MYA58yw8RE5TFFP1cjZInPh5a0POxJjEa2f19LuP18="},"lastRemoteEphemeralKey":"BVQqj4QO+Sos9YSiIXcEYfQ78ODZCinHfmhyuOaHZ8ll","previousCounter":0,"rootKey":"x7mLLjnxDgQTz5T0kbtEAuBnnt4pSK5bcqIYUchlu9E="},"indexInfo":{"baseKey":"BZARDxeHo4TZQcaAKdAUGpVC8j0/o/mRnukSAS4/HAhQ","baseKeyType":1,"closed":-1,"used":1724521408292,"created":1724521408292,"remoteIdentityKey":"BWnHjSqcdINWTMdLztVW4bzSsiaNzdEbMasVL6Y0CS1g"},"_chains":{"BaUCiwBg3a17ewgy+BbSlffdxPFg4XbkjmFDGftBN+Ya":{"chainKey":{"counter":0,"key":"sUdewglxQkdrTYDfG89DjGRi8Brui8DKgdwPzjsV9Ig="},"chainType":1,"messageKeys":{}}},"pendingPreKey":{"signedKeyId":6,"baseKey":"BZARDxeHo4TZQcaAKdAUGpVC8j0/o/mRnukSAS4/HAhQ","preKeyId":12969191}}},"version":"v1"}