{"_sessions":{"BUPHFZ0LKi8ARPlNbBMEgilY8EEFljORlOWDrN/ZyklQ":{"registrationId":688591408,"currentRatchet":{"ephemeralKeyPair":{"pubKey":"BWL59D5RJno9XS+Kwst0aTesjlB9RkLrxN6K2eJrFSgf","privKey":"GCWLxMRInPnnBCtomqSAqrK4YGmUAsmusai1fmEUjFA="},"lastRemoteEphemeralKey":"Be0S636Dv4jADAe8kaFW9ckTtlngcZvhjq3SpHYpg840","previousCounter":0,"rootKey":"bx4gBaqPysWUDNrn3QgBF4CTv1p0DZj+DvfqwpvxZAc="},"indexInfo":{"baseKey":"BUPHFZ0LKi8ARPlNbBMEgilY8EEFljORlOWDrN/ZyklQ","baseKeyType":1,"closed":-1,"used":1724521408309,"created":1724521408309,"remoteIdentityKey":"BZ3sVMH1POh71t5NmPsnC2BmjvGIbT/pX4OHoXCBQ7Ux"},"_chains":{"BWL59D5RJno9XS+Kwst0aTesjlB9RkLrxN6K2eJrFSgf":{"chainKey":{"counter":0,"key":"Hpm9ipjunHE3/s0tH5azPClGthYD1sYZMloXbD1gwr4="},"chainType":1,"messageKeys":{}}},"pendingPreKey":{"signedKeyId":3,"baseKey":"BUPHFZ0LKi8ARPlNbBMEgilY8EEFljORlOWDrN/ZyklQ","preKeyId":13727427}}},"version":"v1"}