{"_sessions":{"BeK5bw7SP6M+d+BlW5+alRfakOb2RsvTBUtb2B597i9W":{"registrationId":1714455394,"currentRatchet":{"ephemeralKeyPair":{"pubKey":"BbdeN9fTfucekzh5yfUzbmN0BIbGljteQ+GP74dOFDxo","privKey":"mCDoz7yekHp4N7SpYmmQbaj8bUF0FW4q8MPp8PO7324="},"lastRemoteEphemeralKey":"Bc/HFT1F/2DGtRWOwpCulTsxV9jFCXfp7Wt0YWjDOiMu","previousCounter":0,"rootKey":"mRpsvRKTui7CNLXAXtxNUcpvxSbAhtOtQ5OYLjCwb8E="},"indexInfo":{"baseKey":"BeK5bw7SP6M+d+BlW5+alRfakOb2RsvTBUtb2B597i9W","baseKeyType":1,"closed":-1,"used":1724521408306,"created":1724521408306,"remoteIdentityKey":"BWai0qpeo8Bh5i1+dTcg8BXVM86vGI+jPzcKIuF2ojU6"},"_chains":{"BbdeN9fTfucekzh5yfUzbmN0BIbGljteQ+GP74dOFDxo":{"chainKey":{"counter":0,"key":"m29H/ZHyOLj9cohS1DcKASfpjVXXXdg/5D/zwQ3+R6w="},"chainType":1,"messageKeys":{}}},"pendingPreKey":{"signedKeyId":2,"baseKey":"BeK5bw7SP6M+d+BlW5+alRfakOb2RsvTBUtb2B597i9W","preKeyId":3194521}}},"version":"v1"}