{"_sessions":{"Bc+rV8gquONPXL2LtsH1mqB08KGnU38QwXmBlbr/4Nsa":{"registrationId":848438480,"currentRatchet":{"ephemeralKeyPair":{"pubKey":"BQFsku7W5jbhyiFu5YYdu5EdtR6mXg7hN4LpUXuHJXpQ","privKey":"KG5avj4z+wDEuE4JN4uYnfA6LBc6fxjdtc1GWfwnnFs="},"lastRemoteEphemeralKey":"BXCuggixRa/FH3Yz3CHGEbv44tjGne4SAstzIcmqhetD","previousCounter":0,"rootKey":"fsxxyNzC0G0Qep6QcW1Tz38rQQ9IgEoYEjmwLBxKcjE="},"indexInfo":{"baseKey":"Bc+rV8gquONPXL2LtsH1mqB08KGnU38QwXmBlbr/4Nsa","baseKeyType":1,"closed":-1,"used":1724521431399,"created":1724521408268,"remoteIdentityKey":"BRucRRIbU73I9pJpjuFS+4PsdhNPupJmASmwCqGWG9hT"},"_chains":{"BXCuggixRa/FH3Yz3CHGEbv44tjGne4SAstzIcmqhetD":{"chainKey":{"counter":0,"key":"ZQoF/sSOcUPA2Vnj7FGKPschpmXgSEbnBov4E/wlHT8="},"chainType":2,"messageKeys":{}},"BQFsku7W5jbhyiFu5YYdu5EdtR6mXg7hN4LpUXuHJXpQ":{"chainKey":{"counter":-1,"key":"Y/nDn4hzEriI8Cwt5A7Q2SnZXnLtC3Lk1f858/zvb40="},"chainType":1,"messageKeys":{}}}}},"version":"v1"}