{"_sessions":{"BZG9tzNuJp/UFOq4zbINHAQcQPmLI0vaNQ4gycAEazhg":{"registrationId":108,"currentRatchet":{"ephemeralKeyPair":{"pubKey":"BSENv6jWB6g/xZoHJopcZYsu0iktczPFvE+zMIwThEog","privKey":"QGbWWg0KaLYUNA/SOVwYERor+wGhk3xfxTmdB4e1bm4="},"lastRemoteEphemeralKey":"BYYQNGu72jelPrEKb0p+CuEALSwcjX0Q8buFL1ljk78V","previousCounter":0,"rootKey":"jIoT9FO0PMY4PxluNeLYvH/AgVWKaz2Y4MGpQMYiN0w="},"indexInfo":{"baseKey":"BZG9tzNuJp/UFOq4zbINHAQcQPmLI0vaNQ4gycAEazhg","baseKeyType":1,"closed":-1,"used":1724521408210,"created":1724521408210,"remoteIdentityKey":"BYF4M3LKiSjuSDwpr8ldTSNtIk4nugwJQYzxmWPDLQcY"},"_chains":{"BSENv6jWB6g/xZoHJopcZYsu0iktczPFvE+zMIwThEog":{"chainKey":{"counter":0,"key":"3YDGEyQX3VhsqVikO4ZlteMBJkelTN+CttcRxtyZ9qI="},"chainType":1,"messageKeys":{}}},"pendingPreKey":{"signedKeyId":1,"baseKey":"BZG9tzNuJp/UFOq4zbINHAQcQPmLI0vaNQ4gycAEazhg","preKeyId":236}}},"version":"v1"}