{"_sessions":{"BeRgZiGqewSyMmtTNAKtHbxxfSfqzBcJbNh0uQYQ8f9D":{"registrationId":151402528,"currentRatchet":{"ephemeralKeyPair":{"pubKey":"BR0pBQhU/7VAqhbKCwQvZ89j2cY9XjfmCcYpOQMTkqgj","privKey":"cL4UtgeG55sJvtEaKOVbj6Yy816kEpBd97rNc+Edw0o="},"lastRemoteEphemeralKey":"BTZc/N8QgK8Zr+Gma11CbN92a2YZG1ho+Dh0s12Mlp9K","previousCounter":0,"rootKey":"pg9i1k97FC3GWnafTXGVWU+8No/7cTme5RS34EWI/cU="},"indexInfo":{"baseKey":"BeRgZiGqewSyMmtTNAKtHbxxfSfqzBcJbNh0uQYQ8f9D","baseKeyType":1,"closed":-1,"used":1724521408297,"created":1724521408297,"remoteIdentityKey":"BVid9pd6mDpblFfZ0OOAaDMldYvCr0JKwrThFog0DKMe"},"_chains":{"BR0pBQhU/7VAqhbKCwQvZ89j2cY9XjfmCcYpOQMTkqgj":{"chainKey":{"counter":0,"key":"QCYow32rl0tUVuqvREcsa+aMcdGip2QVRgSLMMociKo="},"chainType":1,"messageKeys":{}}},"pendingPreKey":{"signedKeyId":1,"baseKey":"BeRgZiGqewSyMmtTNAKtHbxxfSfqzBcJbNh0uQYQ8f9D"}}},"version":"v1"}