{"_sessions":{"BW0OQXrJLqPfZL/dFBbct58JaL+I6b0l/V+ZPCQmx7Yp":{"registrationId":65232351,"currentRatchet":{"ephemeralKeyPair":{"pubKey":"BcWdcxnRwAJprbanSnMhytacTPrn4sZV2DGF1FsqMVpU","privKey":"AI+whpxC2mtcCPgiJnUKEUKhJO5FU0rJH9dI18hRpl0="},"lastRemoteEphemeralKey":"BbTACMJiBSsLrp3zki/qaFdzOAOHHpJQMAJcr3jdINRn","previousCounter":0,"rootKey":"7sREv03TGs1ienzGVzLbGAaTG3tLo4O04oCgPEZixjQ="},"indexInfo":{"baseKey":"BW0OQXrJLqPfZL/dFBbct58JaL+I6b0l/V+ZPCQmx7Yp","baseKeyType":1,"closed":-1,"used":1724521408253,"created":1724521408253,"remoteIdentityKey":"BbPiSKT1dbJUtBtb1p5InEMI6a96kH5azsvHtI07tBsz"},"_chains":{"BcWdcxnRwAJprbanSnMhytacTPrn4sZV2DGF1FsqMVpU":{"chainKey":{"counter":0,"key":"INdhDDvBWdES1I7wlXo6K4IzszxhVrMEFGCKvFXH7Hs="},"chainType":1,"messageKeys":{}}},"pendingPreKey":{"signedKeyId":2,"baseKey":"BW0OQXrJLqPfZL/dFBbct58JaL+I6b0l/V+ZPCQmx7Yp","preKeyId":13108935}}},"version":"v1"}