{"_sessions":{"BUotHrW8SBA8AGUgqnntbqLfl8Fw+SmfqgCbXcdqlaYg":{"registrationId":1102316256,"currentRatchet":{"ephemeralKeyPair":{"pubKey":"BbbaPAoHSZImz5XXbTOOLD+0uSxisyArGqqSU+RU+4wT","privKey":"ACv7kaDvW5iDizxHssbdYZ0IOg/DAIh40vmHwD9twU0="},"lastRemoteEphemeralKey":"BSgLrbYeVYvdiKXuKdasQqIgKuLxSuxfvPDrkThB7Xdp","previousCounter":0,"rootKey":"j34wa5prb8V3FeqbaM+grfou7/Fl7GC0zwa7G7aStw0="},"indexInfo":{"baseKey":"BUotHrW8SBA8AGUgqnntbqLfl8Fw+SmfqgCbXcdqlaYg","baseKeyType":2,"closed":-1,"used":1724521343260,"created":1724521343260,"remoteIdentityKey":"BXhyvRHbIiF4MDcCNSF+IM080Az8Uk+E+EDkRv/Vgf4l"},"_chains":{"BSgLrbYeVYvdiKXuKdasQqIgKuLxSuxfvPDrkThB7Xdp":{"chainKey":{"counter":0,"key":"m8O53AcAWfAfQ/neInZDOSpicctqD8g53f5qmfBHn0Q="},"chainType":2,"messageKeys":{}},"BbbaPAoHSZImz5XXbTOOLD+0uSxisyArGqqSU+RU+4wT":{"chainKey":{"counter":-1,"key":"S9aJWjatNE25HSJGe+H0I/wmvj590ajo5EOuOttnZDI="},"chainType":1,"messageKeys":{}}}}},"version":"v1"}