{"_sessions":{"BfJoifq/acw8T7UYj/3DpRpdTS5WZlx2Ff7nftHay/5r":{"registrationId":830335285,"currentRatchet":{"ephemeralKeyPair":{"pubKey":"BZTl/+GoVYOVax3JtJnbiBU0+BDGX/db6v5SMudCTFYQ","privKey":"gOIdwg9O6bvHxVk5kVlmMA/u/A8x20Z7Uo8li/AW+GU="},"lastRemoteEphemeralKey":"Bf4E2VFZW/77Zgn93tVF71myZl8oQOsa3ZuYcjR8ltlU","previousCounter":0,"rootKey":"ZsXtIRb3fKYcIGNntsoBpTkNOTjsv973OujfRtH6wUY="},"indexInfo":{"baseKey":"BfJoifq/acw8T7UYj/3DpRpdTS5WZlx2Ff7nftHay/5r","baseKeyType":1,"closed":-1,"used":1724521408321,"created":1724521408321,"remoteIdentityKey":"Bb1Vc2wLwN55S3SGXEo70MV+MTR/LCB8Fpfwb4HSjaFT"},"_chains":{"BZTl/+GoVYOVax3JtJnbiBU0+BDGX/db6v5SMudCTFYQ":{"chainKey":{"counter":0,"key":"iWGb0mUauRyOF7Xjb5utUE5SPhNQtE5sPspbQ2piGKE="},"chainType":1,"messageKeys":{}}},"pendingPreKey":{"signedKeyId":22,"baseKey":"BfJoifq/acw8T7UYj/3DpRpdTS5WZlx2Ff7nftHay/5r","preKeyId":16127450}}},"version":"v1"}