{"_sessions":{"BRmH5maq9gnHEqQMGiex8vJNr0wpGSIr9cVVgDOEXyAg":{"registrationId":511986292,"currentRatchet":{"ephemeralKeyPair":{"pubKey":"BS/W//qdLPHs8UqrUqPaIeHiLh1DWnraCKwsq+4ou8cp","privKey":"GANFaF+PwV8miGU8PMIjDxj3mNOABoe24X4r1yl7XHo="},"lastRemoteEphemeralKey":"BYEHPUpiR+getc1jaGwXAbK4eJThYve4t/vgEOGOOW5X","previousCounter":0,"rootKey":"Oh+zWmq6us5fj6ZP0Cio9YGDRYCFzSQMVKNxumoo1Jo="},"indexInfo":{"baseKey":"BRmH5maq9gnHEqQMGiex8vJNr0wpGSIr9cVVgDOEXyAg","baseKeyType":1,"closed":-1,"used":1724521408221,"created":1724521408221,"remoteIdentityKey":"BdeFDZlYxLOAHt6Mc/tk+z+aPyWDZESdxHzPZS6yAI5M"},"_chains":{"BS/W//qdLPHs8UqrUqPaIeHiLh1DWnraCKwsq+4ou8cp":{"chainKey":{"counter":0,"key":"5i7MZgB4O/2Ap8iQs3zmn6SIMDjxy33veCySNxIvfvI="},"chainType":1,"messageKeys":{}}},"pendingPreKey":{"signedKeyId":9,"baseKey":"BRmH5maq9gnHEqQMGiex8vJNr0wpGSIr9cVVgDOEXyAg","preKeyId":11828818}}},"version":"v1"}