{"_sessions":{"BXM5OBt8IooVUXtLnA6CKxAuk6xUK634IEp5XWdxrvZw":{"registrationId":32,"currentRatchet":{"ephemeralKeyPair":{"pubKey":"BfMEU7t677WTc3bTdSZ8eC3cFIIhBWpYCn7bntNeAfxr","privKey":"AMNCovk/md53VJZTo0hwa/NuljO6vjWQilXww9MFcWY="},"lastRemoteEphemeralKey":"BfyI8azyhM8XbW0Q+nDjuHMzNd5OTK+mXYQVTjnTgCxd","previousCounter":0,"rootKey":"C8T27gYn3wm5WK1dRi/QxhGmFyjtCZR4zhZyw2UTe2I="},"indexInfo":{"baseKey":"BXM5OBt8IooVUXtLnA6CKxAuk6xUK634IEp5XWdxrvZw","baseKeyType":1,"closed":-1,"used":1724521408179,"created":1724521408179,"remoteIdentityKey":"BfkMROxhobvqs4WZBKu4l2ShFI1GNXkeLg0QlC9kcTp/"},"_chains":{"BfMEU7t677WTc3bTdSZ8eC3cFIIhBWpYCn7bntNeAfxr":{"chainKey":{"counter":0,"key":"iH7T+g5uHSekBv9QtCLk2LcjRrbe4tl1wzH9T1tRVTU="},"chainType":1,"messageKeys":{}}},"pendingPreKey":{"signedKeyId":1,"baseKey":"BXM5OBt8IooVUXtLnA6CKxAuk6xUK634IEp5XWdxrvZw"}}},"version":"v1"}