{"_sessions":{"Bb+LFkIECilUW/cKYsDuWrYtFXAZj5A+pAiYlJGigxAs":{"registrationId":1842293020,"currentRatchet":{"ephemeralKeyPair":{"pubKey":"BSUMzPpOP9h0WvBQ16G5G7jukNs12fmbBSAHgQEYHZZ6","privKey":"yGVvJY7w9pZgurXoVUsgWhtlZU/XRdRtn+/5VH76B0g="},"lastRemoteEphemeralKey":"BQ75g91oPs0kAnrcAF1iekqUw0fJE69raNHMj+IKTvAu","previousCounter":0,"rootKey":"MKGF7oRv+PgO3oP7d8SlPJep2uNXMAXFE1scdxjfXt0="},"indexInfo":{"baseKey":"Bb+LFkIECilUW/cKYsDuWrYtFXAZj5A+pAiYlJGigxAs","baseKeyType":1,"closed":-1,"used":1724521408241,"created":1724521408241,"remoteIdentityKey":"BfUWgWxdJx7VxCPA90MzoY+X4jZrCYru17X3QtgRDRxi"},"_chains":{"BSUMzPpOP9h0WvBQ16G5G7jukNs12fmbBSAHgQEYHZZ6":{"chainKey":{"counter":0,"key":"pRky/XfFShsVyVPxkwuIHld8LmYiPXi6w3lQ0kfqtbA="},"chainType":1,"messageKeys":{}}},"pendingPreKey":{"signedKeyId":0,"baseKey":"Bb+LFkIECilUW/cKYsDuWrYtFXAZj5A+pAiYlJGigxAs","preKeyId":472138}}},"version":"v1"}