{"_sessions":{"BZYDNWdqgkiE5g6Ez6syO7YxgIyTUwpEmBuD+f9N99cY":{"registrationId":205838721,"currentRatchet":{"ephemeralKeyPair":{"pubKey":"Ba3eZcdIeXlBW1YB7/yZBVS2WsYIm+LmmXlB4Tw7vGAe","privKey":"OGWtldzSJxP9RI6zo92K+pla1AELRPpxR8gSGFSWS3w="},"lastRemoteEphemeralKey":"BTFH7OiOamyKq5T1O6dQTDmkm1USznLx6NY0bIUWvytt","previousCounter":0,"rootKey":"CaOQjmytGdOIxJKMf+2ckHbmrxm8pA6pRnsc3k8WXk4="},"indexInfo":{"baseKey":"BZYDNWdqgkiE5g6Ez6syO7YxgIyTUwpEmBuD+f9N99cY","baseKeyType":1,"closed":-1,"used":1724521408271,"created":1724521408271,"remoteIdentityKey":"Bf+AnuhMJbiNnzgDF06W+eE7dE576wLdAL+EY61pYJAd"},"_chains":{"Ba3eZcdIeXlBW1YB7/yZBVS2WsYIm+LmmXlB4Tw7vGAe":{"chainKey":{"counter":0,"key":"jamCydFbAXMS0p9FnHo1SP9FFf3Qz3UV2tuWwz7KJzc="},"chainType":1,"messageKeys":{}}},"pendingPreKey":{"signedKeyId":3,"baseKey":"BZYDNWdqgkiE5g6Ez6syO7YxgIyTUwpEmBuD+f9N99cY","preKeyId":6672680}}},"version":"v1"}