{"_sessions":{"Ba12I9WzZPb4V2+MIGBhuf45UR7BtVJj9rrLll3FHrtz":{"registrationId":156,"currentRatchet":{"ephemeralKeyPair":{"pubKey":"Bb+YMb0xUN96mYWFDpG/XkFAwkFkiltbl24fObtLQaNH","privKey":"kJmDBiy55Mp3mc5xRHmEtuUa663YGDMxujAzemF933w="},"lastRemoteEphemeralKey":"BQhwtreY/dKBvdQDIrMM5B9onfoenOyevt8ZjWLTdEAJ","previousCounter":0,"rootKey":"j0sM+AwAP0pQCUDIDDRx1vVPB94sTOvu8Le1kd0JkJY="},"indexInfo":{"baseKey":"Ba12I9WzZPb4V2+MIGBhuf45UR7BtVJj9rrLll3FHrtz","baseKeyType":1,"closed":-1,"used":1724521408212,"created":1724521408212,"remoteIdentityKey":"Berg3I63yhtRby3ryvtb4/sHRurm2DcIkq8t0Qbt0Lhy"},"_chains":{"Bb+YMb0xUN96mYWFDpG/XkFAwkFkiltbl24fObtLQaNH":{"chainKey":{"counter":0,"key":"HPJPu6hj5CWK+MlhU5gvSGeFRZu6eiE1yrs6DFAMUzs="},"chainType":1,"messageKeys":{}}},"pendingPreKey":{"signedKeyId":1,"baseKey":"Ba12I9WzZPb4V2+MIGBhuf45UR7BtVJj9rrLll3FHrtz"}}},"version":"v1"}