{"_sessions":{"BQK0wMseM/fpLLcTejvrs3hKoUPYmtB/h9YdTX/cmZYx":{"registrationId":355534651,"currentRatchet":{"ephemeralKeyPair":{"pubKey":"BdX5WuDhXuS1tv09BxV2EcIJfuGctXF4CJrG7rtcaktq","privKey":"yCp7jQKm/YSlzZ7kxhs9Cxr/Tj13OHgLGE4eIK+dalU="},"lastRemoteEphemeralKey":"BfxFvkaDga/UKLtW2V+oUSg7PPQv1T59Nniq1bNPTosX","previousCounter":0,"rootKey":"oFN2H+0R951Qaog7FjvNplobMQaz6RhX2sQKrrbANFs="},"indexInfo":{"baseKey":"BQK0wMseM/fpLLcTejvrs3hKoUPYmtB/h9YdTX/cmZYx","baseKeyType":1,"closed":-1,"used":1724521408227,"created":1724521408227,"remoteIdentityKey":"BZBMBf8xsdopUHkhJ7ljFXl+BPcy5T1UiSyvWNEsFhtA"},"_chains":{"BdX5WuDhXuS1tv09BxV2EcIJfuGctXF4CJrG7rtcaktq":{"chainKey":{"counter":0,"key":"eTczymQrV4IC5wht/gAuG6/ECKOR378uW0r4C8OPIww="},"chainType":1,"messageKeys":{}}},"pendingPreKey":{"signedKeyId":0,"baseKey":"BQK0wMseM/fpLLcTejvrs3hKoUPYmtB/h9YdTX/cmZYx","preKeyId":4283461}}},"version":"v1"}