{"_sessions":{"BUD6pdXrj9cnQGNjuXn7MGAg6SN8dQFhjOzembGf2Nc8":{"registrationId":1425270460,"currentRatchet":{"ephemeralKeyPair":{"pubKey":"BZ/FrzXjmPLJq/5LpwrQmGajGhViuyYKC4MQ2aZWoks+","privKey":"6HKIeOY3/yq1RiQzy57hrmlWnGXrDxievBBTvbkBA3Q="},"lastRemoteEphemeralKey":"BZRyxqxXTlkvEX2NHmhShkZ7AKScu7UX8s0O1bmYZkRz","previousCounter":0,"rootKey":"fIKYu+PutaKG/VmOatuqm8yrdjFZcESmSxFu7uM2fEQ="},"indexInfo":{"baseKey":"BUD6pdXrj9cnQGNjuXn7MGAg6SN8dQFhjOzembGf2Nc8","baseKeyType":1,"closed":-1,"used":1724521408280,"created":1724521408280,"remoteIdentityKey":"BeL7RMjcKOgAYTEoxwzpt5QTLyp1mlBd4puzBwJmtYlk"},"_chains":{"BZ/FrzXjmPLJq/5LpwrQmGajGhViuyYKC4MQ2aZWoks+":{"chainKey":{"counter":0,"key":"Uc0VMtATXWmemHXT5XVEAgM/GLznlDYOkD7Oti4SFBA="},"chainType":1,"messageKeys":{}}},"pendingPreKey":{"signedKeyId":7,"baseKey":"BUD6pdXrj9cnQGNjuXn7MGAg6SN8dQFhjOzembGf2Nc8","preKeyId":9853207}}},"version":"v1"}