{"_sessions":{"BU+SlqZJb8UhiZsmyallSxXPuivDFEbXpfURFWyEdb1T":{"registrationId":1500933183,"currentRatchet":{"ephemeralKeyPair":{"pubKey":"BWO0QAoG3tbD89FJcfDsW1emV2fSQXvVCNGDDGvrhd9m","privKey":"gH0WRpa9aXP7dViJbXM74jhIe5zRUDrX60Hf6KLbUmU="},"lastRemoteEphemeralKey":"BRileA4d1gp6cpzPntmSx1KwAvVH+VQzbp4Ucvpm4y0r","previousCounter":0,"rootKey":"zjs+6XTDjqM2GLSnc8lYS8i/gd0s5LR7qvvZJfw3c3E="},"indexInfo":{"baseKey":"BU+SlqZJb8UhiZsmyallSxXPuivDFEbXpfURFWyEdb1T","baseKeyType":1,"closed":-1,"used":1724521408312,"created":1724521408312,"remoteIdentityKey":"BdJJ/rVKobTrxB7Hs2LRp/UekQSCOybNaKmbHZp+gKZ5"},"_chains":{"BWO0QAoG3tbD89FJcfDsW1emV2fSQXvVCNGDDGvrhd9m":{"chainKey":{"counter":0,"key":"QhEcOTvnzq20nI7Gr0hA0xEgn7us1EZG3smCRNKc+A4="},"chainType":1,"messageKeys":{}}},"pendingPreKey":{"signedKeyId":0,"baseKey":"BU+SlqZJb8UhiZsmyallSxXPuivDFEbXpfURFWyEdb1T"}}},"version":"v1"}