{"_sessions":{"BS5f5jn4XGL1ZlQgZQJA0zVLMstYTiuM36saeRf7jz4R":{"registrationId":305861743,"currentRatchet":{"ephemeralKeyPair":{"pubKey":"BfILobn9hdgCzLz8cOV7fBRZ4JzcYW4V4So33SeG3o5h","privKey":"2J6gyl0EkgIWkOTkX0TfpVCtmkbsZwXLQ4cjMchk4l4="},"lastRemoteEphemeralKey":"BQxaYG1RhAWRrVIurJ0U5lHjCuLa61MqtXJ2etRyLgZb","previousCounter":0,"rootKey":"6bQ6CYmvn0t41Qkq5//ktFVaICLwyFM0ZhqR57AoY4U="},"indexInfo":{"baseKey":"BS5f5jn4XGL1ZlQgZQJA0zVLMstYTiuM36saeRf7jz4R","baseKeyType":1,"closed":-1,"used":1724521408274,"created":1724521408274,"remoteIdentityKey":"BZcdoWRoiTIkX7S8gqkjX9/DFFwHBrs+BGyOr3v3/MEb"},"_chains":{"BfILobn9hdgCzLz8cOV7fBRZ4JzcYW4V4So33SeG3o5h":{"chainKey":{"counter":0,"key":"Sbu75D1+xVW6e4h+IQzKYpuzrbk+9168a3T4LbpJKmw="},"chainType":1,"messageKeys":{}}},"pendingPreKey":{"signedKeyId":0,"baseKey":"BS5f5jn4XGL1ZlQgZQJA0zVLMstYTiuM36saeRf7jz4R","preKeyId":14904292}}},"version":"v1"}