{"_sessions":{"BUsTSoIctWoI0uOB5NUQY3xK0e4uMMWvva5NShGz6Ugl":{"registrationId":574736104,"currentRatchet":{"ephemeralKeyPair":{"pubKey":"BQ9x1VJmH9BDPF12AeQQdLDTW/Ft0jbMOPraj3tdtfB9","privKey":"IFvV1OIyjoBD6FW6PQwoxq+vKd7GOXkAI7+eZ6B63k0="},"lastRemoteEphemeralKey":"BQ948/Vx7MgOYm8+jDgpht+ppjJIJz0p/2LDNKLWXZ5y","previousCounter":0,"rootKey":"0uqNG0ic6M0ttahJ1+117pDsdka9DUbi/dFanlLeIgk="},"indexInfo":{"baseKey":"BUsTSoIctWoI0uOB5NUQY3xK0e4uMMWvva5NShGz6Ugl","baseKeyType":1,"closed":-1,"used":1724521408286,"created":1724521408286,"remoteIdentityKey":"BfotwtIBX0Q0poma1JvJoSriL7G94rQDfSHwM5FuWXBP"},"_chains":{"BQ9x1VJmH9BDPF12AeQQdLDTW/Ft0jbMOPraj3tdtfB9":{"chainKey":{"counter":0,"key":"2ZjOE9nCiRN50i8qEs9e71uwWFjA9oIyDSVERWJ8zZ8="},"chainType":1,"messageKeys":{}}},"pendingPreKey":{"signedKeyId":3,"baseKey":"BUsTSoIctWoI0uOB5NUQY3xK0e4uMMWvva5NShGz6Ugl","preKeyId":1222891}}},"version":"v1"}