{"_sessions":{"BQQCW58mtlhd0RjY0/n0PRWi+88x/z+fBAcWvJOblMVW":{"registrationId":83,"currentRatchet":{"ephemeralKeyPair":{"pubKey":"BfOVDf2dAfyEPKwIeXGi48tq/39uVPOr9gd7CHLLm7ld","privKey":"WFmX/7aKmzn7X/5gWkK5Nu3vn0RxMl5+8ECVYs7ojUk="},"lastRemoteEphemeralKey":"BU90e4uWbe7P4zgeH39h2l6nn+TsyBtr03R72GBcVeBv","previousCounter":0,"rootKey":"AosgGdamFAm4+WGsle0Zyy7MRPLmXKh4ON2Vs1Rg+xg="},"indexInfo":{"baseKey":"BQQCW58mtlhd0RjY0/n0PRWi+88x/z+fBAcWvJOblMVW","baseKeyType":1,"closed":-1,"used":1724521408184,"created":1724521408184,"remoteIdentityKey":"BfSERiKnXmLF0oE53mQPP4Z15cZhrTH90yQg9LDVjmJV"},"_chains":{"BfOVDf2dAfyEPKwIeXGi48tq/39uVPOr9gd7CHLLm7ld":{"chainKey":{"counter":0,"key":"jSs2AzgYW0LefLZdZyZBcfw6Wr8NgNwbhxJhKwIOABQ="},"chainType":1,"messageKeys":{}}},"pendingPreKey":{"signedKeyId":1,"baseKey":"BQQCW58mtlhd0RjY0/n0PRWi+88x/z+fBAcWvJOblMVW"}}},"version":"v1"}