{"_sessions":{"BSkG1JhJNv0Dj19wQqhDF3IuI+WI83ExuiQWi00eUyo5":{"registrationId":409092548,"currentRatchet":{"ephemeralKeyPair":{"pubKey":"BVIrV/RlT4QjGeieRDjel+dUwRFU7edkr7txbBrk74sY","privKey":"OLTdAnKlKcZWNB2JmgydTS9/DlxzsIqo5hHOTOzC0WA="},"lastRemoteEphemeralKey":"Beia+YYHEiEDCMRxOFQqCEKGucyiwp64oPnXPWOO/0BQ","previousCounter":0,"rootKey":"CVDfzbQ2+KQn7tTOrM/G/Yz4Uyo9HNL9G8qSmgke29s="},"indexInfo":{"baseKey":"BSkG1JhJNv0Dj19wQqhDF3IuI+WI83ExuiQWi00eUyo5","baseKeyType":1,"closed":-1,"used":1724521408300,"created":1724521408300,"remoteIdentityKey":"BaHRVcgKbybxd2CT4fwE/SGbsIkMkZiZKmhCJ2kM51Uu"},"_chains":{"BVIrV/RlT4QjGeieRDjel+dUwRFU7edkr7txbBrk74sY":{"chainKey":{"counter":0,"key":"oO5Hi5tZ3ZvfPgLXEGeFxN9F9gaIdjz628Rk33QH38c="},"chainType":1,"messageKeys":{}}},"pendingPreKey":{"signedKeyId":3,"baseKey":"BSkG1JhJNv0Dj19wQqhDF3IuI+WI83ExuiQWi00eUyo5","preKeyId":6252518}}},"version":"v1"}