{"_sessions":{"BfE6Z+fHaDFfkURXBhijnZfIZtsk8fgYGefYsJEu9Mw2":{"registrationId":714247955,"currentRatchet":{"ephemeralKeyPair":{"pubKey":"Bcfx1bItQ1YbDtE/PTAOAQgPvsWP7eBMGcPrJyw6g34v","privKey":"WIz3w+7w68rIbNv2LVKLwu8qMOW8iyp6yK4VSrJuHE0="},"lastRemoteEphemeralKey":"BQyDwVCp1/x/YpjmBZMNF3PJE32TKwQSxqZnXLdzG/Ae","previousCounter":0,"rootKey":"HwknlqJGaZeYH3pxMK+kespBqNmdxbns/5stfLYEF1o="},"indexInfo":{"baseKey":"BfE6Z+fHaDFfkURXBhijnZfIZtsk8fgYGefYsJEu9Mw2","baseKeyType":1,"closed":-1,"used":1724521408236,"created":1724521408236,"remoteIdentityKey":"Bf0Sqy0XaIGWnpXafzEU1fWwXU6JOseKz5WhnLA8BjJo"},"_chains":{"Bcfx1bItQ1YbDtE/PTAOAQgPvsWP7eBMGcPrJyw6g34v":{"chainKey":{"counter":0,"key":"bUU8HUOqv0zZLjbuGE5xwRis44Ovb+HPYNKOFrYGYKw="},"chainType":1,"messageKeys":{}}},"pendingPreKey":{"signedKeyId":0,"baseKey":"BfE6Z+fHaDFfkURXBhijnZfIZtsk8fgYGefYsJEu9Mw2","preKeyId":14710479}}},"version":"v1"}