{"_sessions":{"BSrWDSyTILuT7QHVy/HK6NTVcrTypJVIpSrcZDIMj+k2":{"registrationId":122,"currentRatchet":{"ephemeralKeyPair":{"pubKey":"Bd98j7wCaqur7oJyk6ZoNaiWJhMxdd2d5AgJM78tGnxr","privKey":"SHsAFimjBGn6BhQcndD/FYWg/QHOG0UoVzd47L8aRmY="},"lastRemoteEphemeralKey":"BQJjELjX2wyYM+EGeW5g7xz6/lSKIFYQQ9aIyCAKG4FN","previousCounter":0,"rootKey":"sGoIN89TNwwMLmUbVqR1OgB5FcryMjfI30GQJEgxTug="},"indexInfo":{"baseKey":"BSrWDSyTILuT7QHVy/HK6NTVcrTypJVIpSrcZDIMj+k2","baseKeyType":1,"closed":-1,"used":1724521408189,"created":1724521408189,"remoteIdentityKey":"BZYa2z78zEhy07LcvzsIkj+JUcyaE7MiQ9gfr0Z//goJ"},"_chains":{"Bd98j7wCaqur7oJyk6ZoNaiWJhMxdd2d5AgJM78tGnxr":{"chainKey":{"counter":0,"key":"nwsAnglQlY794AARxn15ksgExDeIHjY5UnuNT+tYREQ="},"chainType":1,"messageKeys":{}}},"pendingPreKey":{"signedKeyId":1,"baseKey":"BSrWDSyTILuT7QHVy/HK6NTVcrTypJVIpSrcZDIMj+k2","preKeyId":77}}},"version":"v1"}