{"_sessions":{"BQhXN2lO6h5kAd7/5AJGLlPtgxVCIAO9Xu4LswGa+Bt4":{"registrationId":1657655359,"currentRatchet":{"ephemeralKeyPair":{"pubKey":"BUp+jfeN4L0G1+sQcjCud+cs7VTt+EDcMD3pkBlQCbRE","privKey":"iPpr+R1sBpURBcLQ9afBUNHQi9AdYEDcC4fQuvpRfH0="},"lastRemoteEphemeralKey":"BWStg1T0jvDFBGA6XWf+LjfKAv7FyaP9uUgXX0mSdPoR","previousCounter":0,"rootKey":"CuqCWDigcVW+l6ibbDJmGTx04KP4PvlOwmnm4x8AJwI="},"indexInfo":{"baseKey":"BQhXN2lO6h5kAd7/5AJGLlPtgxVCIAO9Xu4LswGa+Bt4","baseKeyType":2,"closed":-1,"used":1724521282516,"created":1724521282516,"remoteIdentityKey":"BZir+IRNVeSEJD+v3KOYnl25nj2E8+WLNb/5/oY8s+5C"},"_chains":{"BWStg1T0jvDFBGA6XWf+LjfKAv7FyaP9uUgXX0mSdPoR":{"chainKey":{"counter":6,"key":"dNRUXslLHXabZEZswNkTotVeGioHGz/IA0wtMK5ahCo="},"chainType":2,"messageKeys":{}},"BUp+jfeN4L0G1+sQcjCud+cs7VTt+EDcMD3pkBlQCbRE":{"chainKey":{"counter":17,"key":"yOInEvZSerdsZJXfvXv2qxhWlvRJY6DcrstKfLzk8UE="},"chainType":1,"messageKeys":{}}}}},"version":"v1"}