{"_sessions":{"BaL1yRWNojPRkmwDjbc05868VmNB5j68s9Ym4rh8tp08":{"registrationId":587664091,"currentRatchet":{"ephemeralKeyPair":{"pubKey":"BdEsUhakE4Fso/uydmgOv4SDCgb22QY2qd7yScQ6895/","privKey":"6EnJY1bhE3JCathr/rsiKYRlTmMjw2r+SqFRBjBkE24="},"lastRemoteEphemeralKey":"BRAwlGdr93D3hzhl4Jl6/82wGWn4XowiWzs8Lqm4KUxj","previousCounter":0,"rootKey":"oGZwroiq6kQ8c6k7QAUXkgds85VTHPtee6OD+qbBS7w="},"indexInfo":{"baseKey":"BaL1yRWNojPRkmwDjbc05868VmNB5j68s9Ym4rh8tp08","baseKeyType":1,"closed":-1,"used":1724521408174,"created":1724521408174,"remoteIdentityKey":"BdciLBE44RRdD6drG9z15jnYhS+CZuX7b9rrF+1XB6g6"},"_chains":{"BdEsUhakE4Fso/uydmgOv4SDCgb22QY2qd7yScQ6895/":{"chainKey":{"counter":0,"key":"hXBLNo25H92SsaG154QfivmcoBBwHVLLASS0qC04pCg="},"chainType":1,"messageKeys":{}}},"pendingPreKey":{"signedKeyId":0,"baseKey":"BaL1yRWNojPRkmwDjbc05868VmNB5j68s9Ym4rh8tp08"}}},"version":"v1"}