{"_sessions":{"BROIG7aPuU4dq8sZLs1SDWCn/JeUo/55Pk30s/MCcoZm":{"registrationId":127,"currentRatchet":{"ephemeralKeyPair":{"pubKey":"BbQT9Mul/1tRUqQe+y4+QUh1hhaACAe3LIB1iBe9Xh12","privKey":"+CZU5coWeFJHJGbpnavOhxsbNgXw9hn1xxwCCAeg50s="},"lastRemoteEphemeralKey":"BdOZoS0LJ1nQsUZuYY/OeHFumFd0DWy9SVVra97MKd1t","previousCounter":0,"rootKey":"GN8UcNYcWwP/pi6JEGH8ifQTVQBl6qbQ3MwfchgzF5Y="},"indexInfo":{"baseKey":"BROIG7aPuU4dq8sZLs1SDWCn/JeUo/55Pk30s/MCcoZm","baseKeyType":1,"closed":-1,"used":1724521408202,"created":1724521408202,"remoteIdentityKey":"BXdbRDyC+IeogNB0j+C/hIXrbYcsTHH/TsdNmuO42/BF"},"_chains":{"BbQT9Mul/1tRUqQe+y4+QUh1hhaACAe3LIB1iBe9Xh12":{"chainKey":{"counter":0,"key":"gJravjDz1Uy/146QbE1PZ1yKluk/gsR6gPjoHY68xiQ="},"chainType":1,"messageKeys":{}}},"pendingPreKey":{"signedKeyId":1,"baseKey":"BROIG7aPuU4dq8sZLs1SDWCn/JeUo/55Pk30s/MCcoZm"}}},"version":"v1"}