{"_sessions":{"BWjp5x2c3tTDqai+cEscGzRMyTSzxcZdbj+/quHt9dAG":{"registrationId":2097493999,"currentRatchet":{"ephemeralKeyPair":{"pubKey":"BVT1m+QvG9T3BDFJHK6IeTvz4oFFC6lNM+hXpD/v3NIn","privKey":"oDVg6wBdwzY0DiT0G6Zgrv6tA3WM2zRHOeUIZ//9DXw="},"lastRemoteEphemeralKey":"BcJlrQVu5P/Kz2JiXlaXow038qst1uTZP5RzmpdQL7g5","previousCounter":0,"rootKey":"4w/Kj58DLhDRSsYkXT31pDyyBLaiMDIBktVqbx74OW4="},"indexInfo":{"baseKey":"BWjp5x2c3tTDqai+cEscGzRMyTSzxcZdbj+/quHt9dAG","baseKeyType":1,"closed":-1,"used":1724521408315,"created":1724521408315,"remoteIdentityKey":"BfJ0v0MrToydmaPGc/uIw+7eslXbfEe9C3IZrKmHvPs5"},"_chains":{"BVT1m+QvG9T3BDFJHK6IeTvz4oFFC6lNM+hXpD/v3NIn":{"chainKey":{"counter":0,"key":"MIHCxl+08hgSpS+OiCsRyBw7Q9jYX/Wu/LDDco9ngks="},"chainType":1,"messageKeys":{}}},"pendingPreKey":{"signedKeyId":6,"baseKey":"BWjp5x2c3tTDqai+cEscGzRMyTSzxcZdbj+/quHt9dAG","preKeyId":14398384}}},"version":"v1"}