{"_sessions":{"Bfs233GpxYEypB2YZTUfbyzPppRghL2DpQTijm7HNPle":{"registrationId":135,"currentRatchet":{"ephemeralKeyPair":{"pubKey":"BU6dTk5D3XJQrNzdNIWOIzq6KcpfXV8EH3JE1aBzzRYE","privKey":"KFLTI7xb0PUbN2MrHdLBgUHzmxW82nlr5aaVgnfmJFs="},"lastRemoteEphemeralKey":"BVmR7/hLmh+slCwiazMzB+lT81lav29KSIIPGhsrSXB+","previousCounter":0,"rootKey":"qdKhQnJINI8z0QnwAXZhYQ1SSEuLRVqKWZTe9D4tFu8="},"indexInfo":{"baseKey":"Bfs233GpxYEypB2YZTUfbyzPppRghL2DpQTijm7HNPle","baseKeyType":1,"closed":-1,"used":1724521408207,"created":1724521408207,"remoteIdentityKey":"Bart7n68GQ1o5K/UrsDUCaKYd0MINrSAId4swx5zqFwo"},"_chains":{"BU6dTk5D3XJQrNzdNIWOIzq6KcpfXV8EH3JE1aBzzRYE":{"chainKey":{"counter":0,"key":"QhN+/KtDb0KNnK+qPEodGH3reauv9e0aohEOXvuthuw="},"chainType":1,"messageKeys":{}}},"pendingPreKey":{"signedKeyId":1,"baseKey":"Bfs233GpxYEypB2YZTUfbyzPppRghL2DpQTijm7HNPle"}}},"version":"v1"}