{"_sessions":{"BZdiHSOinc7VVmuqHW+vFQn7xa1QvxQ/HOfCGYwqJ6Ey":{"registrationId":360180859,"currentRatchet":{"ephemeralKeyPair":{"pubKey":"BSbprXCyIequ3XTnQ0nwlZFBfcZqgLhobbXsSIAmMPhZ","privKey":"oFtVKbWeQsYMRoEwzvawqf2cX6/gtiCtP7q5rlDcQmA="},"lastRemoteEphemeralKey":"BQXehaI7uj9UINlkjCb/UjEaPdgxrinvYVM34vSeV1gp","previousCounter":0,"rootKey":"w/o3LthGHq5fZy3iKaV0MoRPmggUlQdiXxW72XAOm2k="},"indexInfo":{"baseKey":"BZdiHSOinc7VVmuqHW+vFQn7xa1QvxQ/HOfCGYwqJ6Ey","baseKeyType":1,"closed":-1,"used":1724521408326,"created":1724521408326,"remoteIdentityKey":"BTo5BS0JiCs2fXr4NevFpeBXrx6fWasIe5YfWctvKYwo"},"_chains":{"BSbprXCyIequ3XTnQ0nwlZFBfcZqgLhobbXsSIAmMPhZ":{"chainKey":{"counter":0,"key":"r2be00W5P9xZKijLJpXfCN78GSPuQcNbyolCp1qWdHA="},"chainType":1,"messageKeys":{}}},"pendingPreKey":{"signedKeyId":10,"baseKey":"BZdiHSOinc7VVmuqHW+vFQn7xa1QvxQ/HOfCGYwqJ6Ey","preKeyId":13626075}}},"version":"v1"}