{"_sessions":{"BeLN+Yu5TXN/QoJzhjFjAT0C7B7C20wl+oC2SMOb7bM5":{"registrationId":1637242329,"currentRatchet":{"ephemeralKeyPair":{"pubKey":"BVue8MH5EmxucWIg25vM9lSnY5qyXR+w9b56B95mSadc","privKey":"ePGFMfppMzazBxwyKBeemP73hZq3ZKyjYWIfJ9Trm3o="},"lastRemoteEphemeralKey":"BRSkUFoyqxyfHHTSq+EbuDTpD1gUsrPonUm95WctZeVa","previousCounter":0,"rootKey":"sQ4hfGGSNm8DwbwlTuqYcUoJB6g06d9x2NsKQ1LnW+8="},"indexInfo":{"baseKey":"BeLN+Yu5TXN/QoJzhjFjAT0C7B7C20wl+oC2SMOb7bM5","baseKeyType":1,"closed":-1,"used":1724521408262,"created":1724521408262,"remoteIdentityKey":"BQDDkyUh3mqYv0+6isbaRzG9gWq0c1E4fwVK2BXoD1l+"},"_chains":{"BVue8MH5EmxucWIg25vM9lSnY5qyXR+w9b56B95mSadc":{"chainKey":{"counter":0,"key":"yelOZ4ar4A5Uc8eyK36H5brkuuqLExNrYn8AvtUFKrc="},"chainType":1,"messageKeys":{}}},"pendingPreKey":{"signedKeyId":16,"baseKey":"BeLN+Yu5TXN/QoJzhjFjAT0C7B7C20wl+oC2SMOb7bM5","preKeyId":13652183}}},"version":"v1"}