{"_sessions":{"BUjn2RRz6Lxr1q3hnCjUHPlJHfLtXVA1/IxrAHSfG+c2":{"registrationId":1432431169,"currentRatchet":{"ephemeralKeyPair":{"pubKey":"BZGVDOWP124yTWrjNr1IkZcbrovkemXmATUMh+G7EXxS","privKey":"OD0yH7OToIdhj1ZdCZlO2Gx6n46mRmTxUHPbmNMrils="},"lastRemoteEphemeralKey":"Bf9N2iGAAtApeydy8vrD1aBVLJPaMPeRgVMzRWykC0E+","previousCounter":0,"rootKey":"LWgZY0PAsCI8pytbGaFG2GQqbJgrngbmKS7gyBGbxT8="},"indexInfo":{"baseKey":"BUjn2RRz6Lxr1q3hnCjUHPlJHfLtXVA1/IxrAHSfG+c2","baseKeyType":1,"closed":-1,"used":1724521408233,"created":1724521408233,"remoteIdentityKey":"BQO3balC28zfIT8XxB894kjbBCf2GQ/z6fn70yiptltC"},"_chains":{"BZGVDOWP124yTWrjNr1IkZcbrovkemXmATUMh+G7EXxS":{"chainKey":{"counter":0,"key":"+7HHOxg2ZrTRX7A1Z62pR/7VC1WaIvrkW1REqdroFnY="},"chainType":1,"messageKeys":{}}},"pendingPreKey":{"signedKeyId":3,"baseKey":"BUjn2RRz6Lxr1q3hnCjUHPlJHfLtXVA1/IxrAHSfG+c2","preKeyId":15219331}}},"version":"v1"}