{"_sessions":{"BTZAzZfy9YB5rCG86aPwCTSEW9PmpD2cblT2nEGc625W":{"registrationId":353807211,"currentRatchet":{"ephemeralKeyPair":{"pubKey":"BXJTasE/FmFmXc8pd2X8/UzFb6Sypjur8BbdOZ6xx+th","privKey":"UAIv3icOPXH0FEY2KCOdtXgJQlLOlMf3cbwiO5kxaVs="},"lastRemoteEphemeralKey":"Bejb0WpHI8w45uhAsucNnJHiV8F5Nj3jF8IYJZDmR3oC","previousCounter":0,"rootKey":"CRA1IVH2nyvAB9yyh4ne2X3tRpn+u3I1Oi6421JnVTM="},"indexInfo":{"baseKey":"BTZAzZfy9YB5rCG86aPwCTSEW9PmpD2cblT2nEGc625W","baseKeyType":1,"closed":-1,"used":1724521408224,"created":1724521408224,"remoteIdentityKey":"BakDuIUWvpdQ8lRT4R2RxM9ssK5wCHIsu8C2VP/hgkEz"},"_chains":{"BXJTasE/FmFmXc8pd2X8/UzFb6Sypjur8BbdOZ6xx+th":{"chainKey":{"counter":0,"key":"mTIdCmkSP5fqmZ8tiRNyY3YKD3O7hHSU6dIIitBDTDU="},"chainType":1,"messageKeys":{}}},"pendingPreKey":{"signedKeyId":0,"baseKey":"BTZAzZfy9YB5rCG86aPwCTSEW9PmpD2cblT2nEGc625W","preKeyId":14579863}}},"version":"v1"}