{"_sessions":{"BW0CoH7i2/T90iC7B33zyUL/QMS5QRM4IZzIlekLKlET":{"registrationId":1353142208,"currentRatchet":{"ephemeralKeyPair":{"pubKey":"Bc0ldeD5sqUyJ7rlqPZYe+Qv9WFMQ9pVA+FaDj2hdb4F","privKey":"oI2xumjmlWjuFmSteKDRC/asbZ1IOhJAqwZjSB0EB0E="},"lastRemoteEphemeralKey":"BczdOMdJ8E++3QtOFdZHPEhFpHaKvibTpx2E+nBN5Px8","previousCounter":0,"rootKey":"l7oxfZFvE1iTM9Jjn0xjjt88vPWEu5HDbWbQvlaYHYA="},"indexInfo":{"baseKey":"BW0CoH7i2/T90iC7B33zyUL/QMS5QRM4IZzIlekLKlET","baseKeyType":1,"closed":-1,"used":1724521408329,"created":1724521408329,"remoteIdentityKey":"BWfHlQTD6XcS2IxMffsIkB1syiQslQ3xuEODu22kCylz"},"_chains":{"Bc0ldeD5sqUyJ7rlqPZYe+Qv9WFMQ9pVA+FaDj2hdb4F":{"chainKey":{"counter":0,"key":"QNaNZmHQ3flmBGFk0455iFkhBfGrnKjN0kPX4NS2nxs="},"chainType":1,"messageKeys":{}}},"pendingPreKey":{"signedKeyId":5,"baseKey":"BW0CoH7i2/T90iC7B33zyUL/QMS5QRM4IZzIlekLKlET","preKeyId":3157101}}},"version":"v1"}