{"_sessions":{"BQrcCl2kMJLPOzzIq0A7kGF2nae5WrlPNblW+8+YKao9":{"registrationId":221458020,"currentRatchet":{"ephemeralKeyPair":{"pubKey":"Bc9QDdo0MqSNnHHH/jyaYjiyK8usCdIv/KjuzO+Fx31q","privKey":"uEUCASBn22baMcUOUsfF1foBtjwkEkFzMYD/KdutpW0="},"lastRemoteEphemeralKey":"BfBpdj2GaIsFCRRwbT16+vyD4qlwuxKmGHa7/OeqcAkI","previousCounter":0,"rootKey":"0WqbadkFYseg5F0+jizW2sHNNnR+TPibmIJar2qpJ/E="},"indexInfo":{"baseKey":"BQrcCl2kMJLPOzzIq0A7kGF2nae5WrlPNblW+8+YKao9","baseKeyType":1,"closed":-1,"used":1724521408332,"created":1724521408332,"remoteIdentityKey":"BcbemEQ2jmzg0qaN1ZZbvvp/0LfGqHNqCj7CxyuWbIBf"},"_chains":{"Bc9QDdo0MqSNnHHH/jyaYjiyK8usCdIv/KjuzO+Fx31q":{"chainKey":{"counter":0,"key":"CDYvROHxr7GvrfAmAlvzj7zk0xgnuoR9Nx8X5/2uSBY="},"chainType":1,"messageKeys":{}}},"pendingPreKey":{"signedKeyId":5,"baseKey":"BQrcCl2kMJLPOzzIq0A7kGF2nae5WrlPNblW+8+YKao9","preKeyId":7585512}}},"version":"v1"}