{"_sessions":{"BVx2oleMXB3kxoWsL/KX2zHoinGKIgvV4dkXoGLzroVF":{"registrationId":148172262,"currentRatchet":{"ephemeralKeyPair":{"pubKey":"BdyEDb9ANZtNhxL4tiXiGW43xQwJZrECJVlqOsj65iwp","privKey":"+FxRCUkejbG4MChNFWxXX5Pu03My0/SkJe6AnwwbBmE="},"lastRemoteEphemeralKey":"BfVojHtOuK+XDRK4jwxsjPa9KQle6vYQ3zI3kX/TJT9s","previousCounter":0,"rootKey":"nBnHEfFUkaziG5tBaNiW5mI5PwbqJxgT/qTlsH4DYcs="},"indexInfo":{"baseKey":"BVx2oleMXB3kxoWsL/KX2zHoinGKIgvV4dkXoGLzroVF","baseKeyType":1,"closed":-1,"used":1724521408239,"created":1724521408239,"remoteIdentityKey":"BWAvPf6ULMzR1OeXdchJ60JnumcCZHoZHL9k2ULKZUhX"},"_chains":{"BdyEDb9ANZtNhxL4tiXiGW43xQwJZrECJVlqOsj65iwp":{"chainKey":{"counter":0,"key":"tsPzbOKauQL6fScfb1CPsy6RzIh7uJOFQ3F9ZcFUqKo="},"chainType":1,"messageKeys":{}}},"pendingPreKey":{"signedKeyId":8,"baseKey":"BVx2oleMXB3kxoWsL/KX2zHoinGKIgvV4dkXoGLzroVF","preKeyId":8536480}}},"version":"v1"}