{"_sessions":{"Bb8e0QIh/jEIl6OFo4y2IJd9PmyCD1w/RuKtxN7jOuRD":{"registrationId":2139723213,"currentRatchet":{"ephemeralKeyPair":{"pubKey":"BXYM7su5JW0Tu7UAJUnNslNtWLR42NkRqUfNcMuV4Mh+","privKey":"aBFYFcV2e8azRS2X9Mnm4lt8bf6H6nUpI/ulxkkGUXY="},"lastRemoteEphemeralKey":"Be4/Xy0dmnaWfrGVB3OIJHYF65IkgoGSPy+uuQhzdM0Y","previousCounter":0,"rootKey":"aQtNl2BfrAJHAKv5GoRtqCp+OI8LOuTU31pNQd8X97U="},"indexInfo":{"baseKey":"Bb8e0QIh/jEIl6OFo4y2IJd9PmyCD1w/RuKtxN7jOuRD","baseKeyType":1,"closed":-1,"used":1724521408295,"created":1724521408295,"remoteIdentityKey":"BVL6hAijWCcwMyPij2QTRvirfczyk5aenEzVrKFn2hUp"},"_chains":{"BXYM7su5JW0Tu7UAJUnNslNtWLR42NkRqUfNcMuV4Mh+":{"chainKey":{"counter":0,"key":"1udRbZo1iglZg8NDdxEz9bGhpBMnlsZ0UeIVRREuZ90="},"chainType":1,"messageKeys":{}}},"pendingPreKey":{"signedKeyId":7,"baseKey":"Bb8e0QIh/jEIl6OFo4y2IJd9PmyCD1w/RuKtxN7jOuRD","preKeyId":4569633}}},"version":"v1"}