{"_sessions":{"BWvKbD6xuK5tGajGXtpGrWTqwUrT/n7zl73m+76qUWkS":{"registrationId":1435645292,"currentRatchet":{"ephemeralKeyPair":{"pubKey":"BahgWl6YnccEVfNlkYM2ap9dyK5xGLpeYPbSB6IBjwp+","privKey":"CM7Lk+xLUGpFkTlucwZwjfSdRWDLGotYfAVFnL4h7WY="},"lastRemoteEphemeralKey":"BfDVDnjyOPUvPlSkS+47JmZO69880XlXVvcay3ALUvRo","previousCounter":0,"rootKey":"8QI+AWYAGu4wdpeSgW4E7I/Y+p6w0opMUa1vTKaWOow="},"indexInfo":{"baseKey":"BWvKbD6xuK5tGajGXtpGrWTqwUrT/n7zl73m+76qUWkS","baseKeyType":1,"closed":-1,"used":1724521408164,"created":1724521408164,"remoteIdentityKey":"BT6rc047uhKKuTdPtk/EuH6fRae531g6VOnVOrZEEusi"},"_chains":{"BahgWl6YnccEVfNlkYM2ap9dyK5xGLpeYPbSB6IBjwp+":{"chainKey":{"counter":0,"key":"pv3Ma8DrV7LsyVNAa8JaKwOa7fK8IU/G9PvkuM4hja8="},"chainType":1,"messageKeys":{}}},"pendingPreKey":{"signedKeyId":0,"baseKey":"BWvKbD6xuK5tGajGXtpGrWTqwUrT/n7zl73m+76qUWkS"}}},"version":"v1"}