{"_sessions":{"BX4+mKQb1ko73JxMztEH+OlVUioZRNGjZpAgCP13YvlG":{"registrationId":1566258223,"currentRatchet":{"ephemeralKeyPair":{"pubKey":"BYqRj6czhrmv+Xl8MAeO8mRL5MJdkuUQQQCIC46SQYRA","privKey":"MAfO6FK4GI3ILN5OEwH91HgI5r7xD9OD8ZYfJgIRt2I="},"lastRemoteEphemeralKey":"BTsqDMNEB1CZ262AQs2PCHRn+tXY+MHyy0wxaVcqO1AL","previousCounter":0,"rootKey":"hgYNyHzyoIMR6dFMJwxqw4VY6HsfzXmOkGAwRrWChuM="},"indexInfo":{"baseKey":"BX4+mKQb1ko73JxMztEH+OlVUioZRNGjZpAgCP13YvlG","baseKeyType":1,"closed":-1,"used":1724521408277,"created":1724521408277,"remoteIdentityKey":"BZgWkKU+42BM9V8uRlW6fTbRwGdaDsf+GOIDknP4xYk3"},"_chains":{"BYqRj6czhrmv+Xl8MAeO8mRL5MJdkuUQQQCIC46SQYRA":{"chainKey":{"counter":0,"key":"sFzGdlSkAAlBtrAOLg/sJ/vtNQ6xCWtaDko2Y+Zjwy8="},"chainType":1,"messageKeys":{}}},"pendingPreKey":{"signedKeyId":2,"baseKey":"BX4+mKQb1ko73JxMztEH+OlVUioZRNGjZpAgCP13YvlG","preKeyId":14818356}}},"version":"v1"}