{"_sessions":{"BTdylhDUfUZql3nTbYifIbYqJ3s5SLQLspVuCMXdhKEO":{"registrationId":292760535,"currentRatchet":{"ephemeralKeyPair":{"pubKey":"BXOgggwX+iTlieNrVr5vIYApwyS7IALq0BvVOOjkMsJT","privKey":"UHB/KSirhu7IZgPQqsuvWlnp2h1l6nlqHN8ezMqAnFU="},"lastRemoteEphemeralKey":"BQNbYdZ0JdAj99AlvQuRHBCeUA3R1RxdCWg7Dj4rBm8g","previousCounter":0,"rootKey":"I6hgwvTMjYtEl/moY2wvYl9JqmqbczGnarlsFOCui3Q="},"indexInfo":{"baseKey":"BTdylhDUfUZql3nTbYifIbYqJ3s5SLQLspVuCMXdhKEO","baseKeyType":1,"closed":-1,"used":1724521408289,"created":1724521408289,"remoteIdentityKey":"BTXnjVnlxbKKXw5QY95In9hCmpLvaUja2LOENDpuuH9Z"},"_chains":{"BXOgggwX+iTlieNrVr5vIYApwyS7IALq0BvVOOjkMsJT":{"chainKey":{"counter":0,"key":"EbYfu0boR6MXpm4G2BWiH68yuy19HT4ll8NfOM6fHNo="},"chainType":1,"messageKeys":{}}},"pendingPreKey":{"signedKeyId":2,"baseKey":"BTdylhDUfUZql3nTbYifIbYqJ3s5SLQLspVuCMXdhKEO","preKeyId":6992534}}},"version":"v1"}