{"_sessions":{"BSxvrSPyCyEFMOLkPBWdWH8M8PeF4Jlpux91BbdvQT4W":{"registrationId":961701482,"currentRatchet":{"ephemeralKeyPair":{"pubKey":"BTp153+rla8ODtRXhBqfXCM4gl0tFI3e7WQx2aY4nqZt","privKey":"OIc7qWvzuAM5LqCCikM4gg9g1od8aYVU0UDnpMqyvUY="},"lastRemoteEphemeralKey":"BdwGaedSa2j3g6EucnsZbnzeYYv+To8yEePXyL2Kf/88","previousCounter":0,"rootKey":"OELZbih15WCK/lDDh95y4MEpY+dQj3/dImtKhMqXjdE="},"indexInfo":{"baseKey":"BSxvrSPyCyEFMOLkPBWdWH8M8PeF4Jlpux91BbdvQT4W","baseKeyType":1,"closed":-1,"used":1724521408244,"created":1724521408244,"remoteIdentityKey":"Bdsy8ij6Y99MI1QtzkYwU2OQntMxW2gCdJ/3JfyyLGZ1"},"_chains":{"BTp153+rla8ODtRXhBqfXCM4gl0tFI3e7WQx2aY4nqZt":{"chainKey":{"counter":0,"key":"dH1fgkUzOkjSeO8D3k16Dth5QdY2TRl+oFcpoTfFU2Y="},"chainType":1,"messageKeys":{}}},"pendingPreKey":{"signedKeyId":0,"baseKey":"BSxvrSPyCyEFMOLkPBWdWH8M8PeF4Jlpux91BbdvQT4W","preKeyId":7499228}}},"version":"v1"}