{"_sessions":{"BXM1jsgD/p39lJ1t7/5svdZhLPPV15mOZ/c7VM1/ptJg":{"registrationId":20,"currentRatchet":{"ephemeralKeyPair":{"pubKey":"BeAGoewdIL/umbTAUh/gxdBOfbBfiEMX1orX7hDurEdN","privKey":"MCEbATc9nUW2Ki37RKyDPbFlw+Ga/7XOltmFnwUO3Xk="},"lastRemoteEphemeralKey":"Bd/a8ub3oIokZeBTo9VI1DIGuJaK54bvbU/TWBV6crtZ","previousCounter":0,"rootKey":"ABGvvILmw6M5dhCHAA34xVwUSKh43JrAHDd3GLcdLIY="},"indexInfo":{"baseKey":"BXM1jsgD/p39lJ1t7/5svdZhLPPV15mOZ/c7VM1/ptJg","baseKeyType":1,"closed":-1,"used":1724521408204,"created":1724521408204,"remoteIdentityKey":"Bd2IpqDpzYeLHoXUwJSWPyM7V9OiNlS+XsP7juLeNqNK"},"_chains":{"BeAGoewdIL/umbTAUh/gxdBOfbBfiEMX1orX7hDurEdN":{"chainKey":{"counter":0,"key":"P2UGrn1rdY3jf0acBuYaeizoC8FxSyqy36H9iYwFAIk="},"chainType":1,"messageKeys":{}}},"pendingPreKey":{"signedKeyId":1,"baseKey":"BXM1jsgD/p39lJ1t7/5svdZhLPPV15mOZ/c7VM1/ptJg"}}},"version":"v1"}