{"_sessions":{"BZmzXo++aS93pxgS5wUG4XhJIS/Iq5jSGoYeWUHVjdct":{"registrationId":221,"currentRatchet":{"ephemeralKeyPair":{"pubKey":"BW0yhEdoovhY9hYlCeOqcgJKTQq7BX0AlgjvzO9MqQ5z","privKey":"wCPguplsJ6Rtsd7UDb/sC/a8y6Y06CL0OJi/8uBC6W0="},"lastRemoteEphemeralKey":"BQQ1Irc7j2G+7ae4bz0g5HlMDz+O83U7TE0Hen0XXpkG","previousCounter":0,"rootKey":"iY4eSgUNCfiLe4fVHKJ2gScyZKy6WWYGCl0gDQFS6bA="},"indexInfo":{"baseKey":"BZmzXo++aS93pxgS5wUG4XhJIS/Iq5jSGoYeWUHVjdct","baseKeyType":1,"closed":-1,"used":1724521408186,"created":1724521408186,"remoteIdentityKey":"BbaC3c/cLj2y8EEwqc4kHOEfVNni0+w2yCpbfwbVm+4w"},"_chains":{"BW0yhEdoovhY9hYlCeOqcgJKTQq7BX0AlgjvzO9MqQ5z":{"chainKey":{"counter":0,"key":"/yNmMqXSy2Z64Bs312TSghM+r+ZaVufuf1mlQg6edy8="},"chainType":1,"messageKeys":{}}},"pendingPreKey":{"signedKeyId":1,"baseKey":"BZmzXo++aS93pxgS5wUG4XhJIS/Iq5jSGoYeWUHVjdct"}}},"version":"v1"}