{"_sessions":{"BV1k1ceD7B8fB4h9WCDuPl4CotJHiuPgpVT1yMEMMNkD":{"registrationId":149642611,"currentRatchet":{"ephemeralKeyPair":{"pubKey":"BReOuKiMNKPBPKvYLTZyrVEzWFnaatmT5zmmVRuVvQU+","privKey":"QCsTa76os9aMc924ELak2BYID9dKI0Rxf1wssE24tls="},"lastRemoteEphemeralKey":"BeHycQPTa19zzYmk/I/k/PStUcsTXYjCAb7jkq+X5s9i","previousCounter":1,"rootKey":"lVFONutRWAgvR0QJ/dWVhenz+/Ofmo0ITu+zA3eOqUE="},"indexInfo":{"baseKey":"BV1k1ceD7B8fB4h9WCDuPl4CotJHiuPgpVT1yMEMMNkD","baseKeyType":2,"closed":-1,"used":1724521469759,"created":1724521318396,"remoteIdentityKey":"BUCRKbkrw8bjRdcRpsAGyPZqY4lESe3ndfn5ua0rw0d0"},"_chains":{"BZypmbRpx+Aea6GsJFLvSJZ0Mr3MZtdEW2E8dMP6lmML":{"chainKey":{"counter":0},"chainType":2,"messageKeys":{}},"BYDwbPdUJyZJ/mHHiREGFnBxs2g/bJPv4TteV9/dFDda":{"chainKey":{"counter":0},"chainType":2,"messageKeys":{}},"BenVhXRIrHEF2GLUfGmLx6E83xrB3Cga4VrFNPLPG69p":{"chainKey":{"counter":0},"chainType":2,"messageKeys":{}},"BYGu9MJJWEcLFB/LAmtfkzUIL4QM1LzmK61XBCkWh0NQ":{"chainKey":{"counter":1},"chainType":2,"messageKeys":{}},"BQGv/WmfkON9bHfRRl4qj1gQfWZ2ER8VMgqGYSQfHt9+":{"chainKey":{"counter":1},"chainType":2,"messageKeys":{}},"BeHycQPTa19zzYmk/I/k/PStUcsTXYjCAb7jkq+X5s9i":{"chainKey":{"counter":0,"key":"70F60ioOdQZ7yEk/QvS0atjEKVdlFlOiJhpc6e/vhiE="},"chainType":2,"messageKeys":{}},"BReOuKiMNKPBPKvYLTZyrVEzWFnaatmT5zmmVRuVvQU+":{"chainKey":{"counter":2,"key":"K7qOD3SoGqIroZkULdOECeo3QGjReBGQNs3dX0iZLAY="},"chainType":1,"messageKeys":{}}}}},"version":"v1"}