{"_sessions":{"Bd349t8h9P5f8G1DTR525t76Gi+amvZ517bYzxubdtc6":{"registrationId":1176957464,"currentRatchet":{"ephemeralKeyPair":{"pubKey":"BZQQwPrhyy3JZ0e2+CJ39jNH3XFpDF8tOwWwZSIdXNRD","privKey":"ED2UrPUI57HG1LIk4b7p0/OLh8QHHoPoOJNJiXvok28="},"lastRemoteEphemeralKey":"BRKEu8Mm6EVAbTl8KPqy2Dc3Pdv2twm3FXFYujBOej4F","previousCounter":0,"rootKey":"H8ayvYU6fjmmCXyApwbi0LIlDG81ZurjnQVBCy109aQ="},"indexInfo":{"baseKey":"Bd349t8h9P5f8G1DTR525t76Gi+amvZ517bYzxubdtc6","baseKeyType":1,"closed":-1,"used":1724521408161,"created":1724521408161,"remoteIdentityKey":"BQ35gunt42zm6iFmy8DRh5WTeHJL52FDfmTuDCl3Tcsw"},"_chains":{"BZQQwPrhyy3JZ0e2+CJ39jNH3XFpDF8tOwWwZSIdXNRD":{"chainKey":{"counter":0,"key":"aHhCN30dQf10Pq16qdRjMjob72sFUHol5dYYjdl7ww8="},"chainType":1,"messageKeys":{}}},"pendingPreKey":{"signedKeyId":0,"baseKey":"Bd349t8h9P5f8G1DTR525t76Gi+amvZ517bYzxubdtc6"}}},"version":"v1"}