{"_sessions":{"BeSsZz5XaDbuIf4ikXEJvaY2HjG/oIGLeN73kraYs+dE":{"registrationId":152,"currentRatchet":{"ephemeralKeyPair":{"pubKey":"BZ4Yimbq+o7AzVXrKLkjtZDzccPjNQCuqONMD9XlLINS","privKey":"6I+yfyEb9hmDpOrNuEs+LFAMcTTYdIxoIVFif1LReV4="},"lastRemoteEphemeralKey":"BbQBKd3J3nZJs2KTcvihrMTG6CqqNNxubF1ZhhQ5LP1U","previousCounter":0,"rootKey":"2PQzUV6pO0dWLp/PGo+b51zIOQmi7KjE23KH3Yo+GS8="},"indexInfo":{"baseKey":"BeSsZz5XaDbuIf4ikXEJvaY2HjG/oIGLeN73kraYs+dE","baseKeyType":1,"closed":-1,"used":1724521408194,"created":1724521408194,"remoteIdentityKey":"BSYJ10zKDbyOZNPWncRyhui3SW6DIvp+8isE4K+FwIM0"},"_chains":{"BZ4Yimbq+o7AzVXrKLkjtZDzccPjNQCuqONMD9XlLINS":{"chainKey":{"counter":0,"key":"1NhLrevf13crL3eohwiqlfW0MoqPyAXxMTcDS+5HNow="},"chainType":1,"messageKeys":{}}},"pendingPreKey":{"signedKeyId":1,"baseKey":"BeSsZz5XaDbuIf4ikXEJvaY2HjG/oIGLeN73kraYs+dE"}}},"version":"v1"}