{"_sessions":{"BcZFOEqS1+KqmYPjnauv19RthzDJ1Yr9J75fh15/9uc4":{"registrationId":220,"currentRatchet":{"ephemeralKeyPair":{"pubKey":"BWd/aTZX9pwpI2KNWJ1/83jyDsEcxS8N0kTtMG11v0tZ","privKey":"mAZ6QT6qdshUktMt9cbylUYIIex/iElP1kILY5lCeHc="},"lastRemoteEphemeralKey":"BU7cc7bWVv8ejCf6E9SESSlxAiw4opPzIowMzPTYPFxX","previousCounter":0,"rootKey":"GI/aVEH/hpKkomlINueVbj+tlVsH+CzGk4wWdpnh/DU="},"indexInfo":{"baseKey":"BcZFOEqS1+KqmYPjnauv19RthzDJ1Yr9J75fh15/9uc4","baseKeyType":1,"closed":-1,"used":1724521408197,"created":1724521408197,"remoteIdentityKey":"BZt96UD1PQNQ+2X1jKON4E1Q3tbuBdWIs/4wUFb2Cudj"},"_chains":{"BWd/aTZX9pwpI2KNWJ1/83jyDsEcxS8N0kTtMG11v0tZ":{"chainKey":{"counter":0,"key":"V1jNd9CNClYHM34HdbeyE4vnBdQ2st4frTUP65Ca59w="},"chainType":1,"messageKeys":{}}},"pendingPreKey":{"signedKeyId":1,"baseKey":"BcZFOEqS1+KqmYPjnauv19RthzDJ1Yr9J75fh15/9uc4","preKeyId":108}}},"version":"v1"}