{"_sessions":{"BYWLFwb461cTnQezg5fJ7CHpiGZCELu9voMDsoXnQQtY":{"registrationId":768756105,"currentRatchet":{"ephemeralKeyPair":{"pubKey":"Bd80QL8+RLcdLGu7BDPgvs+AmhHbdIScgx0M+dO4Zndr","privKey":"kGq0EBq26aXpFfUg2kKTjubGFZ3UhxXiQaAKCNY43mM="},"lastRemoteEphemeralKey":"BUKsvfRWczbUtaZjUESNmC9yttQPIpD16KuOsWOvOSta","previousCounter":0,"rootKey":"AOvOFFPZueJhhHeo6Beh8ByqyLsy+Gz7Ag2UFsoCFz4="},"indexInfo":{"baseKey":"BYWLFwb461cTnQezg5fJ7CHpiGZCELu9voMDsoXnQQtY","baseKeyType":1,"closed":-1,"used":1724521408338,"created":1724521408338,"remoteIdentityKey":"BRqlzcYZX739n+lr8q4iQqhyM2EfsN1ttDJp1sNX6Udf"},"_chains":{"Bd80QL8+RLcdLGu7BDPgvs+AmhHbdIScgx0M+dO4Zndr":{"chainKey":{"counter":0,"key":"TnAH7vMDgvWCgBgh8AxEbZzgEWntVGjST2Wrp7TFYrk="},"chainType":1,"messageKeys":{}}},"pendingPreKey":{"signedKeyId":10,"baseKey":"BYWLFwb461cTnQezg5fJ7CHpiGZCELu9voMDsoXnQQtY","preKeyId":5181110}}},"version":"v1"}