{"_sessions":{"Bba662c5OHnmmyDzYC6XaukWFHkQx14CyWQ5JKLpdg5l":{"registrationId":1701075113,"currentRatchet":{"ephemeralKeyPair":{"pubKey":"BcEbt9AEekY3QjyarzZXJVjOy5/ruwMlIF/1fuKuunkl","privKey":"8EHZSM3lljWbAnNr6F7GVo0yKJEtPgqIXSZ0WE7Za3o="},"lastRemoteEphemeralKey":"BTwpKKed3HKA6pihUvSfypPpBYI9zyvRnFDnjgQUuF1a","previousCounter":0,"rootKey":"XW64QeyG47Zb7VOPtjQIFReJP7+x6nv64C5uEu2E92E="},"indexInfo":{"baseKey":"Bba662c5OHnmmyDzYC6XaukWFHkQx14CyWQ5JKLpdg5l","baseKeyType":1,"closed":-1,"used":1724521408256,"created":1724521408256,"remoteIdentityKey":"BW6pe83IlP7Rc3lqcCgyXZEQ8XFAPQe0F7MR0UrPGRFX"},"_chains":{"BcEbt9AEekY3QjyarzZXJVjOy5/ruwMlIF/1fuKuunkl":{"chainKey":{"counter":0,"key":"6n9KTTqFaKV4u4D6JVRse4BObKWJkomSAQb9ScqaeiU="},"chainType":1,"messageKeys":{}}},"pendingPreKey":{"signedKeyId":1,"baseKey":"Bba662c5OHnmmyDzYC6XaukWFHkQx14CyWQ5JKLpdg5l","preKeyId":7304465}}},"version":"v1"}