{"_sessions":{"BeQQ0LPMlc+QhKJUl0xH4hFJynkSzihf68mc9bne7HEb":{"registrationId":1444370967,"currentRatchet":{"ephemeralKeyPair":{"pubKey":"BVzA9DbavgCHLwTSF1hGe1Rc6zGkEBiF9HcGly+EHw0T","privKey":"eFgynC/bp8pftgJSyzMc+dT8eU07//Xwbqb+/Rrumno="},"lastRemoteEphemeralKey":"BcfMCElZp+xU1an0Rpz1cPp84cRw9FF9Nsz9TXcSvQU7","previousCounter":0,"rootKey":"1Jw1uyQxY6EZ0kMjCXitCUVwHculKPQRne26zmV/9Do="},"indexInfo":{"baseKey":"BeQQ0LPMlc+QhKJUl0xH4hFJynkSzihf68mc9bne7HEb","baseKeyType":1,"closed":-1,"used":1724521408167,"created":1724521408167,"remoteIdentityKey":"BZv/BTvwzs37uPrFStIU6utSYwEvIgHOuWoGodDsVO5v"},"_chains":{"BVzA9DbavgCHLwTSF1hGe1Rc6zGkEBiF9HcGly+EHw0T":{"chainKey":{"counter":0,"key":"iYG779bcbF2OxC5MBt0hy3TaxpK8imUnP2ZQIxgrOPM="},"chainType":1,"messageKeys":{}}},"pendingPreKey":{"signedKeyId":0,"baseKey":"BeQQ0LPMlc+QhKJUl0xH4hFJynkSzihf68mc9bne7HEb","preKeyId":361579}}},"version":"v1"}