{"version":3,"hash":{"type":"Buffer","data":"onMRNFtMLHf39yPaxwc8f+RW8RXbOWSwWAqL47eqvoCSBzUbe5C0B1ejs5sh/oqPw/GYgXByViriS9LswWrEHaWGKoEYA2PecC5yrDlP7MnSdtuv2hwkHiTESIhMQ6K2+H/xmWb1Q6fXSlCpbnhoj8LdkhcVfxhsheJiLLR1O4g="},"indexValueMap":{"TjiVQdEdlT8av5z77wbFbouLIIrj3a0+0HuDb+0aAtM=":{"valueMac":{"type":"Buffer","data":"8Ikpocp0h6UYdJn3e/uSAUpEBSpB+pIWoc71JTKbJnY="}},"Xfd7D9wecwldSOp16eulFTWXvWKtuO2qJPNWk24lBQg=":{"valueMac":{"type":"Buffer","data":"C/npEfTuPnKm/dIgwVvaqMz3eFxZ/cToj5YtvkNwa68="}},"czyTASQIvfn4AT8KXNv30tXnvLoC7sasQN/qGKFnsQk=":{"valueMac":{"type":"Buffer","data":"yzKx4XmOyTM2mdBt241F1Aneqp/B/KkXDDhR8v07gcc="}},"h04VEoc4WSUEE/4oS1OYNmfyd1bHfsh+A+XNDg/ddYs=":{"valueMac":{"type":"Buffer","data":"LNpqbrGDAiHUejacksw0tMWWjT4/0NJX/DblzgKB3W0="}},"V/7TFdU9xLXavhHMuHcFNjOAiWk4dOuo4KrbIQXGBQY=":{"valueMac":{"type":"Buffer","data":"YzrdAXaitEPU+gATmE395PeDyfEROnkorvMIUyTVISg="}},"R6whuRCyLUznGgznzoWBXMQhvYIyQsCt7G2nnJBKy+E=":{"valueMac":{"type":"Buffer","data":"MQr37f9IWzjF5oyiIRStDEpyO53DWNwpAZqseyTq3IY="}}}}