{"noiseKey":{"private":{"type":"Buffer","data":"+FMYk7lgsydl8+tRF3OC20vd/JHfH3e9mkYL5btp1UA="},"public":{"type":"Buffer","data":"5h4P2PrQLkBvEPHkxq50QnDR56qoCFa8f7xnf/ruh0g="}},"pairingEphemeralKeyPair":{"private":{"type":"Buffer","data":"oEJQAtiRcj2kCp3FPuyPN93oeBgNF8FUAP3kfkJhWE0="},"public":{"type":"Buffer","data":"qwiPCmHe7mUqlfPJvMhkZWn/rFoC6MUuZKQkp1avsSU="}},"signedIdentityKey":{"private":{"type":"Buffer","data":"CB2MnXczO+YzBQrWwqRTsuT6tF3Uex4WC+Gr/sjB0lM="},"public":{"type":"Buffer","data":"UXexeAxZ96PmDzF1Wh4XDnMR9vmSs1JRzqav3yL2NBg="}},"signedPreKey":{"keyPair":{"private":{"type":"Buffer","data":"mMd0AzB6BVCFx2RiKv3kRgtxL773H3/YoJdPxGE033Y="},"public":{"type":"Buffer","data":"1ZjFb19rbzhu338mQj29TwMXBC6MwFJuzy6nII7oYBE="}},"signature":{"type":"Buffer","data":"0Lvc8q0ArH7w+8qvnRdhGQtjht9RLEtvLHKlMdbzSTlkiOdrt/TPMSEbLsat+HaNCiJRfSdh33ZBUYWbl5ehgA=="},"keyId":1},"registrationId":135,"advSecretKey":"GSZf8JBYT7fa93Q7PdC79Qt2iHlhnOmAiq2UopU5vzE=","processedHistoryMessages":[{"key":{"remoteJid":"212765546640@s.whatsapp.net","fromMe":true,"id":"47EF1D7F6BE5F7D54D53F295606AD0FF"},"messageTimestamp":1724340042},{"key":{"remoteJid":"212765546640@s.whatsapp.net","fromMe":true,"id":"CC2D6C69CDCC1B95BC6128328DACEF0D"},"messageTimestamp":1724340042}],"nextPreKeyId":31,"firstUnuploadedPreKeyId":31,"accountSyncCounter":1,"accountSettings":{"unarchiveChats":false},"deviceId":"OoTGG0epQRCdIAGr5yYoJw","phoneId":"e97482ce-43fb-45ad-9750-e4abb04645ad","identityId":{"type":"Buffer","data":"51XEwmc48hhDTxPA7XIPdIYVFyA="},"registered":true,"backupToken":{"type":"Buffer","data":"lT1yuWCvyGs5R57yvgZzMSNGMvs="},"registration":{},"pairingCode":"ARSAERQV","me":{"id":"212765546640:1@s.whatsapp.net","name":"A","jid":"212765546640@s.whatsapp.net","lid":"47618839335047:1@lid"},"account":{"details":"COTc3AIQxK6dtgYYASAAKAA=","accountSignatureKey":"5nv0KQRFRTsHIoGJC1YRAr/85YvskorD7EATVPWCXV4=","accountSignature":"wvEhmorF8gtmeYpkP2xInCa4EGC6P3maJGswXrrKS3ik/VFEeJ8BCxYJ3oIw9hb5mdrRcKnNRwWmPpCfpWOWCg==","deviceSignature":"vcCbtjil+cBtLGR/qEXBcCz925OG1Z0Ra5uL4dcWDZwA7GSQVra0ZJFKYt22n5IIT15Pt3tMUM2zDiEui7jLhA=="},"signalIdentities":[{"identifier":{"name":"212765546640:1@s.whatsapp.net","deviceId":0},"identifierKey":{"type":"Buffer","data":"BeZ79CkERUU7ByKBiQtWEQK//OWL7JKKw+xAE1T1gl1e"}}],"platform":"smba","lastAccountSyncTimestamp":1724340040,"lastPropHash":"3RERmy","myAppStateKeyId":"AAAAAOjm"}