{"_sessions":{"BcLCijcUBlCq7QjS84aLw1H8GFGc2+vJe3/RIN7ShXh7":{"registrationId":2090420491,"currentRatchet":{"ephemeralKeyPair":{"pubKey":"BfGS8LMWjxKyv4Ucve8lMqc1F1jzON2Y6H2RR5M/u9Bt","privKey":"SGBdubEzu8TCXKApsxRUcyPYqKrNgXei1XbhUB9uI30="},"lastRemoteEphemeralKey":"Bdt0fUZDsoW9xpkg5Vl0vEcjKGvApEGdfqWEeTar6Skk","previousCounter":0,"rootKey":"C5pCr1HKC+w5u11elQjyj1iuoCqm2ppZQw2EtHxF6VY="},"indexInfo":{"baseKey":"BcLCijcUBlCq7QjS84aLw1H8GFGc2+vJe3/RIN7ShXh7","baseKeyType":1,"closed":-1,"used":1724340203175,"created":1724340203175,"remoteIdentityKey":"BX5KIEucPCGEoaJ+crZD9SijdQRTUGCVDryE1Kkipbx+"},"_chains":{"BfGS8LMWjxKyv4Ucve8lMqc1F1jzON2Y6H2RR5M/u9Bt":{"chainKey":{"counter":0,"key":"rbDUz5ZNiEa59Mf9S32i/QPH2LTMcnn2oY73MxWOpUo="},"chainType":1,"messageKeys":{}}},"pendingPreKey":{"signedKeyId":6,"baseKey":"BcLCijcUBlCq7QjS84aLw1H8GFGc2+vJe3/RIN7ShXh7","preKeyId":858338}}},"version":"v1"}