{"_sessions":{"Bf5t4TuMGFlx33xORTIVIe3vET1LvIi6nmJ89leQ1Wck":{"registrationId":42,"currentRatchet":{"ephemeralKeyPair":{"pubKey":"BSSKFYJnO2dfAUKIkgfgG+ROVgNpeDuTGXBTs+uFGIpL","privKey":"sBqcQDhD+hs7l1WmFVMfAsgzyPqnbUAQ5Mly8k32sG0="},"lastRemoteEphemeralKey":"BdEgmoAVK4NuP+tVkeQi1idGLv22bS4MlC7uBzRu4Sc9","previousCounter":0,"rootKey":"sEeMkcwWhnD97rUByEwdCI+yWl/xai8fhtsBHWF1XJo="},"indexInfo":{"baseKey":"Bf5t4TuMGFlx33xORTIVIe3vET1LvIi6nmJ89leQ1Wck","baseKeyType":1,"closed":-1,"used":1724340203161,"created":1724340203161,"remoteIdentityKey":"BX+/QOuV3nKfIZxsiP6InUFBav28bpKWQ6Tykp8J2fRF"},"_chains":{"BSSKFYJnO2dfAUKIkgfgG+ROVgNpeDuTGXBTs+uFGIpL":{"chainKey":{"counter":0,"key":"ZE21H0H5znRcwAeGW+fk74lPW/EzavpZb0Vj+Zxz1/o="},"chainType":1,"messageKeys":{}}},"pendingPreKey":{"signedKeyId":1,"baseKey":"Bf5t4TuMGFlx33xORTIVIe3vET1LvIi6nmJ89leQ1Wck"}}},"version":"v1"}