{"_sessions":{"BXGaUHBhSOgNy4VS9/78/hz132qbGY5TtGPYgJH9sPkT":{"registrationId":15481,"currentRatchet":{"ephemeralKeyPair":{"pubKey":"BUzqGmrCNYMcLI9t0+4rjY8OqZbBmVPg8lQ6yiFSROFu","privKey":"iFCLEE75Q+4s302Ut5YhE9beH5mRfIdWGqIqMLbIXUk="},"lastRemoteEphemeralKey":"BT3rgucRqiKRC/nxfXicdmTNH96NKC7bkJmp5o0h0Pwr","previousCounter":0,"rootKey":"UOBEACIPO1XsUROer46AiUsFW+CGutMnI16Xe80uDM8="},"indexInfo":{"baseKey":"BXGaUHBhSOgNy4VS9/78/hz132qbGY5TtGPYgJH9sPkT","baseKeyType":1,"closed":-1,"used":1724340203164,"created":1724340203164,"remoteIdentityKey":"BUwqGXkrQsRsgp55YmG2fUVu7BDlqf7pcdx2DkjM8TMz"},"_chains":{"BUzqGmrCNYMcLI9t0+4rjY8OqZbBmVPg8lQ6yiFSROFu":{"chainKey":{"counter":0,"key":"8QIGWMPB2AGdynDzN19tQlH3+2BgWy26SXm15EEnGqU="},"chainType":1,"messageKeys":{}}},"pendingPreKey":{"signedKeyId":1,"baseKey":"BXGaUHBhSOgNy4VS9/78/hz132qbGY5TtGPYgJH9sPkT"}}},"version":"v1"}