{"_sessions":{"BVDBcdt0hH2ERyDu8d9lmyoKGgl27FzBqWdK36MR5HFN":{"registrationId":2035637877,"currentRatchet":{"ephemeralKeyPair":{"pubKey":"Bf7OKMO4tVRHVPLmVIxrFbmOAnPrbUBFLZ5eN/Gxkytr","privKey":"4B/Vbd8T/iAxLi78kTQujD8kRKKyZPhGuWwoJKjWiGk="},"lastRemoteEphemeralKey":"BXGoXhBROfJyXVhzOM3jPA6mWMip/yCDm5RAa+p1jWxE","previousCounter":0,"rootKey":"D6p6nUfnuEDJssEcYE1wZydZBbz5XVdMyXdT2NrOLyw="},"indexInfo":{"baseKey":"BVDBcdt0hH2ERyDu8d9lmyoKGgl27FzBqWdK36MR5HFN","baseKeyType":1,"closed":-1,"used":1724340203190,"created":1724340203190,"remoteIdentityKey":"BVjNysZPvR+oiOX32fEGDBAZSh+TsZ8LMsj+buoLs6YN"},"_chains":{"Bf7OKMO4tVRHVPLmVIxrFbmOAnPrbUBFLZ5eN/Gxkytr":{"chainKey":{"counter":0,"key":"FUcfgRU2NWd42Re36muXLnCP0jpa1ZhM/dqQc3aE58A="},"chainType":1,"messageKeys":{}}},"pendingPreKey":{"signedKeyId":5494,"baseKey":"BVDBcdt0hH2ERyDu8d9lmyoKGgl27FzBqWdK36MR5HFN","preKeyId":5532851}}},"version":"v1"}