{"_sessions":{"BYcFBsGDg9tk7WM+snv1//CpvCO9q072RAVtp8nrJ8hv":{"registrationId":360180859,"currentRatchet":{"ephemeralKeyPair":{"pubKey":"BXQ8/AsQvxfmRVzJR17mzWQ/Auhg7bjTXFkCmtyQUat1","privKey":"ABbXqGSQbE43pPVFBfnrwGE+8tJy/nZ4OerHOxVfb04="},"lastRemoteEphemeralKey":"BQXehaI7uj9UINlkjCb/UjEaPdgxrinvYVM34vSeV1gp","previousCounter":0,"rootKey":"ldHueiaFiSDmuok1KavuAAYUcJ2HIPX4Hu/E3GVvesM="},"indexInfo":{"baseKey":"BYcFBsGDg9tk7WM+snv1//CpvCO9q072RAVtp8nrJ8hv","baseKeyType":1,"closed":-1,"used":1724340203207,"created":1724340203207,"remoteIdentityKey":"BTo5BS0JiCs2fXr4NevFpeBXrx6fWasIe5YfWctvKYwo"},"_chains":{"BXQ8/AsQvxfmRVzJR17mzWQ/Auhg7bjTXFkCmtyQUat1":{"chainKey":{"counter":0,"key":"+Lx6Ka+n2zBhr4pW8l8aRmxoDsBMfg/p12+9S1fIze8="},"chainType":1,"messageKeys":{}}},"pendingPreKey":{"signedKeyId":10,"baseKey":"BYcFBsGDg9tk7WM+snv1//CpvCO9q072RAVtp8nrJ8hv","preKeyId":13625778}}},"version":"v1"}