{"_sessions":{"BcDvBZbgR1QoNG2EmuTmiAOE2iOcKnW/aLSXnoWAhn1H":{"registrationId":1176957464,"currentRatchet":{"ephemeralKeyPair":{"pubKey":"BWrw02HLlxxQVD530lwWP9wIQCbkQLeglBE1VMj/hUgP","privKey":"uHFZrWVQdaUt3EWmWbc2snvJMp4VWGGvCwogC0Mnk2A="},"lastRemoteEphemeralKey":"BRKEu8Mm6EVAbTl8KPqy2Dc3Pdv2twm3FXFYujBOej4F","previousCounter":0,"rootKey":"Oe17t+ldv6mMKnjiC1sC+EJlUI3UKHJ7jDr+rGjN8TM="},"indexInfo":{"baseKey":"BcDvBZbgR1QoNG2EmuTmiAOE2iOcKnW/aLSXnoWAhn1H","baseKeyType":1,"closed":1724340111399,"used":1724340111173,"created":1724340111173,"remoteIdentityKey":"BQ35gunt42zm6iFmy8DRh5WTeHJL52FDfmTuDCl3Tcsw"},"_chains":{"BWrw02HLlxxQVD530lwWP9wIQCbkQLeglBE1VMj/hUgP":{"chainKey":{"counter":0,"key":"Y+zXukU957HUISPMw9G+I9QQKjJp0lsGORIOWBi9fWc="},"chainType":1,"messageKeys":{}}},"pendingPreKey":{"signedKeyId":0,"baseKey":"BcDvBZbgR1QoNG2EmuTmiAOE2iOcKnW/aLSXnoWAhn1H"}},"BV58V8p0UA9/uG+jzTEi3+iXk4LCg3LzSEgowIbZFqwl":{"registrationId":1176957464,"currentRatchet":{"ephemeralKeyPair":{"pubKey":"BdA2V2pr+mKuQCk8nJ6hpmwdOJsOV/TaCzf0gD4lYe8a","privKey":"YM952FjUdztAp2wYsdh+a4HizrcD8GBQgsFPXh0l83s="},"lastRemoteEphemeralKey":"BRKEu8Mm6EVAbTl8KPqy2Dc3Pdv2twm3FXFYujBOej4F","previousCounter":0,"rootKey":"I75sWUsS6Ao64A+0hnJRwsStuhkAlv9i9TQ/jBRVSEg="},"indexInfo":{"baseKey":"BV58V8p0UA9/uG+jzTEi3+iXk4LCg3LzSEgowIbZFqwl","baseKeyType":1,"closed":-1,"used":1724340111398,"created":1724340111398,"remoteIdentityKey":"BQ35gunt42zm6iFmy8DRh5WTeHJL52FDfmTuDCl3Tcsw"},"_chains":{"BdA2V2pr+mKuQCk8nJ6hpmwdOJsOV/TaCzf0gD4lYe8a":{"chainKey":{"counter":4,"key":"KfsvLtV71qmKQLEnyXwCuHqh+WK3ke8EvHQl+rPC05U="},"chainType":1,"messageKeys":{}}},"pendingPreKey":{"signedKeyId":0,"baseKey":"BV58V8p0UA9/uG+jzTEi3+iXk4LCg3LzSEgowIbZFqwl"}}},"version":"v1"}