{"_sessions":{"BSKmNOUH/0T5ZplGYW8EVRhh5k8QQeMalX3zLpmjC4dz":{"registrationId":1803371125,"currentRatchet":{"ephemeralKeyPair":{"pubKey":"BYBTMY2oO3gPnqxWuUgFbVjVttwYq7CJUgtIsrEF47QA","privKey":"OAEtKEBVsYEPKe8THGlL1w+Lyyt2c5x4fuCyak7KCVY="},"lastRemoteEphemeralKey":"Bcr9rchgkGaQkbrxpKTgpCmdWtMG935JJszzVUoW1YMi","previousCounter":0,"rootKey":"5Oy/eC8XvkwJ5yKomoXtP+Oo6iIxySyJQXVsDRtF5GU="},"indexInfo":{"baseKey":"BSKmNOUH/0T5ZplGYW8EVRhh5k8QQeMalX3zLpmjC4dz","baseKeyType":1,"closed":-1,"used":1724340203207,"created":1724340203207,"remoteIdentityKey":"Baze3QgkdSwUn5FwkBi+hyslY8gigpRpyl1+5GlDhwgK"},"_chains":{"BYBTMY2oO3gPnqxWuUgFbVjVttwYq7CJUgtIsrEF47QA":{"chainKey":{"counter":0,"key":"RKi+bvKYAWuOPDC70f0+e4HyJJIkTAOsse6fpaKMQqo="},"chainType":1,"messageKeys":{}}},"pendingPreKey":{"signedKeyId":1,"baseKey":"BSKmNOUH/0T5ZplGYW8EVRhh5k8QQeMalX3zLpmjC4dz","preKeyId":1257953}}},"version":"v1"}