{"_sessions":{"BV7gsfLpWobVk2GHthiLt5G/2WIe1A+DoFSCasJ0lck6":{"registrationId":87893762,"currentRatchet":{"ephemeralKeyPair":{"pubKey":"BTPMhy5tyxheoPK1zLksyw30z6O+on7COSTfe/z+QAZr","privKey":"EKz32ALRjgEzCjw5aGHaTULU0cauwqCTmkkHkGR6E1A="},"lastRemoteEphemeralKey":"BeJ7MmzNtifewAti2bw7fWPD7dGpddG8h8SnTNpAZLx+","previousCounter":0,"rootKey":"GH7zlDDQRjQK+KT0JMr+BALeacAuL264iR3SSoLlXFI="},"indexInfo":{"baseKey":"BV7gsfLpWobVk2GHthiLt5G/2WIe1A+DoFSCasJ0lck6","baseKeyType":1,"closed":-1,"used":1724340203209,"created":1724340203209,"remoteIdentityKey":"BbDzEucjT++agZy3fmCL7JiTe6C69SVJdbETe3aeV1YO"},"_chains":{"BTPMhy5tyxheoPK1zLksyw30z6O+on7COSTfe/z+QAZr":{"chainKey":{"counter":0,"key":"HkoRdCwaD/3ViPNVqpwmySzfpsxwpPgUYFX/ymonRl8="},"chainType":1,"messageKeys":{}}},"pendingPreKey":{"signedKeyId":2,"baseKey":"BV7gsfLpWobVk2GHthiLt5G/2WIe1A+DoFSCasJ0lck6","preKeyId":11138430}}},"version":"v1"}