{"_sessions":{"BXNfTOlFBpKVxwF2QfkuKe/02y1LrZkdQqYgAzOACGY3":{"registrationId":1856008322,"currentRatchet":{"ephemeralKeyPair":{"pubKey":"BZY7g1cDbCT5eN70RuOBL7yYmTw30susDYSV4QbsvgVR","privKey":"+DP/XQlrqACwGy4i4DDQcDkdKPDyE/PKGFajQet8f1A="},"lastRemoteEphemeralKey":"BdGFHea6cmeegFeYop+8oYagxxpXeY+DhAwVij6EXJpD","previousCounter":0,"rootKey":"IPX0aeBy95fp87Zni7nT0yglkJAFc8sGXozyt1aS0aw="},"indexInfo":{"baseKey":"BXNfTOlFBpKVxwF2QfkuKe/02y1LrZkdQqYgAzOACGY3","baseKeyType":1,"closed":-1,"used":1724340203202,"created":1724340203202,"remoteIdentityKey":"BQWoIs0hM871hLRX8orSAW98l65aLpWPibVn9NwIbWJt"},"_chains":{"BZY7g1cDbCT5eN70RuOBL7yYmTw30susDYSV4QbsvgVR":{"chainKey":{"counter":0,"key":"6ZMYuwFosjvd238fDCDcWx5Ic+E547uZA4hZU7PY3xc="},"chainType":1,"messageKeys":{}}},"pendingPreKey":{"signedKeyId":0,"baseKey":"BXNfTOlFBpKVxwF2QfkuKe/02y1LrZkdQqYgAzOACGY3","preKeyId":10913751}}},"version":"v1"}