{"_sessions":{"Bah/6FwCqloHLxalxT9oD6D4OOqpkReF6/mWYAezIFcp":{"registrationId":1637242329,"currentRatchet":{"ephemeralKeyPair":{"pubKey":"BcZy9cEv0h5mZhPwDYLsQfoBbNAcl+OVhov0Jxcol1N4","privKey":"0NtJSNMMGwtCQcs10u/fhZrSvFDtjnCiAvA9+ezvYEM="},"lastRemoteEphemeralKey":"BRSkUFoyqxyfHHTSq+EbuDTpD1gUsrPonUm95WctZeVa","previousCounter":0,"rootKey":"6lgF5GmEy+xoaw8aU5/cUtl8VBNC5f+JMBUq8vg+0bI="},"indexInfo":{"baseKey":"Bah/6FwCqloHLxalxT9oD6D4OOqpkReF6/mWYAezIFcp","baseKeyType":1,"closed":-1,"used":1724340203182,"created":1724340203182,"remoteIdentityKey":"BQDDkyUh3mqYv0+6isbaRzG9gWq0c1E4fwVK2BXoD1l+"},"_chains":{"BcZy9cEv0h5mZhPwDYLsQfoBbNAcl+OVhov0Jxcol1N4":{"chainKey":{"counter":0,"key":"oqTSS1Yg3YyxuBbKrXoxHj9PgOQpImxv3xs9TjXzItw="},"chainType":1,"messageKeys":{}}},"pendingPreKey":{"signedKeyId":16,"baseKey":"Bah/6FwCqloHLxalxT9oD6D4OOqpkReF6/mWYAezIFcp","preKeyId":13651691}}},"version":"v1"}