{"_sessions":{"BWvbCMmvvWpiPoss1jp5E71DXtww7dGv2VCEbw2JwW08":{"registrationId":232,"currentRatchet":{"ephemeralKeyPair":{"pubKey":"BcmbdcENkHpSxL8POKL+e+bj5aDiNbCe7a2LoOGG2uNo","privKey":"4GIjklAWCEt2f8p9TE3UMtw/kvcdwzqG52gWYaeQTHE="},"lastRemoteEphemeralKey":"BfB1Ywn4Sd9nvIKmuU82aLrxoT8nTyxEaUqBasK2yWos","previousCounter":0,"rootKey":"3FzTspL9bG9II0SIqzn7JeAjc8exAEUNLKNB8siBbdo="},"indexInfo":{"baseKey":"BWvbCMmvvWpiPoss1jp5E71DXtww7dGv2VCEbw2JwW08","baseKeyType":1,"closed":-1,"used":1724340203155,"created":1724340203155,"remoteIdentityKey":"Be0iHQSb5yYiSysY4y4D2GEDA5RHDH5Z5bsoYzlFdzVO"},"_chains":{"BcmbdcENkHpSxL8POKL+e+bj5aDiNbCe7a2LoOGG2uNo":{"chainKey":{"counter":0,"key":"chYXsYza0HgZJ/JgM2vNvvNNcTgvps7V8YdicdCwndI="},"chainType":1,"messageKeys":{}}},"pendingPreKey":{"signedKeyId":1,"baseKey":"BWvbCMmvvWpiPoss1jp5E71DXtww7dGv2VCEbw2JwW08"}}},"version":"v1"}