{"_sessions":{"BYFn/Ih1i+w9FC0tfFPMNghKRwD5tckYBwnwSr1fl3Ez":{"registrationId":359509374,"currentRatchet":{"ephemeralKeyPair":{"pubKey":"BUAZNWXYseZHFVB5YKiRqtsmZrJ5oOoo7AhTwtfmo4dP","privKey":"YDZaNZdAAIp4iFp9elDC40UrkWqom2vcFlUjhnUn+UU="},"lastRemoteEphemeralKey":"BStV+39cGVFBjEmO2xOzRgBFhxJxh12KaArpdSrvjyAM","previousCounter":0,"rootKey":"Xds+dxiVvdsqIEyZNEVeSCeyUDaLiqcZo/TG1aCoGAc="},"indexInfo":{"baseKey":"BYFn/Ih1i+w9FC0tfFPMNghKRwD5tckYBwnwSr1fl3Ez","baseKeyType":1,"closed":-1,"used":1724340203186,"created":1724340203186,"remoteIdentityKey":"BT8ceebIaurzwUrzckrF0xnQ6webvRMhzNioJvZ0DTEn"},"_chains":{"BUAZNWXYseZHFVB5YKiRqtsmZrJ5oOoo7AhTwtfmo4dP":{"chainKey":{"counter":0,"key":"wIuwTUIyXRC3jiVz0QmB5jp/sddQjj1XD3J0OaV5ZYc="},"chainType":1,"messageKeys":{}}},"pendingPreKey":{"signedKeyId":10,"baseKey":"BYFn/Ih1i+w9FC0tfFPMNghKRwD5tckYBwnwSr1fl3Ez","preKeyId":10992069}}},"version":"v1"}