{"_sessions":{"BQsmB4ngS7kA/UPo1qv8nIiOqHgCD4/8atKzBorJmGFc":{"registrationId":1946294169,"currentRatchet":{"ephemeralKeyPair":{"pubKey":"BSog1QOcPiGjpjNMGegW//FvfYsz4TATIgc/C7UTDVos","privKey":"QKRuMWtEyQ+ib75gwNUrcSri1QRQqESjCrLz1bKAiW0="},"lastRemoteEphemeralKey":"BXGuZHge5MxLoE0cev+9JhTXSyUdp0Go1GxkXYEYkPx4","previousCounter":0,"rootKey":"oavsYK3c21CpPjaR2j0sLqj+SP/D9Q5X7S8SpS2M+dc="},"indexInfo":{"baseKey":"BQsmB4ngS7kA/UPo1qv8nIiOqHgCD4/8atKzBorJmGFc","baseKeyType":1,"closed":-1,"used":1724340203205,"created":1724340203205,"remoteIdentityKey":"BWgG1WjB8/0DULhnOw/lUIuxHK809q6xRZDEwxeeREp/"},"_chains":{"BSog1QOcPiGjpjNMGegW//FvfYsz4TATIgc/C7UTDVos":{"chainKey":{"counter":0,"key":"ZPDhXHenJsZTcMa/Kd1st63q49Gtt2lrAsJJs8VcTZ8="},"chainType":1,"messageKeys":{}}},"pendingPreKey":{"signedKeyId":2,"baseKey":"BQsmB4ngS7kA/UPo1qv8nIiOqHgCD4/8atKzBorJmGFc","preKeyId":13990942}}},"version":"v1"}