{"_sessions":{"BRb3+NB6C77Q0rPXfx88F9ZunZI7LQzJsNGmuwLfBqNd":{"registrationId":1311854480,"currentRatchet":{"ephemeralKeyPair":{"pubKey":"BZ+/+3YZEvSMp7+shM0BaXcNPUVyb/UheZd1ITiEhjI2","privKey":"AL3kYrSF7pU5lQQf9J2QsWmPKtaoBqqw46e/CH+ccGs="},"lastRemoteEphemeralKey":"BS8KzOpB0xRC79DITJBJ8AqO4jdrptX8h5Dl82g0VzIX","previousCounter":0,"rootKey":"ye3qtq+PaogTyjsL/4IXFT0J12Dtda0/q9C1ahgEpd8="},"indexInfo":{"baseKey":"BRb3+NB6C77Q0rPXfx88F9ZunZI7LQzJsNGmuwLfBqNd","baseKeyType":1,"closed":-1,"used":1724340203178,"created":1724340203178,"remoteIdentityKey":"BVQEnY/Mfhrjccw+tMqb8EswvCTfR4KFy6voTDef6w1O"},"_chains":{"BZ+/+3YZEvSMp7+shM0BaXcNPUVyb/UheZd1ITiEhjI2":{"chainKey":{"counter":0,"key":"CpaQjgnnCpQruqoYwIfd5LarnJbKBZja7Cc3ADfdYXA="},"chainType":1,"messageKeys":{}}},"pendingPreKey":{"signedKeyId":1,"baseKey":"BRb3+NB6C77Q0rPXfx88F9ZunZI7LQzJsNGmuwLfBqNd","preKeyId":12689281}}},"version":"v1"}