{"_sessions":{"BWQ3B4/x9tN3c/9wcGQpjOw4zPM74+vzripR5IlyL+I3":{"registrationId":305732680,"currentRatchet":{"ephemeralKeyPair":{"pubKey":"BRZZbPgvq7noy8n+Ih6aYk/cbjXQ2BXRqDbFyCHQSwQq","privKey":"4DJvrnhUvwPNNzBvUejg7iEjE9EqbXBOA5+ds/PcjGo="},"lastRemoteEphemeralKey":"BeBHAwRqW8GICDS8Pz0UKfV6qaM876OckHwvpv/EzTkh","previousCounter":0,"rootKey":"4SzhoOGgnoqL9w1+S3HTotS0374zqMOv4DE4D2OpX0Y="},"indexInfo":{"baseKey":"BWQ3B4/x9tN3c/9wcGQpjOw4zPM74+vzripR5IlyL+I3","baseKeyType":1,"closed":-1,"used":1724340203184,"created":1724340203184,"remoteIdentityKey":"BTZetWo2rV9hzsBYlll8TXEn/eCsJb7CdlKhfqLW8a5z"},"_chains":{"BRZZbPgvq7noy8n+Ih6aYk/cbjXQ2BXRqDbFyCHQSwQq":{"chainKey":{"counter":0,"key":"rl59tJ3xEUM50f5b2zP0AVJ4JUX57RZ0Fd6kK2iiSNo="},"chainType":1,"messageKeys":{}}},"pendingPreKey":{"signedKeyId":13,"baseKey":"BWQ3B4/x9tN3c/9wcGQpjOw4zPM74+vzripR5IlyL+I3","preKeyId":16520758}}},"version":"v1"}