{"_sessions":{"BXDUhx26PAT0O4414f6lNNIpUSxGiBCQwnMULZLaE+lW":{"registrationId":91,"currentRatchet":{"ephemeralKeyPair":{"pubKey":"BXxExwc4PxtYm6EedIgvKrusTw27JRok+Q1XAVL8Bpt/","privKey":"WAbv9TVx1KLbzBuysKFdwChTOw3ynEgdbP9CP2T7Znw="},"lastRemoteEphemeralKey":"BeB3xZpfcEDmn/QvKhbvZQtYvJxlivOzomj3xwkTCx5r","previousCounter":0,"rootKey":"S2PKmF5ozRplaAo8yvcqggIMRoYTpgRDsMOv+a8lY5s="},"indexInfo":{"baseKey":"BXDUhx26PAT0O4414f6lNNIpUSxGiBCQwnMULZLaE+lW","baseKeyType":1,"closed":-1,"used":1724340203165,"created":1724340203165,"remoteIdentityKey":"BV+Em1P0fnq5YBkwRrlo9nx6V4Ex688zJUMhHkL+7YxM"},"_chains":{"BXxExwc4PxtYm6EedIgvKrusTw27JRok+Q1XAVL8Bpt/":{"chainKey":{"counter":0,"key":"DJpkbGjyOyQL+YDMmJcIrT9/yeeIAiE4pxy5iKte1jY="},"chainType":1,"messageKeys":{}}},"pendingPreKey":{"signedKeyId":1,"baseKey":"BXDUhx26PAT0O4414f6lNNIpUSxGiBCQwnMULZLaE+lW"}}},"version":"v1"}