{"_sessions":{"BWIGm00Rm0KJanvT7GBt+gEkN1fqbaNhe22qeSwhZuEy":{"registrationId":42155124,"currentRatchet":{"ephemeralKeyPair":{"pubKey":"Bdea/PbQOWGEE0SiVIn7fr3JKTr0iEyTM+g8FhLkwdZT","privKey":"wG5oi8yMKJDB3u1AcpL6X1Uk4AJO/IK0QzuMqeK/lkg="},"lastRemoteEphemeralKey":"BTgcdJLQQciOgYLQADDSfeDgLo47720jrqxHFYQtZ1Q5","previousCounter":0,"rootKey":"VyWPKEMRfPrBo8XY/bKVaevo6FnrjfCeJOdunZIJ9fo="},"indexInfo":{"baseKey":"BWIGm00Rm0KJanvT7GBt+gEkN1fqbaNhe22qeSwhZuEy","baseKeyType":2,"closed":-1,"used":1724340042220,"created":1724340042220,"remoteIdentityKey":"BeZ79CkERUU7ByKBiQtWEQK//OWL7JKKw+xAE1T1gl1e"},"_chains":{"BTgcdJLQQciOgYLQADDSfeDgLo47720jrqxHFYQtZ1Q5":{"chainKey":{"counter":7,"key":"meMwlPhwU+Alu0zmFoaic5npzbQUSsyhyKAUobMOvx0="},"chainType":2,"messageKeys":{}},"Bdea/PbQOWGEE0SiVIn7fr3JKTr0iEyTM+g8FhLkwdZT":{"chainKey":{"counter":5,"key":"H0KlrgzrsSJLUndlClw3cQDhyEYzufL+tDEskKM2O9s="},"chainType":1,"messageKeys":{}}}}},"version":"v1"}