{"_sessions":{"BR2xXVLPGryU5PVdbqCKX21a43JEToECNERi2a2inyU8":{"registrationId":872043549,"currentRatchet":{"ephemeralKeyPair":{"pubKey":"Bai2xHJr1hweLaDLLSO8ENS6cOKRjbaLLU7BwiQjzrFK","privKey":"gDAfvMXhr2D8sbvxAvzrC5Af7gKhW0rxWCeENviXNnk="},"lastRemoteEphemeralKey":"BTeyGGPzj+vU9D7ZIr6NGJHnZSm71OQ8yksV84cdJT59","previousCounter":0,"rootKey":"E1xclXv2RQC68azFRJ/L5FT1nOuoNmYpa4cO/W0oyoA="},"indexInfo":{"baseKey":"BR2xXVLPGryU5PVdbqCKX21a43JEToECNERi2a2inyU8","baseKeyType":1,"closed":-1,"used":1724340203169,"created":1724340203169,"remoteIdentityKey":"BY5tDRfowJPnFgrrP6WMJ7IskOUJNR392oxYI4yNDKVk"},"_chains":{"Bai2xHJr1hweLaDLLSO8ENS6cOKRjbaLLU7BwiQjzrFK":{"chainKey":{"counter":0,"key":"S82uwGY7TsouKA0d05NXYy7HGoxhA8yDfAL811nZ7aM="},"chainType":1,"messageKeys":{}}},"pendingPreKey":{"signedKeyId":1,"baseKey":"BR2xXVLPGryU5PVdbqCKX21a43JEToECNERi2a2inyU8","preKeyId":425}}},"version":"v1"}