{"_sessions":{"BWXwdxQKU/JkO0wRLsGrfi6LsXXPLRztwOa4VUrIkth6":{"registrationId":11135,"currentRatchet":{"ephemeralKeyPair":{"pubKey":"BZA8cmNWj/wTS0YhIkhqlObHtTO8/mPrBUz0/Zdaesce","privKey":"QFFn5b29VXCz4q0xgkIGa7J/EPK01AkhsaygvC3DglQ="},"lastRemoteEphemeralKey":"BS/S0mV3sUcDPFqYW+vzPvdijXRg/ZacwmR4xW1AoMVj","previousCounter":0,"rootKey":"TnRkMPcSGrt0fBVWy2mrROdYgb/ViMMkRsRV6DgIxhI="},"indexInfo":{"baseKey":"BWXwdxQKU/JkO0wRLsGrfi6LsXXPLRztwOa4VUrIkth6","baseKeyType":1,"closed":-1,"used":1724340203163,"created":1724340203163,"remoteIdentityKey":"Bfy89R2wM8DX3ghJ44RvIsOyQZ4EDh+sYWHjs9G68fsm"},"_chains":{"BZA8cmNWj/wTS0YhIkhqlObHtTO8/mPrBUz0/Zdaesce":{"chainKey":{"counter":0,"key":"mWPTFOyKvwz2FedKpiOlyxkTd+7lVAeG+2vkOJDDAS8="},"chainType":1,"messageKeys":{}}},"pendingPreKey":{"signedKeyId":1,"baseKey":"BWXwdxQKU/JkO0wRLsGrfi6LsXXPLRztwOa4VUrIkth6"}}},"version":"v1"}