{"_sessions":{"BawNxyTNp4aGckDH7v1VVnkCNMOuPNvHu+LOpKZ1Cg5Q":{"registrationId":249032150,"currentRatchet":{"ephemeralKeyPair":{"pubKey":"BZdv+M/CnKc3zRLJtNzQvX3/QSmxSnlmmJ2wUF1Q2I4h","privKey":"ELWqtHE7MtxkSbjAQpKPaIUxTDDevLcmNs6ZYnFPTUc="},"lastRemoteEphemeralKey":"BYp+eeBOWB8ZMDx74KpTSXqSAYAwwd3SGfvnJny2Nacs","previousCounter":0,"rootKey":"x9Eiz6wMc3O/sb3IlQJfw4HFb3qvKPbyn+xuCBLiXms="},"indexInfo":{"baseKey":"BawNxyTNp4aGckDH7v1VVnkCNMOuPNvHu+LOpKZ1Cg5Q","baseKeyType":1,"closed":-1,"used":1724340203196,"created":1724340203196,"remoteIdentityKey":"BR+GHNdBvJDytUxgXChoWb26UMvJORoEhyiPkDVrOf43"},"_chains":{"BZdv+M/CnKc3zRLJtNzQvX3/QSmxSnlmmJ2wUF1Q2I4h":{"chainKey":{"counter":0,"key":"kpWR2XG+bcf4bG3fWSB0HfcBQSrv1VS1zslgXUQ35bo="},"chainType":1,"messageKeys":{}}},"pendingPreKey":{"signedKeyId":3,"baseKey":"BawNxyTNp4aGckDH7v1VVnkCNMOuPNvHu+LOpKZ1Cg5Q","preKeyId":12006655}}},"version":"v1"}