{"_sessions":{"BaIFDm/KQcHkiXHn6+vBtLFyx3+GUohSlP0yCJGlQwdG":{"registrationId":131773317,"currentRatchet":{"ephemeralKeyPair":{"pubKey":"BetdUDrvJwSXIYMUdUhAh55057ffy1l+A3gRx7yCwU17","privKey":"4Cw+gqFudpzkja6TAMfSC51SvCSvViOGA/dyMEtCbn8="},"lastRemoteEphemeralKey":"BX7p33+wflq8sdoYLucW6oShn5F1V1C+2YNW6o9J984c","previousCounter":0,"rootKey":"qptx3uGyCxvICvcwFOgZnX3gBPms/vqWIWzb02PPXkY="},"indexInfo":{"baseKey":"BaIFDm/KQcHkiXHn6+vBtLFyx3+GUohSlP0yCJGlQwdG","baseKeyType":1,"closed":-1,"used":1724340203194,"created":1724340203194,"remoteIdentityKey":"BROdvFFK/YUmfTl+GDeuxm41MAaLJb5s+JG42Q41iFFc"},"_chains":{"BetdUDrvJwSXIYMUdUhAh55057ffy1l+A3gRx7yCwU17":{"chainKey":{"counter":0,"key":"+BGzQWUiATcEH0qCINfcQ6aW8pJG/WYEv+AMeole7kE="},"chainType":1,"messageKeys":{}}},"pendingPreKey":{"signedKeyId":4,"baseKey":"BaIFDm/KQcHkiXHn6+vBtLFyx3+GUohSlP0yCJGlQwdG","preKeyId":14705571}}},"version":"v1"}