{"_sessions":{"BfV9GC7p9WelXrJ2BEs/HY2yAh4JHMKihiTVsj22qRx4":{"registrationId":2010,"currentRatchet":{"ephemeralKeyPair":{"pubKey":"BeFPsYEo2mLYgFfqWLjpLIgtKkw0MUjO6TuuxeiRR/1H","privKey":"8AXnJj+iKM4jprcG++BGcVa/QZLCLv8AX6lSkZR3aF0="},"lastRemoteEphemeralKey":"BWYzX/w7EDUBnmwU1E9xwPViCrO77KcdxHeNIeBM2yx4","previousCounter":0,"rootKey":"8X421xubvraLDWFOEFpEFVns/8RZRYW9AYhjRuLzsyU="},"indexInfo":{"baseKey":"BfV9GC7p9WelXrJ2BEs/HY2yAh4JHMKihiTVsj22qRx4","baseKeyType":1,"closed":-1,"used":1724340203163,"created":1724340203163,"remoteIdentityKey":"BZA0PeHE/t9xNxZ22ahqSenEwrHPArHbqVgfBzOkaHph"},"_chains":{"BeFPsYEo2mLYgFfqWLjpLIgtKkw0MUjO6TuuxeiRR/1H":{"chainKey":{"counter":0,"key":"D8De61ix1FJHyxkmDHHQAYHpCSRtfCYxYg4MtrbY+sc="},"chainType":1,"messageKeys":{}}},"pendingPreKey":{"signedKeyId":1,"baseKey":"BfV9GC7p9WelXrJ2BEs/HY2yAh4JHMKihiTVsj22qRx4"}}},"version":"v1"}