{"_sessions":{"BVpCMv2v6oviy0qansZruFKBe+97uJ3//kEbp7g/7rso":{"registrationId":1298813058,"currentRatchet":{"ephemeralKeyPair":{"pubKey":"BfVWr1cbf+SMGqtd5Nd53EIcnSSAI3fbB362Wl5BFXVS","privKey":"sPXWKhQa4auFoXn7BUQyF956V8L4Z2XQBAgHntEQdVA="},"lastRemoteEphemeralKey":"BZqhO2Wje42oStwqCWYRyClpVVMzDoTvThztjsEKzSBp","previousCounter":0,"rootKey":"xf3j/rB+PGXMFYgHZYLiCtNIswlDIlFaPdx9pbwTmIQ="},"indexInfo":{"baseKey":"BVpCMv2v6oviy0qansZruFKBe+97uJ3//kEbp7g/7rso","baseKeyType":1,"closed":-1,"used":1724340203201,"created":1724340203201,"remoteIdentityKey":"BU7kX3yKcJTNmgMtU9cTuuv4HbgC70nnljCOEHS6Ofo5"},"_chains":{"BfVWr1cbf+SMGqtd5Nd53EIcnSSAI3fbB362Wl5BFXVS":{"chainKey":{"counter":0,"key":"i6xftDXEp4oL4a9CTJlMBCV7AIn6o7gySxbX9CIOHm0="},"chainType":1,"messageKeys":{}}},"pendingPreKey":{"signedKeyId":4,"baseKey":"BVpCMv2v6oviy0qansZruFKBe+97uJ3//kEbp7g/7rso","preKeyId":13315443}}},"version":"v1"}