{"_sessions":{"BfEqFzjRtjwu6BFuBdJWIjnxXEylPA1qyby8k8U3JdZe":{"registrationId":2079230044,"currentRatchet":{"ephemeralKeyPair":{"pubKey":"BSCrPWRxGO+rfgUVghl9dahqJM91jzYX0a+mRX17bC8j","privKey":"wGDn5FJQRjclMYxC+s1R1UuUlww2zXkx5fWicU71f2E="},"lastRemoteEphemeralKey":"BZXiVhmFi/1LaNExRiobQ8odj9tV5Ux+ibrf9ihRda8Y","previousCounter":0,"rootKey":"DhoGPChHoVwHZXxB6X7016ewXQHNaY8fHFQ1GBIRss0="},"indexInfo":{"baseKey":"BfEqFzjRtjwu6BFuBdJWIjnxXEylPA1qyby8k8U3JdZe","baseKeyType":1,"closed":-1,"used":1724340203190,"created":1724340203190,"remoteIdentityKey":"Ba+pJVRySesXQNR5m/1M/TIOrJZiHgPZ8qAcpLDBdQZH"},"_chains":{"BSCrPWRxGO+rfgUVghl9dahqJM91jzYX0a+mRX17bC8j":{"chainKey":{"counter":0,"key":"kEzhVMBgf7U4fdoIegFAGce4nHnRrZbcKuXBVDAdWnw="},"chainType":1,"messageKeys":{}}},"pendingPreKey":{"signedKeyId":2,"baseKey":"BfEqFzjRtjwu6BFuBdJWIjnxXEylPA1qyby8k8U3JdZe","preKeyId":1103711}}},"version":"v1"}