{"_sessions":{"BWz8C5CifxBDJECALbTDjYy+Bgtev0+jGwa8KJOgqasG":{"registrationId":1951296290,"currentRatchet":{"ephemeralKeyPair":{"pubKey":"BUIiVKaWTbZhLPYnZEMh45IyouPNRDy7v4RTljKpvs4a","privKey":"8AMz75p2h2A27o7gCnM/QpMqJatX3MCrHM0MERzS0nQ="},"lastRemoteEphemeralKey":"BWYikHDVHdHo0MGL35x1JISBTkXiK19iw4jbCxSvhdRj","previousCounter":0,"rootKey":"Rriq1FhnpJ2jyoCR7WxvKZ/b4cHij+Mf4dRG7nZQk38="},"indexInfo":{"baseKey":"BWz8C5CifxBDJECALbTDjYy+Bgtev0+jGwa8KJOgqasG","baseKeyType":1,"closed":-1,"used":1724340203175,"created":1724340203175,"remoteIdentityKey":"BcV2cW13oQey6VN/XBvDSdJvuhvlCdEBhwAsJFGT/kZy"},"_chains":{"BUIiVKaWTbZhLPYnZEMh45IyouPNRDy7v4RTljKpvs4a":{"chainKey":{"counter":0,"key":"i0dYxj05qoSQwtZxWwxQedojS6XU/4R11bSMImJk/pI="},"chainType":1,"messageKeys":{}}},"pendingPreKey":{"signedKeyId":10,"baseKey":"BWz8C5CifxBDJECALbTDjYy+Bgtev0+jGwa8KJOgqasG","preKeyId":13338698}}},"version":"v1"}