{"_sessions":{"BQZgvf/PCA89JwoqETq739MjMSXBX+vn7CVgl6+90zd6":{"registrationId":23597826,"currentRatchet":{"ephemeralKeyPair":{"pubKey":"Bbmfcq2zjGId8bKVA1F8htEk/p6gNdMZgpz5ammgiBdb","privKey":"COMC+4iOUboRfDPpWAKmJmeClXqDzkk+W8tOVV/4RmU="},"lastRemoteEphemeralKey":"BVl9hYQ9KTkBhOlbbKdsaoq7M70yfuPAQKarjRgAwMVX","previousCounter":0,"rootKey":"xW1S4CrQEuzqe5rYHtc2qbiF7mUGgLs6IROQYKwFB5I="},"indexInfo":{"baseKey":"BQZgvf/PCA89JwoqETq739MjMSXBX+vn7CVgl6+90zd6","baseKeyType":1,"closed":-1,"used":1724340203194,"created":1724340203194,"remoteIdentityKey":"BX2Nhc7cJlUKhD0DGfZ0gI/zAxULdvT6IuA2FzNCRqcT"},"_chains":{"Bbmfcq2zjGId8bKVA1F8htEk/p6gNdMZgpz5ammgiBdb":{"chainKey":{"counter":0,"key":"z6JrUxIYpzcsM0u7aErGFODD9aZckg3VTNhsV62fpso="},"chainType":1,"messageKeys":{}}},"pendingPreKey":{"signedKeyId":2,"baseKey":"BQZgvf/PCA89JwoqETq739MjMSXBX+vn7CVgl6+90zd6","preKeyId":12744651}}},"version":"v1"}