{"_sessions":{"BUbg1uAxCf+NciPwHVbxXkDcy9HfVNfb6DLWmlHM3V0K":{"registrationId":1075635997,"currentRatchet":{"ephemeralKeyPair":{"pubKey":"BSz/fsaRnIHuuOKlWkktpYB9DMHRa+RsoxxoeeY/3pFU","privKey":"uEZy3cx2AJIWfRl0dSu4p+Wt5yvfEP++zfdlYmf1Klw="},"lastRemoteEphemeralKey":"BUILW4kUSh/ojZChsZBGJnszWLzxWt96F1un05af1KAf","previousCounter":0,"rootKey":"Xjt1Et58bgeblwKoKU4Jo8L1cOuqPUhYBPYr950f2Uc="},"indexInfo":{"baseKey":"BUbg1uAxCf+NciPwHVbxXkDcy9HfVNfb6DLWmlHM3V0K","baseKeyType":1,"closed":-1,"used":1724340203187,"created":1724340203187,"remoteIdentityKey":"BS4mHkW0IedDNhqtRivwjGfg/0+deTAuzGTJ6h0XUVgK"},"_chains":{"BSz/fsaRnIHuuOKlWkktpYB9DMHRa+RsoxxoeeY/3pFU":{"chainKey":{"counter":0,"key":"0gh/7gItt5s9ax27lJDu962scMRFxZK1b2zqgTqJFvY="},"chainType":1,"messageKeys":{}}},"pendingPreKey":{"signedKeyId":6,"baseKey":"BUbg1uAxCf+NciPwHVbxXkDcy9HfVNfb6DLWmlHM3V0K","preKeyId":8784176}}},"version":"v1"}