{"_sessions":{"BQdhVxGARUh7bRX6zliP5wcnWlI2cl/oOn1Zd29ShP5R":{"registrationId":1842293020,"currentRatchet":{"ephemeralKeyPair":{"pubKey":"Bbk7fpzRC0X6U9OxbsJYQqJ6JMcw37uJdnBVUIxN/spm","privKey":"6Bq4YpE2zmZHkDdB+ukln7eVkcbjAPaRlXJeyREEeko="},"lastRemoteEphemeralKey":"BZmWGE+DVWbTxCJuE/emV4dkKtx10Ru6XcXx6Fw+LK4E","previousCounter":3,"rootKey":"HJYHIK5WHfFmTqC8ObW4JytfsM+dyOhgX1rkkqTXoEE="},"indexInfo":{"baseKey":"BQdhVxGARUh7bRX6zliP5wcnWlI2cl/oOn1Zd29ShP5R","baseKeyType":2,"closed":-1,"used":1724340141441,"created":1724340061269,"remoteIdentityKey":"BfUWgWxdJx7VxCPA90MzoY+X4jZrCYru17X3QtgRDRxi"},"_chains":{"BUkGSY9DWhmMfrGne7+DlXoBhPlsaBX641UCJ0FqiPZA":{"chainKey":{"counter":1},"chainType":2,"messageKeys":{}},"BZmWGE+DVWbTxCJuE/emV4dkKtx10Ru6XcXx6Fw+LK4E":{"chainKey":{"counter":0,"key":"T3i+oQD5U/S3AoMMJ1EEsPm7bZo5fs6NfhktW6mS6DY="},"chainType":2,"messageKeys":{}},"Bbk7fpzRC0X6U9OxbsJYQqJ6JMcw37uJdnBVUIxN/spm":{"chainKey":{"counter":0,"key":"H74u/kvl262wucENydfDZDDNdUCemSPeOrZm6cyIiKg="},"chainType":1,"messageKeys":{}}}}},"version":"v1"}