{"_sessions":{"BSiUzVduTuyRS2Zt8TUXtLPVhdp+6jbSTUvojYLIEaZV":{"registrationId":847097275,"currentRatchet":{"ephemeralKeyPair":{"pubKey":"BUgOkEwtSbaIw3mwz4RxL84n2iZmr0vQu/8Qtms2cNgh","privKey":"iLK4/ecxLi3Z0NpAGJmkGTr/KajGTJxhXxAD0pDUY3o="},"lastRemoteEphemeralKey":"BcyT4dRFf3tcuHQLmFOUw9jHezotbPePTQLMyzcbHpIS","previousCounter":0,"rootKey":"TDIP+bJ5vJLH9vhS731YqHUdxRPj8EpoAMJjBQ0/CEc="},"indexInfo":{"baseKey":"BSiUzVduTuyRS2Zt8TUXtLPVhdp+6jbSTUvojYLIEaZV","baseKeyType":1,"closed":-1,"used":1724340203176,"created":1724340203176,"remoteIdentityKey":"BS8dUO6E+r3m7heIaQVj5Hn8QaY1Ton1ra0r5eNXfQMD"},"_chains":{"BUgOkEwtSbaIw3mwz4RxL84n2iZmr0vQu/8Qtms2cNgh":{"chainKey":{"counter":0,"key":"LtoCIPnjTZ2WgjEW1FGX6TQUWjN9t2lQPNIlCK4jaZU="},"chainType":1,"messageKeys":{}}},"pendingPreKey":{"signedKeyId":2039190,"baseKey":"BSiUzVduTuyRS2Zt8TUXtLPVhdp+6jbSTUvojYLIEaZV","preKeyId":4802}}},"version":"v1"}