{"_sessions":{"BVzrRi2zI+SMcPnewVMBaBXzx2XtgEvpDy/+y6bhbCIk":{"registrationId":1670944792,"currentRatchet":{"ephemeralKeyPair":{"pubKey":"BdSBhpkAQTerj3si2BZ8A6ikWU/Z/+4CH1n5F9P1TacJ","privKey":"wHF8QZ5XP1LnS6YAy9aJdz+2uOoGrgHfP0VysqwDaFc="},"lastRemoteEphemeralKey":"BQLDY9eyHO7EqO1P+zonukawje/2Cy/QD8d8TV4ps9M3","previousCounter":0,"rootKey":"S3LO0nUpiih99HppzcX7Y1TnadNZ4VhJxycePTr/cGo="},"indexInfo":{"baseKey":"BVzrRi2zI+SMcPnewVMBaBXzx2XtgEvpDy/+y6bhbCIk","baseKeyType":1,"closed":-1,"used":1724340203200,"created":1724340203200,"remoteIdentityKey":"BYwzP1Hu9H/X6xmiaGOrw00hGG/aR82LD9uiNf+Ut4wv"},"_chains":{"BdSBhpkAQTerj3si2BZ8A6ikWU/Z/+4CH1n5F9P1TacJ":{"chainKey":{"counter":0,"key":"+mwVtRaTd08J1CPFWUAp9C/dycojKu4r5xNUZ244XJg="},"chainType":1,"messageKeys":{}}},"pendingPreKey":{"signedKeyId":12,"baseKey":"BVzrRi2zI+SMcPnewVMBaBXzx2XtgEvpDy/+y6bhbCIk","preKeyId":6315185}}},"version":"v1"}