{"_sessions":{"BehD/CCxHpLAGd/u5yVhBaYoNdP2vrxKkGcKG75EoBl8":{"registrationId":148172262,"currentRatchet":{"ephemeralKeyPair":{"pubKey":"BXNo59unLTcxA8uSp63EeQsRL1L6uFYPi+NaDB2GCPgs","privKey":"oB3ETE67wiH5fW6B3rtyUwSHyCzcxLzRnlSXC+rv1GU="},"lastRemoteEphemeralKey":"BfVojHtOuK+XDRK4jwxsjPa9KQle6vYQ3zI3kX/TJT9s","previousCounter":0,"rootKey":"cEKtsvCLuCQvf2U85qGE5D0ckaQ86ja4SHfm8kOxw94="},"indexInfo":{"baseKey":"BehD/CCxHpLAGd/u5yVhBaYoNdP2vrxKkGcKG75EoBl8","baseKeyType":1,"closed":-1,"used":1724340203174,"created":1724340203174,"remoteIdentityKey":"BWAvPf6ULMzR1OeXdchJ60JnumcCZHoZHL9k2ULKZUhX"},"_chains":{"BXNo59unLTcxA8uSp63EeQsRL1L6uFYPi+NaDB2GCPgs":{"chainKey":{"counter":0,"key":"yeyxM0O9ErGvVTZwpvnjx+TNep7IIu/+txXfTK3QSUw="},"chainType":1,"messageKeys":{}}},"pendingPreKey":{"signedKeyId":8,"baseKey":"BehD/CCxHpLAGd/u5yVhBaYoNdP2vrxKkGcKG75EoBl8","preKeyId":8536232}}},"version":"v1"}