{"_sessions":{"BRL1qXLOaUIDBi3jCuZZF9qvq7cfImn6nfwhPMeamyJ/":{"registrationId":1045393000,"currentRatchet":{"ephemeralKeyPair":{"pubKey":"BQYuFPReG1+SvWfQwaDCfWqWwZE4NxZa4Y63+gqJIrwF","privKey":"aLt5gFTORyV7+Y9MwtA+e38BPRGXrK69bxdVCoAONm8="},"lastRemoteEphemeralKey":"BSu9MjImGiq4mMKxRFitESLWFYt8AFzv1qgoWg5gCQYb","previousCounter":0,"rootKey":"Lm+nUr6EoD3HSY+eg2d20qBmLbsS/AyuscOdIxxxkaA="},"indexInfo":{"baseKey":"BRL1qXLOaUIDBi3jCuZZF9qvq7cfImn6nfwhPMeamyJ/","baseKeyType":1,"closed":-1,"used":1724340203173,"created":1724340203173,"remoteIdentityKey":"BcRg/SDGLrth8yzeHAoog+hhYfRKXRqjnzgNtZRn+Wxa"},"_chains":{"BQYuFPReG1+SvWfQwaDCfWqWwZE4NxZa4Y63+gqJIrwF":{"chainKey":{"counter":0,"key":"VQLjg5P6U9zploOnivq/zmXLklHOfSfA7rLN/4Qi538="},"chainType":1,"messageKeys":{}}},"pendingPreKey":{"signedKeyId":11,"baseKey":"BRL1qXLOaUIDBi3jCuZZF9qvq7cfImn6nfwhPMeamyJ/","preKeyId":1364849}}},"version":"v1"}