{"_sessions":{"BU1wzIXtEohw6s9Dnuv7wmsgZT89gTSztGF+yOLVhsMe":{"registrationId":45657153,"currentRatchet":{"ephemeralKeyPair":{"pubKey":"BQW39X/LxZKUuvIqCsAx/ToUXuIFKDg17IqjTBP7po8g","privKey":"WMDURig8xT5zIjz4sRdUimyjbT88SXCysubo1CI1m3o="},"lastRemoteEphemeralKey":"BUuoCl+7GhH151nFIPaOqCtszCWigdq34UmE8fdn9KRb","previousCounter":0,"rootKey":"cRzGf4/E/mb1RwtHXRJtXWfMXWJmBsM2K8UxNDMBg9Q="},"indexInfo":{"baseKey":"BU1wzIXtEohw6s9Dnuv7wmsgZT89gTSztGF+yOLVhsMe","baseKeyType":1,"closed":-1,"used":1724340203201,"created":1724340203201,"remoteIdentityKey":"BViBWJTcvdojLOxl7HfnbIqiduG09DaA6HthLpZht/gX"},"_chains":{"BQW39X/LxZKUuvIqCsAx/ToUXuIFKDg17IqjTBP7po8g":{"chainKey":{"counter":0,"key":"JXMsEUeOoGth53o6EXbuOF5nB7Q4o61z58A+GsMdAEc="},"chainType":1,"messageKeys":{}}},"pendingPreKey":{"signedKeyId":8279507,"baseKey":"BU1wzIXtEohw6s9Dnuv7wmsgZT89gTSztGF+yOLVhsMe","preKeyId":17086}}},"version":"v1"}