{"_sessions":{"BX7q2gZy/eF2ZKWnj2W5lEMtH5hRgwk4JQQNVBolDK4o":{"registrationId":187,"currentRatchet":{"ephemeralKeyPair":{"pubKey":"BcuQTGsvGmYsCSpW3gT5HO8blX/c0ETqU7CtT71G1bY5","privKey":"OOuiSNKAolXiU/Xg2BI8u+1Hy5NqGR3Xt2H89wd4hH8="},"lastRemoteEphemeralKey":"BWO9wpMd2F27FapTvQwrIcXvUsvikPQbzkS5mbNTmas5","previousCounter":0,"rootKey":"Naayjyvlh14ERUGlz4vM/ANCdgBrcegONMcESArBTfM="},"indexInfo":{"baseKey":"BX7q2gZy/eF2ZKWnj2W5lEMtH5hRgwk4JQQNVBolDK4o","baseKeyType":1,"closed":-1,"used":1724340203159,"created":1724340203159,"remoteIdentityKey":"BWi+jhsfIZgBdrP4odrv5+lFc8IDuRpw27Nv0Uj0bkBZ"},"_chains":{"BcuQTGsvGmYsCSpW3gT5HO8blX/c0ETqU7CtT71G1bY5":{"chainKey":{"counter":0,"key":"Q1++abx1SBpkvHyGRHaUFdOsWkbDgLpysFF9bArANI4="},"chainType":1,"messageKeys":{}}},"pendingPreKey":{"signedKeyId":1,"baseKey":"BX7q2gZy/eF2ZKWnj2W5lEMtH5hRgwk4JQQNVBolDK4o","preKeyId":815}}},"version":"v1"}