{"_sessions":{"BUCDK9hlR1UM7TBTvdCfHvijrSkwzwo7sM4mB4Y1DVln":{"registrationId":1338951662,"currentRatchet":{"ephemeralKeyPair":{"pubKey":"BYnF5ypG3tcqZbX4tuQXmtnTl9n8lGsPSE/UAGrAth9z","privKey":"gMGQ8aa11LoGDM+4Kog7aceqDlZpi3/tJ1z5PguMAVo="},"lastRemoteEphemeralKey":"BQUVInQNv0f/3cJQFNveOjX7z3wOtdSQhbs3N7LPXpFz","previousCounter":0,"rootKey":"SRi/2xLaBj27e2vSWKjCD1WCSJ7PZlVs3xdby7IGUgg="},"indexInfo":{"baseKey":"BUCDK9hlR1UM7TBTvdCfHvijrSkwzwo7sM4mB4Y1DVln","baseKeyType":1,"closed":-1,"used":1724340203195,"created":1724340203195,"remoteIdentityKey":"BScVmskdTCY3TnN2mqJc36D+vG8qpPDxT5PL8DCGqecQ"},"_chains":{"BYnF5ypG3tcqZbX4tuQXmtnTl9n8lGsPSE/UAGrAth9z":{"chainKey":{"counter":0,"key":"LUdc/PbKML0HXAlosxrqX3g+SUx2wjXFH2UU5RtWpqk="},"chainType":1,"messageKeys":{}}},"pendingPreKey":{"signedKeyId":4,"baseKey":"BUCDK9hlR1UM7TBTvdCfHvijrSkwzwo7sM4mB4Y1DVln","preKeyId":3375984}}},"version":"v1"}