{"_sessions":{"BdHoeScykFUxXEbxBgg+5SnqSFayasO3hpsyeF1ZYtNf":{"registrationId":2036009033,"currentRatchet":{"ephemeralKeyPair":{"pubKey":"BamOkToprEdEwL7v6xW+TfSh/wmrPZRkrgSGuum8UuIO","privKey":"AAz03wBcAolkqNa5y9wcoFAIYSiRTgSdsT26tWJ1TVY="},"lastRemoteEphemeralKey":"BZKz/vXmv9HCvBIo39rSO61x7KqFbMlV6l7SofZh3cMo","previousCounter":0,"rootKey":"qCn1finG3LfjP6dsuGSfnStiCEIYg+j7UmlVHNUKpIc="},"indexInfo":{"baseKey":"BdHoeScykFUxXEbxBgg+5SnqSFayasO3hpsyeF1ZYtNf","baseKeyType":1,"closed":-1,"used":1724340203197,"created":1724340203197,"remoteIdentityKey":"BeWjK+dqcnVjD20UYpZOb8bGimcvzedMjrpVdWKLr4Ii"},"_chains":{"BamOkToprEdEwL7v6xW+TfSh/wmrPZRkrgSGuum8UuIO":{"chainKey":{"counter":0,"key":"/Ug6qFd+SFvhbDHV4ZhDCQE4KXN12WdjKE7WRj3KDCI="},"chainType":1,"messageKeys":{}}},"pendingPreKey":{"signedKeyId":8,"baseKey":"BdHoeScykFUxXEbxBgg+5SnqSFayasO3hpsyeF1ZYtNf","preKeyId":3904702}}},"version":"v1"}