{"_sessions":{"Bf3i9CxD9hBrLmazNAH30W+4ftHmGc5I6NCt4m1bxlBF":{"registrationId":2139723213,"currentRatchet":{"ephemeralKeyPair":{"pubKey":"BY+7K1kh6e0B3urx6+sxsfd/y0flFn1YClKAMHUpmTxy","privKey":"wEZNp3tfWCnpgOzjJTQOAmI1ZOAsj6aVW9WwRJyVqkM="},"lastRemoteEphemeralKey":"Be4/Xy0dmnaWfrGVB3OIJHYF65IkgoGSPy+uuQhzdM0Y","previousCounter":0,"rootKey":"v0hRl4yG47wu5LGEDIrUM40zaaO3gFsN+m39n4hHmTs="},"indexInfo":{"baseKey":"Bf3i9CxD9hBrLmazNAH30W+4ftHmGc5I6NCt4m1bxlBF","baseKeyType":1,"closed":-1,"used":1724340203193,"created":1724340203193,"remoteIdentityKey":"BVL6hAijWCcwMyPij2QTRvirfczyk5aenEzVrKFn2hUp"},"_chains":{"BY+7K1kh6e0B3urx6+sxsfd/y0flFn1YClKAMHUpmTxy":{"chainKey":{"counter":0,"key":"LTxuPKctpJiEIDLnes2yxnm2JP4nVmZ+TMIgmbmFXWQ="},"chainType":1,"messageKeys":{}}},"pendingPreKey":{"signedKeyId":7,"baseKey":"Bf3i9CxD9hBrLmazNAH30W+4ftHmGc5I6NCt4m1bxlBF","preKeyId":4568807}}},"version":"v1"}