{"_sessions":{"BeCEuekXuFeQtA5c6H0SSvPyEY2yuYaU3kOvpdnDxD1a":{"registrationId":23,"currentRatchet":{"ephemeralKeyPair":{"pubKey":"BYbiiqnEJG9gROMnwxnzX1JAwDnlPeiUNA1e9rJT/7hM","privKey":"UMRQ006C3KJXUor/jZtfasy9wdDW1vsuumTFQo6uYUY="},"lastRemoteEphemeralKey":"BWNxn1hlGwopWd2IFWi8kNwbJsqt9QRrN67mbnEW3Ewh","previousCounter":0,"rootKey":"ZawAliu3eSwOVC9nv0GXzUK32iQrkiCpSSgArJeZ4zI="},"indexInfo":{"baseKey":"BeCEuekXuFeQtA5c6H0SSvPyEY2yuYaU3kOvpdnDxD1a","baseKeyType":1,"closed":-1,"used":1724340203166,"created":1724340203166,"remoteIdentityKey":"BWpc5Iu3z4cAjEl8WTLuNuNfqnH7eT2RelzUjRwKCj0E"},"_chains":{"BYbiiqnEJG9gROMnwxnzX1JAwDnlPeiUNA1e9rJT/7hM":{"chainKey":{"counter":0,"key":"FSqicP4Yi4/tL7JBm6b58Q6VDYYEY4H5W+bJr2QUSrE="},"chainType":1,"messageKeys":{}}},"pendingPreKey":{"signedKeyId":1,"baseKey":"BeCEuekXuFeQtA5c6H0SSvPyEY2yuYaU3kOvpdnDxD1a","preKeyId":168}}},"version":"v1"}