{"_sessions":{"BfkXMTEawMbwNZhekcBgbHftkcEJ7WdCC9e1vH8sLRp1":{"registrationId":1225002302,"currentRatchet":{"ephemeralKeyPair":{"pubKey":"BXSmIcBI2C34UbljB/Oum0OWqbkJTb23zKSh4iw90BZK","privKey":"4Ejw5hwqfFQFw8EMmLidgrTfsKm4MlTMTKKbHJjVTVg="},"lastRemoteEphemeralKey":"BQ0ytDonYmnb6z+bUcMbBLRb5U80QiyK/M1CmdUq1g5+","previousCounter":0,"rootKey":"zORAl86WHbF0+PjkDQS1qQujFXjJg3tn3k3llf1mB8M="},"indexInfo":{"baseKey":"BfkXMTEawMbwNZhekcBgbHftkcEJ7WdCC9e1vH8sLRp1","baseKeyType":1,"closed":-1,"used":1724340203199,"created":1724340203199,"remoteIdentityKey":"Ba4xKIkFd5B09butbnK28nNBApjXznyt6t392MBWlh8W"},"_chains":{"BXSmIcBI2C34UbljB/Oum0OWqbkJTb23zKSh4iw90BZK":{"chainKey":{"counter":0,"key":"IKsftzO0TmLdzNvkPLShszTYAJqIBpe5h+iRx8Q2ekU="},"chainType":1,"messageKeys":{}}},"pendingPreKey":{"signedKeyId":0,"baseKey":"BfkXMTEawMbwNZhekcBgbHftkcEJ7WdCC9e1vH8sLRp1","preKeyId":12693515}}},"version":"v1"}