{"_sessions":{"BeHv2koB2aTTlr7sz3T2cKcDEsy9OOztjOJUrn7P7WkV":{"registrationId":498704117,"currentRatchet":{"ephemeralKeyPair":{"pubKey":"BRiuTmTdLv3DMJnIJHZpEcHQyy3GiwZyabZ/lKXAv6R1","privKey":"uKVaxlkqoYLkwl/abTNUSnCO8UY1AiPJ6TutbAHWdns="},"lastRemoteEphemeralKey":"BahzRWnSoz4rGyx3iI9XVB8eKIMjpcS7EPn8v9aHfaRt","previousCounter":0,"rootKey":"+j1hx8htS8vY93pPgL8+FIO/pIvrGliFspVQO6FRzqw="},"indexInfo":{"baseKey":"BeHv2koB2aTTlr7sz3T2cKcDEsy9OOztjOJUrn7P7WkV","baseKeyType":1,"closed":-1,"used":1724340203196,"created":1724340203196,"remoteIdentityKey":"BT/nIahjC/lp7DyyIjDlQ8ZNIiUuprC6xAQeB+0P78UT"},"_chains":{"BRiuTmTdLv3DMJnIJHZpEcHQyy3GiwZyabZ/lKXAv6R1":{"chainKey":{"counter":0,"key":"65PHC3phy66LA54Hv+2LYtGxmlhOxyNIyIkYdYV8C2Q="},"chainType":1,"messageKeys":{}}},"pendingPreKey":{"signedKeyId":15,"baseKey":"BeHv2koB2aTTlr7sz3T2cKcDEsy9OOztjOJUrn7P7WkV","preKeyId":6521938}}},"version":"v1"}