{"_sessions":{"BbfnIxI5+BODlc5JigshphBi2SD3SiCBZ4IHesH0rXB4":{"registrationId":755233160,"currentRatchet":{"ephemeralKeyPair":{"pubKey":"BcS2XQsF0OjO2dOLAt04yu0IdoW/UJHJeK4IBysbBYML","privKey":"OGrHp5g5XoJKq6fm2mVtOQPvgkTA2yC4rLIdREdITn4="},"lastRemoteEphemeralKey":"Ba4o8zyz9KdWE15fDzarVlZufyaspjwTPcrkhstPxmVZ","previousCounter":0,"rootKey":"v0lUmMFuSZs2KzAY57xLNQVBJZzb63OkuJfSVW/e36g="},"indexInfo":{"baseKey":"BbfnIxI5+BODlc5JigshphBi2SD3SiCBZ4IHesH0rXB4","baseKeyType":1,"closed":-1,"used":1724340203191,"created":1724340203191,"remoteIdentityKey":"BUkvEPVzqMsZGnWSacOQp90YTAXB7q1vZcCK4MD6O0FB"},"_chains":{"BcS2XQsF0OjO2dOLAt04yu0IdoW/UJHJeK4IBysbBYML":{"chainKey":{"counter":0,"key":"dF5dhJPC6v7ALWmbD4Koa6fIcfENDJGELYo0Zt1qYdI="},"chainType":1,"messageKeys":{}}},"pendingPreKey":{"signedKeyId":1,"baseKey":"BbfnIxI5+BODlc5JigshphBi2SD3SiCBZ4IHesH0rXB4","preKeyId":6900613}}},"version":"v1"}