{"_sessions":{"BWSGfYljXZr6Y6RiPObxBVFnkxtRwihyzfblglpyIAcn":{"registrationId":139021412,"currentRatchet":{"ephemeralKeyPair":{"pubKey":"BQ3sOGJzateatENn0x2/q+js02TsFCu0GvvsBVdiicRm","privKey":"gPCJeQmm/WkrS7451IJPUhS2/g0bD5PHEXIy8dwJTX8="},"lastRemoteEphemeralKey":"BbWWleS6zy9ehJqmII8evxKUq7Vy0k6QUcjtxBDORXVD","previousCounter":0,"rootKey":"kDEfRvuTCmYUC+3XwVYI+pIP/Vn+KZuphpWEaVF8L+4="},"indexInfo":{"baseKey":"BWSGfYljXZr6Y6RiPObxBVFnkxtRwihyzfblglpyIAcn","baseKeyType":1,"closed":-1,"used":1724340203180,"created":1724340203180,"remoteIdentityKey":"BbukU+Mq69nLEALULcQinFT/YWT/UGikwFJ8Hb9gV54E"},"_chains":{"BQ3sOGJzateatENn0x2/q+js02TsFCu0GvvsBVdiicRm":{"chainKey":{"counter":0,"key":"AG/jyF2CDy0moFZSBOwO/I+dYrJ8icJBofLm263n0qY="},"chainType":1,"messageKeys":{}}},"pendingPreKey":{"signedKeyId":1,"baseKey":"BWSGfYljXZr6Y6RiPObxBVFnkxtRwihyzfblglpyIAcn","preKeyId":7201334}}},"version":"v1"}