{"_sessions":{"BTtv8rhe43iDeo7b9fsLWAjWiMVgTEynhBz9XBeD5W84":{"registrationId":1992027639,"currentRatchet":{"ephemeralKeyPair":{"pubKey":"BUNDYTb/MGbmoGfEozsyzCImgCdWZaoAF6Cm+OsEycsJ","privKey":"GItztnTTZUpre8hz7LCia2q5sCPG3xoa0uD7Gv8NSns="},"lastRemoteEphemeralKey":"BZobGxyHSthMqQI6ombCpEab6FVQ5hvE9D1mCByYFKot","previousCounter":0,"rootKey":"4ClbS5OhdKYpanRqY0kfW47/bUZLHNgWcG3hPHzF/as="},"indexInfo":{"baseKey":"BTtv8rhe43iDeo7b9fsLWAjWiMVgTEynhBz9XBeD5W84","baseKeyType":1,"closed":-1,"used":1724340203202,"created":1724340203202,"remoteIdentityKey":"BcFIXuVfzrJBOAa+UNbLM39zF1L8KPjPNVk363WvScxc"},"_chains":{"BUNDYTb/MGbmoGfEozsyzCImgCdWZaoAF6Cm+OsEycsJ":{"chainKey":{"counter":0,"key":"MqAlHaK1bz7vHwsuKWXMT8GPjDVh8pYVcVwQaSHIFWQ="},"chainType":1,"messageKeys":{}}},"pendingPreKey":{"signedKeyId":81,"baseKey":"BTtv8rhe43iDeo7b9fsLWAjWiMVgTEynhBz9XBeD5W84","preKeyId":2559291}}},"version":"v1"}