{"_sessions":{"BYHR2D1APpfW2Zn2HQxvOamwepMdG2Z6s2PS4gr/D4kJ":{"registrationId":7233,"currentRatchet":{"ephemeralKeyPair":{"pubKey":"BQovpfSwxtX7gNEpTWNfj2IsyL1lAiwdzNZbmFqEKFBL","privKey":"AKBA4d2nICBv0XstXZw2BzO2LfOedjw55ct+XzC07VU="},"lastRemoteEphemeralKey":"BcFOd+R/E38hMTp9d8IHhgcldquGZHu09DahxV0cBslD","previousCounter":0,"rootKey":"JBOGImCo9C+YAjEb9oeMbVpgnQYUtUMzfRD4vgKKWj0="},"indexInfo":{"baseKey":"BYHR2D1APpfW2Zn2HQxvOamwepMdG2Z6s2PS4gr/D4kJ","baseKeyType":1,"closed":-1,"used":1724340203170,"created":1724340203170,"remoteIdentityKey":"BenEDippMQNyjTzmWpulWpDRkbRIIY/brM5FMMIHdXVR"},"_chains":{"BQovpfSwxtX7gNEpTWNfj2IsyL1lAiwdzNZbmFqEKFBL":{"chainKey":{"counter":0,"key":"3upF0PW1p87ILlwEA5vGILwlGDHlmrUefZVkCyHIedk="},"chainType":1,"messageKeys":{}}},"pendingPreKey":{"signedKeyId":1,"baseKey":"BYHR2D1APpfW2Zn2HQxvOamwepMdG2Z6s2PS4gr/D4kJ","preKeyId":841}}},"version":"v1"}