{"_sessions":{"BUCx19qgYZvIYsg34fbprWldKY+AdgvBLcWSOgWcVNA5":{"registrationId":300312845,"currentRatchet":{"ephemeralKeyPair":{"pubKey":"BSq/d9hlK4BNLF/yFcNqD1AQHIkUngPFqOLsDW/hZxld","privKey":"eNzqWtj0kxDk0u2jRs0rAfRx5LqCwopIXmiloebe+10="},"lastRemoteEphemeralKey":"BWSjk87xjhMucETpUqtC5HUsNw10YENOKsAJUrPObSZ1","previousCounter":0,"rootKey":"Zo9p7JdlatCxzDFLyMX2KJRM3quko4UpeseFT6qV9nM="},"indexInfo":{"baseKey":"BUCx19qgYZvIYsg34fbprWldKY+AdgvBLcWSOgWcVNA5","baseKeyType":1,"closed":-1,"used":1724340203171,"created":1724340203171,"remoteIdentityKey":"BbUNR6LxvxfheEsW5lJH4SHKFN4RMePrSYOv/lqjggRr"},"_chains":{"BSq/d9hlK4BNLF/yFcNqD1AQHIkUngPFqOLsDW/hZxld":{"chainKey":{"counter":0,"key":"elbRxQ7HqWvvKjBh8bp0kGA3vxwzJup3At7q4KxmbmI="},"chainType":1,"messageKeys":{}}},"pendingPreKey":{"signedKeyId":0,"baseKey":"BUCx19qgYZvIYsg34fbprWldKY+AdgvBLcWSOgWcVNA5","preKeyId":4062764}}},"version":"v1"}