{"_sessions":{"Bbyd4iGhkQ7/Mvj8/5EnacOu58DMSjXJDb6xzYORWuED":{"registrationId":1807093734,"currentRatchet":{"ephemeralKeyPair":{"pubKey":"BbjCRTr9xZReYOaH6EH3sY85GziuQU/NOxy/K90WkgEl","privKey":"IGofBX4flUVEG3BaYm8yj4DWn6emAEMGIqwSKfVaj3E="},"lastRemoteEphemeralKey":"BVpMmxI9HwvWTpkrcV6nqY9kKeZn98EE55w4hwqPmnV+","previousCounter":0,"rootKey":"YeRvuso5kZtCt6YZGBLrY7wXYv7cY3ClU605x6QsMh8="},"indexInfo":{"baseKey":"Bbyd4iGhkQ7/Mvj8/5EnacOu58DMSjXJDb6xzYORWuED","baseKeyType":1,"closed":-1,"used":1724340203183,"created":1724340203183,"remoteIdentityKey":"BZesoqFjF8vqZRIBq1rMF9IVUMaigmViZ8Nti01eoz47"},"_chains":{"BbjCRTr9xZReYOaH6EH3sY85GziuQU/NOxy/K90WkgEl":{"chainKey":{"counter":0,"key":"qwZQ5518wH0TgOo2eOD69OvgGdru5nSu40ruKohq1aE="},"chainType":1,"messageKeys":{}}},"pendingPreKey":{"signedKeyId":6,"baseKey":"Bbyd4iGhkQ7/Mvj8/5EnacOu58DMSjXJDb6xzYORWuED","preKeyId":2450084}}},"version":"v1"}