{"_sessions":{"BQubWtK6PMzE36ly5LFBmCQWDBIZXnLKDxVkeBtvYnRc":{"registrationId":1401493855,"currentRatchet":{"ephemeralKeyPair":{"pubKey":"BXsW8WHD4pZSz9KrhO7MvyMPM5Y1fAJIMlUpCX3KtF46","privKey":"sNp3SImtbY/uWxG9nwTnjYx1uUQSgfxkjuLBS8pmpEk="},"lastRemoteEphemeralKey":"BVTg3dPI3HYlgZ4qHtuLY7S0FvcYU10Qkhz/iY997B1Q","previousCounter":0,"rootKey":"1rbFpqeIP8rR+fSB+OesqUf5aSTAFapSrWR2yWGigr4="},"indexInfo":{"baseKey":"BQubWtK6PMzE36ly5LFBmCQWDBIZXnLKDxVkeBtvYnRc","baseKeyType":1,"closed":-1,"used":1724340203185,"created":1724340203185,"remoteIdentityKey":"BWdshWbEc69ggG8+s4hursMz6IBc7a+V4lRPF0HM+1J3"},"_chains":{"BXsW8WHD4pZSz9KrhO7MvyMPM5Y1fAJIMlUpCX3KtF46":{"chainKey":{"counter":0,"key":"6tO9INoI8TPo/aBho1NvDe7MujtiHc17JxB3yWKguZY="},"chainType":1,"messageKeys":{}}},"pendingPreKey":{"signedKeyId":14,"baseKey":"BQubWtK6PMzE36ly5LFBmCQWDBIZXnLKDxVkeBtvYnRc","preKeyId":3646492}}},"version":"v1"}