{"_sessions":{"Bbp3s+3nhPenmkBdLGw0em6jnfcfzMDa3dMqMt33FCUZ":{"registrationId":1276044295,"currentRatchet":{"ephemeralKeyPair":{"pubKey":"BceNWkt/9+eVLsUH1Z1BHdz+oFLBm1BYNhv14SYmCW8t","privKey":"+PisTw8F9BNOPMyJ52cGrfZqhxa3lnGPe43PsO9wrEc="},"lastRemoteEphemeralKey":"BRU7gwjswgwWT280OE41XvkBZ7AltcmDyFlPwvUYapcy","previousCounter":0,"rootKey":"71Wfao2byqr2hzv1c1+5DJoO9XA6KrMcmQt0IhsA68s="},"indexInfo":{"baseKey":"Bbp3s+3nhPenmkBdLGw0em6jnfcfzMDa3dMqMt33FCUZ","baseKeyType":1,"closed":-1,"used":1724340203174,"created":1724340203174,"remoteIdentityKey":"BdjR5aZVO/V44S2dhZTQNFwb6gSpWMkQOMdDueXHYoMG"},"_chains":{"BceNWkt/9+eVLsUH1Z1BHdz+oFLBm1BYNhv14SYmCW8t":{"chainKey":{"counter":0,"key":"P0U8jZVotiZx2Piq0Zy7Fso4CrFpqHnzGGNHKSxrqXg="},"chainType":1,"messageKeys":{}}},"pendingPreKey":{"signedKeyId":2,"baseKey":"Bbp3s+3nhPenmkBdLGw0em6jnfcfzMDa3dMqMt33FCUZ","preKeyId":4735367}}},"version":"v1"}