{"_sessions":{"Bc1Gc6slpalesGY4OglTLXEHu30i4diE7xd/Ot56M+pg":{"registrationId":583527883,"currentRatchet":{"ephemeralKeyPair":{"pubKey":"BbkjHC4DTzK5MJ/nJ1tvVmEBx9q6m7WleP2n+OcAbE1I","privKey":"cByyFj/P54hRh/9fxJgbHg0k0u9R6hW/3kSDq2QOx3s="},"lastRemoteEphemeralKey":"BcRQXGVOSc+Ok+s+ySPJNkrh6++rP4085KXA9tdJttwy","previousCounter":0,"rootKey":"0b+Li0T361YzlyQlDj0lk5+/B3AYaOogBcha+liSeWo="},"indexInfo":{"baseKey":"Bc1Gc6slpalesGY4OglTLXEHu30i4diE7xd/Ot56M+pg","baseKeyType":1,"closed":-1,"used":1724340203209,"created":1724340203209,"remoteIdentityKey":"BcT+FiL8Q1APj1dEw0Uv6MDd9P6T+cdHpFCFNELnzcER"},"_chains":{"BbkjHC4DTzK5MJ/nJ1tvVmEBx9q6m7WleP2n+OcAbE1I":{"chainKey":{"counter":0,"key":"enbsc+99pi66bCnV33V9j4Xlbec0X1RcFQP/2JNCu7Y="},"chainType":1,"messageKeys":{}}},"pendingPreKey":{"signedKeyId":9,"baseKey":"Bc1Gc6slpalesGY4OglTLXEHu30i4diE7xd/Ot56M+pg","preKeyId":14172034}}},"version":"v1"}