{"_sessions":{"BYz10F6wK/E456xDOaCwuQEwkAz+IR4jYh8pt+DNFt8F":{"registrationId":91,"currentRatchet":{"ephemeralKeyPair":{"pubKey":"BTX3nYty8MyVT+Vd9aVaB/zPpLeCdhK+7q3tEazHG6ID","privKey":"kFvlfHvlVmroyi1M6/1xSoZU2j6g5kQfpHolHv6LFXQ="},"lastRemoteEphemeralKey":"BVbRR2Ahn2qPKJqmqu3RDwlAcbE/Okx5jY5idLxlFSlu","previousCounter":0,"rootKey":"T7UxLpx48krGPxBr1WKu1g74V4Rp50BkkMLXVVVK7fw="},"indexInfo":{"baseKey":"BYz10F6wK/E456xDOaCwuQEwkAz+IR4jYh8pt+DNFt8F","baseKeyType":1,"closed":-1,"used":1724340203156,"created":1724340203156,"remoteIdentityKey":"BdzIwyFA72+GohZLi/GriKmdCCMayWFQjk4gNWhOUX9k"},"_chains":{"BTX3nYty8MyVT+Vd9aVaB/zPpLeCdhK+7q3tEazHG6ID":{"chainKey":{"counter":0,"key":"we10BVuWWZQidwJLvY+FiyXU5Oexkz2+1CtOtLOTKnE="},"chainType":1,"messageKeys":{}}},"pendingPreKey":{"signedKeyId":1,"baseKey":"BYz10F6wK/E456xDOaCwuQEwkAz+IR4jYh8pt+DNFt8F"}}},"version":"v1"}