{"_sessions":{"BbpZuQf4G8C2hKRVe7CxEG8gSiX3pQH2DOZJtQLplqRz":{"registrationId":1505213657,"currentRatchet":{"ephemeralKeyPair":{"pubKey":"BdMW3tpCs2Tqt532o3Qv5vorwd23IVxEiSo6ha2BO0kl","privKey":"8DFwv55WF9+HJgYt4QVScuycugxd9rEngdidQ667xmQ="},"lastRemoteEphemeralKey":"BeqNqtxBreo4lnaJQgy5iHZGser26C7H0FUOWTTzxWE8","previousCounter":0,"rootKey":"/AUb/VxXu/iXEKyNEhoOLnxF2X3VTlb8BLWuTa8OJJc="},"indexInfo":{"baseKey":"BbpZuQf4G8C2hKRVe7CxEG8gSiX3pQH2DOZJtQLplqRz","baseKeyType":1,"closed":-1,"used":1724340203208,"created":1724340203208,"remoteIdentityKey":"BZZWuxQs5IjuvxXkhmuMnl57XZolCSig5WED1IforNd+"},"_chains":{"BdMW3tpCs2Tqt532o3Qv5vorwd23IVxEiSo6ha2BO0kl":{"chainKey":{"counter":0,"key":"mxQtrnglnnmSwvmzNs0nJYp7xOJif5Do0sXqmcQWb4M="},"chainType":1,"messageKeys":{}}},"pendingPreKey":{"signedKeyId":4,"baseKey":"BbpZuQf4G8C2hKRVe7CxEG8gSiX3pQH2DOZJtQLplqRz","preKeyId":13895970}}},"version":"v1"}