{"_sessions":{"BapBRyjGgA6a6X1kzhuOJ+nFcSA4qH3konytqLIUProd":{"registrationId":726570966,"currentRatchet":{"ephemeralKeyPair":{"pubKey":"BXHy4TVCNDqEfGMpTdwEQsd7iOMFAxJC/3xld3JFn/sN","privKey":"4O4oIEC1V+Z3V7AQlVXrcPcJzRsJWdM4oWJ4DtgZEm8="},"lastRemoteEphemeralKey":"BWdRKGL1pR6NYWU37tyiLUtocBCcQm5Qo3oIdLE05vwE","previousCounter":0,"rootKey":"dAGNf0HYg9Srpzt+LMfss3gxIzKp7Xxi8jB/mhqZa98="},"indexInfo":{"baseKey":"BapBRyjGgA6a6X1kzhuOJ+nFcSA4qH3konytqLIUProd","baseKeyType":1,"closed":-1,"used":1724340203167,"created":1724340203167,"remoteIdentityKey":"BfGCLALqkXTQr9NaDKv9baLPYqEYPTJhYsek35uo0qgW"},"_chains":{"BXHy4TVCNDqEfGMpTdwEQsd7iOMFAxJC/3xld3JFn/sN":{"chainKey":{"counter":0,"key":"iyeL22KFprzG/2ExPhaE+eyJ5oBckbMTJL6vsPxQrRw="},"chainType":1,"messageKeys":{}}},"pendingPreKey":{"signedKeyId":1,"baseKey":"BapBRyjGgA6a6X1kzhuOJ+nFcSA4qH3konytqLIUProd"}}},"version":"v1"}