{"_sessions":{"BTgIrGa33JgjCMoTinWpx8rQU2HJqJXoyxYoZWr6WdcB":{"registrationId":1348108567,"currentRatchet":{"ephemeralKeyPair":{"pubKey":"BTUmDu9rDRwDzeTaskeMusY0vL1J4KhvBsq73XiaEbho","privKey":"yIUejJNsFOb6jb9doQG4epI3EkkJVE+BbeLZ1INz+no="},"lastRemoteEphemeralKey":"BVCL1MySerx2PSFD26kimMw7ftnD2ZoSEMR7O3w58Hpk","previousCounter":0,"rootKey":"zj2T9uD4tgxnwIYJ1RtJhnFHSyXDnLqdHPp+yXmeaDo="},"indexInfo":{"baseKey":"BTgIrGa33JgjCMoTinWpx8rQU2HJqJXoyxYoZWr6WdcB","baseKeyType":1,"closed":-1,"used":1724340203189,"created":1724340203189,"remoteIdentityKey":"BTZF0eSwkjK5RL12bXMt1od6M3O0guzYdwOQ3xztQ4tz"},"_chains":{"BTUmDu9rDRwDzeTaskeMusY0vL1J4KhvBsq73XiaEbho":{"chainKey":{"counter":0,"key":"1rRN8pVwGDfsrUTAPbxFYcftvferBW9TURrQt/mwOHQ="},"chainType":1,"messageKeys":{}}},"pendingPreKey":{"signedKeyId":0,"baseKey":"BTgIrGa33JgjCMoTinWpx8rQU2HJqJXoyxYoZWr6WdcB"}}},"version":"v1"}