{"_sessions":{"BcAX5Am3JPLrz7qoCn+/5/oqxsGdpCtiptXxG5Yvl45d":{"registrationId":1205845299,"currentRatchet":{"ephemeralKeyPair":{"pubKey":"BdUz+V+iWwaWOCt8rKTSiMKh8xGe0UphcLBcsGvJgqR3","privKey":"gIIgw5L30cr3/J6nl+pepOFku9qmdajiPrYCP55qPHI="},"lastRemoteEphemeralKey":"BTUmcm5i7onMtcz1qA1YRL5eR0z2meBCL2kyPIRzaf4U","previousCounter":0,"rootKey":"n6nPhPhJYst9zlbLI/r3pyjj4T/HCnYwZmmf/2pwHMM="},"indexInfo":{"baseKey":"BcAX5Am3JPLrz7qoCn+/5/oqxsGdpCtiptXxG5Yvl45d","baseKeyType":1,"closed":-1,"used":1724340203168,"created":1724340203168,"remoteIdentityKey":"BRRVVszGv3pxByOo3MBrmlaovD4OgxjDx/8np6Lv+bgT"},"_chains":{"BdUz+V+iWwaWOCt8rKTSiMKh8xGe0UphcLBcsGvJgqR3":{"chainKey":{"counter":0,"key":"44wx/KqTcSwVxf+SUd8sU6s04MeDIabL3bN5MLD8m20="},"chainType":1,"messageKeys":{}}},"pendingPreKey":{"signedKeyId":1,"baseKey":"BcAX5Am3JPLrz7qoCn+/5/oqxsGdpCtiptXxG5Yvl45d","preKeyId":5852}}},"version":"v1"}