{"_sessions":{"BUevwkLeIw1IyesejrKLGkfwV1bdQbrRNEAMRFpnQKI+":{"registrationId":333512962,"currentRatchet":{"ephemeralKeyPair":{"pubKey":"BcUMiKmX0tlf7blWLiDzVMeyrwTfBMULDsnN7fTgaFc7","privKey":"MF68yc54Ob11oBIP+THTcOredVTNRPYV9IMKihY2kmk="},"lastRemoteEphemeralKey":"BXyF6hRPcJ09LzO3yYvWqYczUwT5MPqDt/zBJoSQ9Kdq","previousCounter":0,"rootKey":"mv0r786Bjv7o1vA3zSFTaVioeMaCQYDy4oKoW/6K8ps="},"indexInfo":{"baseKey":"BUevwkLeIw1IyesejrKLGkfwV1bdQbrRNEAMRFpnQKI+","baseKeyType":1,"closed":-1,"used":1724340280972,"created":1724340203185,"remoteIdentityKey":"BbkGVi1Y29K/oPOWeo+P/rHDjq/zURnr3bekoshqrCF3"},"_chains":{"BXyF6hRPcJ09LzO3yYvWqYczUwT5MPqDt/zBJoSQ9Kdq":{"chainKey":{"counter":0,"key":"wihuNdSl5MLeTN4C88tmY/xwnPv50lXlIG5sLGbmatc="},"chainType":2,"messageKeys":{}},"BcUMiKmX0tlf7blWLiDzVMeyrwTfBMULDsnN7fTgaFc7":{"chainKey":{"counter":-1,"key":"dg5axd/P2y4VUrsTgV+83tAHx7JC66nHIbIQHLKqk60="},"chainType":1,"messageKeys":{}}}}},"version":"v1"}