{"_sessions":{"BYlEnwYzfPOjzsaKI0DRgLeUp84QckYUORqwvC7VRCMF":{"registrationId":50,"currentRatchet":{"ephemeralKeyPair":{"pubKey":"BWAEewgJcJ0nmWGUNQDYNaGuykqLq18EvLYkpovySjBC","privKey":"wItzt5uVbPTi29W+4zYJhoN+e/G6O0COD03+ckRFVHg="},"lastRemoteEphemeralKey":"BSJM8QuKo4mRtPh646D55zImQxz6nvSS2x1o/PvICwAh","previousCounter":0,"rootKey":"AjI+pTZIvGF/os9Nw7MyeplhX/RYNEh8zl9XbCRNOgM="},"indexInfo":{"baseKey":"BYlEnwYzfPOjzsaKI0DRgLeUp84QckYUORqwvC7VRCMF","baseKeyType":1,"closed":-1,"used":1724340203166,"created":1724340203166,"remoteIdentityKey":"BYK6HJfIsmsKsON57hryEFTlOmpvLcBIPt6YhuujUzU6"},"_chains":{"BWAEewgJcJ0nmWGUNQDYNaGuykqLq18EvLYkpovySjBC":{"chainKey":{"counter":0,"key":"Ra1STcT67RqMiIgPWxd0acL1vyAmckPNn11k6/Kb3P0="},"chainType":1,"messageKeys":{}}},"pendingPreKey":{"signedKeyId":1,"baseKey":"BYlEnwYzfPOjzsaKI0DRgLeUp84QckYUORqwvC7VRCMF"}}},"version":"v1"}