{"_sessions":{"BT7mjy5Pp/5AeiJvFRRRb3yuVN/wDcH+YSpmrMH0eFFi":{"registrationId":702533557,"currentRatchet":{"ephemeralKeyPair":{"pubKey":"BUadJ/CrhzVHP9hsjCTaRHvsTC0TV/DqHDbHPYqVJ0YU","privKey":"MNGMUU/o5vujUGG4rMpJ3bQbYY2He5QBouTegFVZrXU="},"lastRemoteEphemeralKey":"BSl+8LpQfFu5vcz84rtpw0Z+CQYL2izf9Ng2slWM8FlJ","previousCounter":0,"rootKey":"V+ulFLntoUDhXeJVj/UclTnk/3VoPJwAFYqMRMIze5c="},"indexInfo":{"baseKey":"BT7mjy5Pp/5AeiJvFRRRb3yuVN/wDcH+YSpmrMH0eFFi","baseKeyType":1,"closed":-1,"used":1724340203172,"created":1724340203172,"remoteIdentityKey":"BRK9otMEe5ODc6aP9eP8e8KuffNeBOtmmm3eCmQ4DB4+"},"_chains":{"BUadJ/CrhzVHP9hsjCTaRHvsTC0TV/DqHDbHPYqVJ0YU":{"chainKey":{"counter":0,"key":"mZT/MJJRLbi/96DD21tuYCxLn+5sbqDAeHYCQn0NO5o="},"chainType":1,"messageKeys":{}}},"pendingPreKey":{"signedKeyId":0,"baseKey":"BT7mjy5Pp/5AeiJvFRRRb3yuVN/wDcH+YSpmrMH0eFFi","preKeyId":13502039}}},"version":"v1"}