{"_sessions":{"BQNCicpwmr991tZDxiod8Z9BR+h8Ct0DOjDsjw7XN5EG":{"registrationId":1900890682,"currentRatchet":{"ephemeralKeyPair":{"pubKey":"BSQRKLeax28NBsVqWVD3RUXIadq7tXR/kuocItRVpRp7","privKey":"AGsKylX7fpnl025QoA+RWyMUX4VsE01OOS3nM23f83Y="},"lastRemoteEphemeralKey":"BZrEoVHTxOiul5gYWwa420aEaJejBpGEk/1g1SEgQVFX","previousCounter":0,"rootKey":"MreA7dApNqnylc3tX+QC/RiIC9xlKv9P5CqfxV9LOTw="},"indexInfo":{"baseKey":"BQNCicpwmr991tZDxiod8Z9BR+h8Ct0DOjDsjw7XN5EG","baseKeyType":1,"closed":-1,"used":1724340203173,"created":1724340203173,"remoteIdentityKey":"BdPgK3nlYQToc3MnIEhns2R1kvm6huovtsCz1U0Omnk3"},"_chains":{"BSQRKLeax28NBsVqWVD3RUXIadq7tXR/kuocItRVpRp7":{"chainKey":{"counter":0,"key":"k4f2fIZHEmlHTMGNwj3vxYnPyPvTe+kDltns9A+8qwI="},"chainType":1,"messageKeys":{}}},"pendingPreKey":{"signedKeyId":0,"baseKey":"BQNCicpwmr991tZDxiod8Z9BR+h8Ct0DOjDsjw7XN5EG","preKeyId":6593874}}},"version":"v1"}