{"_sessions":{"BeaB4VOHEwp/BhBG6j7QXtRmmwblTQZ0lpCGoiJMV6dc":{"registrationId":409092548,"currentRatchet":{"ephemeralKeyPair":{"pubKey":"BQruomx40eUZs5bPzYyR72aLGIQCxd7VfV1hLf3/Ust7","privKey":"CIbJVpgnBhhT9XTQ/ewotJylU4djUAyiA6BH2an+bGI="},"lastRemoteEphemeralKey":"Beia+YYHEiEDCMRxOFQqCEKGucyiwp64oPnXPWOO/0BQ","previousCounter":0,"rootKey":"+UoHMmey8zRPrZGb9OCL8ttKJ31ZUtVS8bGjgbr1C5A="},"indexInfo":{"baseKey":"BeaB4VOHEwp/BhBG6j7QXtRmmwblTQZ0lpCGoiJMV6dc","baseKeyType":1,"closed":-1,"used":1724340203195,"created":1724340203195,"remoteIdentityKey":"BaHRVcgKbybxd2CT4fwE/SGbsIkMkZiZKmhCJ2kM51Uu"},"_chains":{"BQruomx40eUZs5bPzYyR72aLGIQCxd7VfV1hLf3/Ust7":{"chainKey":{"counter":0,"key":"jEnJ9fkc+zbsUCxi369dW1uOIG2AUunwNo8dKAu80i4="},"chainType":1,"messageKeys":{}}},"pendingPreKey":{"signedKeyId":3,"baseKey":"BeaB4VOHEwp/BhBG6j7QXtRmmwblTQZ0lpCGoiJMV6dc","preKeyId":6253033}}},"version":"v1"}