{"_sessions":{"BbmyavH9rMThOK+uiSpT/cveunx6TS/7bQrz8j0vTWh6":{"registrationId":230,"currentRatchet":{"ephemeralKeyPair":{"pubKey":"BVs9IT2es7dqYpr7+O0/pnIyBNuhGLTbpiq3cl6FlNMV","privKey":"cCOUyEyTGhsNLuGl/zHWWvFdHhw7tjTCOnGSzM0nFXQ="},"lastRemoteEphemeralKey":"BS0Up0+UtrYBJJP38PlqJbzNZBHbPfZQau7Ohv2hZGMT","previousCounter":0,"rootKey":"S2qMteMOIj+OwPPuIsvQhV/sLqEIUllzvntSDO9HpI0="},"indexInfo":{"baseKey":"BbmyavH9rMThOK+uiSpT/cveunx6TS/7bQrz8j0vTWh6","baseKeyType":1,"closed":-1,"used":1724340203160,"created":1724340203160,"remoteIdentityKey":"BVd6fn0Up12cyUIgFNJX70bXc8kEmniVtPZc8QGsIF0q"},"_chains":{"BVs9IT2es7dqYpr7+O0/pnIyBNuhGLTbpiq3cl6FlNMV":{"chainKey":{"counter":0,"key":"A1hUgyr4bvrWbxrhvsi5/4a2sJmWlwVb70mbuM1CSwA="},"chainType":1,"messageKeys":{}}},"pendingPreKey":{"signedKeyId":1,"baseKey":"BbmyavH9rMThOK+uiSpT/cveunx6TS/7bQrz8j0vTWh6"}}},"version":"v1"}