{"_sessions":{"BfdWn9FuAo/ZXH83f7ILDm0jrZ9scgQc2twFS6RamTw8":{"registrationId":609538990,"currentRatchet":{"ephemeralKeyPair":{"pubKey":"BUvVJ9kA0/dWNB13mDZOi18HAqgKekGQe/Li6dFRDFka","privKey":"yG0DzVdwfuTTAzIDXWZ6dTFSDUfszQOdPeaJ9hNumHU="},"lastRemoteEphemeralKey":"BaZXEeuy0o8dYVcPQq8zPXX8ObtXDZoNVs6J24uZIxRk","previousCounter":0,"rootKey":"kwx6PJtag5V22aX0XwDi0b9nvh2OVdhhpIgrRN5tJiY="},"indexInfo":{"baseKey":"BfdWn9FuAo/ZXH83f7ILDm0jrZ9scgQc2twFS6RamTw8","baseKeyType":1,"closed":-1,"used":1724340203206,"created":1724340203206,"remoteIdentityKey":"BYqdevJ13Wxdbxht/ZNjlHifdg29RZbwb51RI9ockZoY"},"_chains":{"BUvVJ9kA0/dWNB13mDZOi18HAqgKekGQe/Li6dFRDFka":{"chainKey":{"counter":0,"key":"lOeVuc6motRJuHuiQQXEQ+PDNxi41Mroaqs1cG9P2cc="},"chainType":1,"messageKeys":{}}},"pendingPreKey":{"signedKeyId":7,"baseKey":"BfdWn9FuAo/ZXH83f7ILDm0jrZ9scgQc2twFS6RamTw8","preKeyId":15110870}}},"version":"v1"}