{"_sessions":{"BcyEPxrFSflIukYUbVuJm5Udu0rDOwXCdZWmCc/M824G":{"registrationId":2016742078,"currentRatchet":{"ephemeralKeyPair":{"pubKey":"BSsR8igUgn+FWCFQ1FyuRn2TPx6qHe0idDsZVrqIydw5","privKey":"8NAL/5vG7k64sYrato6HCYywLxLDLAUmd0f1qMelUWM="},"lastRemoteEphemeralKey":"BSeGevFLixw4JcXqCq4+WBElusZFE62V1A02RDtwpVwy","previousCounter":0,"rootKey":"4aZcEq5Hj1Ad1ec6k3IF9OK5wyERrmv+u7HGXQ551xA="},"indexInfo":{"baseKey":"BcyEPxrFSflIukYUbVuJm5Udu0rDOwXCdZWmCc/M824G","baseKeyType":1,"closed":-1,"used":1724340203204,"created":1724340203204,"remoteIdentityKey":"BWA574ZuZfxmybEyCEMlJak9eMtEJd+ec4CC72VX9kh4"},"_chains":{"BSsR8igUgn+FWCFQ1FyuRn2TPx6qHe0idDsZVrqIydw5":{"chainKey":{"counter":0,"key":"8mVCBKlNo/DzVzDfCItR0pEw6/CUR3+sYJ/6Osvbs08="},"chainType":1,"messageKeys":{}}},"pendingPreKey":{"signedKeyId":1,"baseKey":"BcyEPxrFSflIukYUbVuJm5Udu0rDOwXCdZWmCc/M824G","preKeyId":11460637}}},"version":"v1"}