{"_sessions":{"Be9DN/GFuz/L2TD/Q1qENWpPbpnG9lL+jdG5az+PFiVl":{"registrationId":1990219739,"currentRatchet":{"ephemeralKeyPair":{"pubKey":"BYwzQaKgiVaWPz/gs8rzgpxI7p3237qkEGra6HKg+pcE","privKey":"aJYp51pPr/hGes1oPay/I/opZdD+GmNfseKijAuL9HU="},"lastRemoteEphemeralKey":"BZTjFObubo8yo6JIyO+rh5cKkhv3+lp1lJjFATcUO5IU","previousCounter":0,"rootKey":"YhTAIx311Le+FyB9qgX9F2OQg7s6kEjr5EaeFEcJw50="},"indexInfo":{"baseKey":"Be9DN/GFuz/L2TD/Q1qENWpPbpnG9lL+jdG5az+PFiVl","baseKeyType":1,"closed":-1,"used":1724340203197,"created":1724340203197,"remoteIdentityKey":"BRQaTd1tBgy1sY+k4YhcIn7WHQLtNCtWo6CSqGyglw48"},"_chains":{"BYwzQaKgiVaWPz/gs8rzgpxI7p3237qkEGra6HKg+pcE":{"chainKey":{"counter":0,"key":"KWRXP+aIVDN2IkeXriYKOwbax6zliWFpQJvD+K5C1yE="},"chainType":1,"messageKeys":{}}},"pendingPreKey":{"signedKeyId":5,"baseKey":"Be9DN/GFuz/L2TD/Q1qENWpPbpnG9lL+jdG5az+PFiVl","preKeyId":14978097}}},"version":"v1"}