{"_sessions":{"BeDA9lX61VfPoPTeZRFnEoH/3Cu71vVBp3wKTb4xTEth":{"registrationId":1513073846,"currentRatchet":{"ephemeralKeyPair":{"pubKey":"Bc1lx0CbCQ/JNYVNOQSVtrU2XDevY/EIp75BCM3z02dF","privKey":"eAqNjiqn/aqBVieGF9rB9vRIlwpgKgT/ARZ7UQU4cWM="},"lastRemoteEphemeralKey":"BSPP/52RDUpNJt+tKTh7nrgJ2QTqK3H1um1OZGFCeI1J","previousCounter":0,"rootKey":"1tQVwiDc6LAfVxk9UxKGs6Y9EclTvHPS8/9o6XepP78="},"indexInfo":{"baseKey":"BeDA9lX61VfPoPTeZRFnEoH/3Cu71vVBp3wKTb4xTEth","baseKeyType":1,"closed":-1,"used":1724340203200,"created":1724340203200,"remoteIdentityKey":"BShFVgMq+tQ9bq7UFzHzwbO/QfY/84/dW1saDWviSQJb"},"_chains":{"Bc1lx0CbCQ/JNYVNOQSVtrU2XDevY/EIp75BCM3z02dF":{"chainKey":{"counter":0,"key":"26eh1VqpiU+oKtLiDeeZ8kQfaeM7XsaoP4gsTjlQq8M="},"chainType":1,"messageKeys":{}}},"pendingPreKey":{"signedKeyId":1,"baseKey":"BeDA9lX61VfPoPTeZRFnEoH/3Cu71vVBp3wKTb4xTEth","preKeyId":1950181}}},"version":"v1"}