{"_sessions":{"BUNH+XFOaH/2sxegAkaQy8XNLlRwt8e91y7X7c4gXzYf":{"registrationId":1657655359,"currentRatchet":{"ephemeralKeyPair":{"pubKey":"BQWVUbavi1+/5zXuS3qH59KkMIYVZUGJoDbLw647lu9R","privKey":"sPw3FE2S4bRHOKU0DoZ4IGS9J3bRbrVANW7eikFbpmw="},"lastRemoteEphemeralKey":"BabvRnjLZFYwPnXF1dQ/kLxHlHGEzdADTAPSN9iBPkFh","previousCounter":0,"rootKey":"tzKC1MbFUXoG4GBtZDLBYz321ooMsvZdTRcw0tLuTyE="},"indexInfo":{"baseKey":"BUNH+XFOaH/2sxegAkaQy8XNLlRwt8e91y7X7c4gXzYf","baseKeyType":1,"closed":-1,"used":1724340203181,"created":1724340203181,"remoteIdentityKey":"BZir+IRNVeSEJD+v3KOYnl25nj2E8+WLNb/5/oY8s+5C"},"_chains":{"BQWVUbavi1+/5zXuS3qH59KkMIYVZUGJoDbLw647lu9R":{"chainKey":{"counter":0,"key":"AfzPr4eHJ7f746aCf8IshFcjEvbuIvUJOZCDER6j7n0="},"chainType":1,"messageKeys":{}}},"pendingPreKey":{"signedKeyId":7,"baseKey":"BUNH+XFOaH/2sxegAkaQy8XNLlRwt8e91y7X7c4gXzYf","preKeyId":15064305}}},"version":"v1"}