{"_sessions":{"BYuN+QqODDtN/O/vMryW0OlMgwuCQKjgxj6LofgtLEBd":{"registrationId":574736104,"currentRatchet":{"ephemeralKeyPair":{"pubKey":"BVL+z3WKbu3ZPbwdtfnPsHJxjfACHbwiMLmXmn4AF25n","privKey":"8FT1cGrMln3Jt1JrnI6sriAO/1B7EhNAsZuM9ljwXEk="},"lastRemoteEphemeralKey":"BQ948/Vx7MgOYm8+jDgpht+ppjJIJz0p/2LDNKLWXZ5y","previousCounter":0,"rootKey":"+gb/6zScRpWVIo7TnrQ9UblCtP93wzL2R56T8wzHx0s="},"indexInfo":{"baseKey":"BYuN+QqODDtN/O/vMryW0OlMgwuCQKjgxj6LofgtLEBd","baseKeyType":1,"closed":-1,"used":1724340203192,"created":1724340203192,"remoteIdentityKey":"BfotwtIBX0Q0poma1JvJoSriL7G94rQDfSHwM5FuWXBP"},"_chains":{"BVL+z3WKbu3ZPbwdtfnPsHJxjfACHbwiMLmXmn4AF25n":{"chainKey":{"counter":0,"key":"s4FSA+1Q0ZId9yBBquXXG33O71+QrSHKy/ugu+F0hxw="},"chainType":1,"messageKeys":{}}},"pendingPreKey":{"signedKeyId":3,"baseKey":"BYuN+QqODDtN/O/vMryW0OlMgwuCQKjgxj6LofgtLEBd","preKeyId":1223299}}},"version":"v1"}