{"_sessions":{"BY8aYcHq4Idh9XXwD5ALQJ16k5HH0d8/AwEQmxQThFA3":{"registrationId":133,"currentRatchet":{"ephemeralKeyPair":{"pubKey":"Bama0D6Xuse5Nd+KmX6CFxMBMLdoCN8Mu6pYBSHUJ8ke","privKey":"wF73/lSUr28vN1tLSWm6seYnr17vGEOFQOXDh/Z2K1s="},"lastRemoteEphemeralKey":"BV/RVhFDAFZaU/hTti8uj7AR/dUIaGuQjdUUunW2qOoe","previousCounter":0,"rootKey":"QmNfo5XufcxKI+h+pXAkThLGm0tQxPjGjSDivLSOfxU="},"indexInfo":{"baseKey":"BY8aYcHq4Idh9XXwD5ALQJ16k5HH0d8/AwEQmxQThFA3","baseKeyType":1,"closed":-1,"used":1724340203155,"created":1724340203155,"remoteIdentityKey":"BQIlHtqc8KvpDyGcEBGkrBV8AbuC4iCEEpZx1hSTK+sx"},"_chains":{"Bama0D6Xuse5Nd+KmX6CFxMBMLdoCN8Mu6pYBSHUJ8ke":{"chainKey":{"counter":0,"key":"tT2UaTQxsRuAR/fsXoH1K0HlPDY1bBezS2YT9GSuB4o="},"chainType":1,"messageKeys":{}}},"pendingPreKey":{"signedKeyId":1,"baseKey":"BY8aYcHq4Idh9XXwD5ALQJ16k5HH0d8/AwEQmxQThFA3","preKeyId":96}}},"version":"v1"}