{"_sessions":{"Bco5lJDq2r7GJNwSjVV8VV/RE1whQpfa2CN4lsg0L9gA":{"registrationId":1163174616,"currentRatchet":{"ephemeralKeyPair":{"pubKey":"BWXVpGkKvW4vKtv4ETQcI0CGHIs0Ptf17p1cR02VuhZw","privKey":"qI6OA/e2Fxgt/6+j4rVNDEGPStH3Zgb0HFLNaOkBVkg="},"lastRemoteEphemeralKey":"BWD/9HT0UNHASdbC16y6Ufy97XNZQ6CXs1pdXF8nM3sT","previousCounter":0,"rootKey":"+buPn7ZwhyAII931cG8URqGyF28fKY+hqhoLRawMgGk="},"indexInfo":{"baseKey":"Bco5lJDq2r7GJNwSjVV8VV/RE1whQpfa2CN4lsg0L9gA","baseKeyType":1,"closed":-1,"used":1724340203172,"created":1724340203172,"remoteIdentityKey":"Bew4PDhuXyLV+FvhFNX7LzEdxQNr/SJtqbaxWYfAxilI"},"_chains":{"BWXVpGkKvW4vKtv4ETQcI0CGHIs0Ptf17p1cR02VuhZw":{"chainKey":{"counter":0,"key":"Z6d/IwZiDSVxY0GpeasN//oKW7zKgVb1lMqCLO/9u0w="},"chainType":1,"messageKeys":{}}},"pendingPreKey":{"signedKeyId":14748016,"baseKey":"Bco5lJDq2r7GJNwSjVV8VV/RE1whQpfa2CN4lsg0L9gA"}}},"version":"v1"}