{"_sessions":{"BVroAkID40rhlDIXRe/f0msRJN7sGI9967hUvbkRG2R+":{"registrationId":788811559,"currentRatchet":{"ephemeralKeyPair":{"pubKey":"BfL5kU64lcUse/B/73KswgJye/9WeU9ftVP++Nrji7IH","privKey":"GHITjdOEM9+oJvEa/iyE8gCaDKtGtjJdQvkqEBPBdl0="},"lastRemoteEphemeralKey":"BT+VR0px+BesSnKntW0EA1oxjpPdZ4MXzIEbePygQQRW","previousCounter":0,"rootKey":"A/0xG+jHkAqlqI/Qm6WciLTN5GMdJ1lWUaluAokeITs="},"indexInfo":{"baseKey":"BVroAkID40rhlDIXRe/f0msRJN7sGI9967hUvbkRG2R+","baseKeyType":1,"closed":-1,"used":1724340203203,"created":1724340203203,"remoteIdentityKey":"BSxdNm6mhwxGQscfNNfTYGvtpvVPb1mrmnUwlJkAstF1"},"_chains":{"BfL5kU64lcUse/B/73KswgJye/9WeU9ftVP++Nrji7IH":{"chainKey":{"counter":0,"key":"SBdqYDxB2do7nQnKQusDxLcwxqSqriviN7wdapkQCgY="},"chainType":1,"messageKeys":{}}},"pendingPreKey":{"signedKeyId":0,"baseKey":"BVroAkID40rhlDIXRe/f0msRJN7sGI9967hUvbkRG2R+"}}},"version":"v1"}