{"_sessions":{"BVp6+HNnTE1IhIaVEIrmrlYZ2E8HOPLLmMt+R5oocFtn":{"registrationId":1439002741,"currentRatchet":{"ephemeralKeyPair":{"pubKey":"BdCXguITfpLD+OSjSD5PHgLRe6/kRgVLG8JmgHs7pVgg","privKey":"EDv2Mxohg27TQ5ABIVQN/3yEBovUE+9p07spboPG6F8="},"lastRemoteEphemeralKey":"Ba87cJqD4hSnuU3OlK6fS0uImVXFG0WIcgbOWh4esJZi","previousCounter":0,"rootKey":"ohWYsJjW8+PCSTCH8TqhI1Tnh0TP4h0nur4BqBP4Qws="},"indexInfo":{"baseKey":"BVp6+HNnTE1IhIaVEIrmrlYZ2E8HOPLLmMt+R5oocFtn","baseKeyType":1,"closed":-1,"used":1724340203193,"created":1724340203193,"remoteIdentityKey":"BWxPnZGFE1+x6zl+VfEW7wQRN9/GvZvyWTwX4AtjWVx2"},"_chains":{"BdCXguITfpLD+OSjSD5PHgLRe6/kRgVLG8JmgHs7pVgg":{"chainKey":{"counter":0,"key":"bgRBqeNC8Y3upN814ny8458CeVSdlXoWClo82ny85mU="},"chainType":1,"messageKeys":{}}},"pendingPreKey":{"signedKeyId":12,"baseKey":"BVp6+HNnTE1IhIaVEIrmrlYZ2E8HOPLLmMt+R5oocFtn","preKeyId":10570230}}},"version":"v1"}