{"_sessions":{"BVHouXIDhIEm8kdiqTXEawgDI8wrH/Bu+tKh8Qvo9EFd":{"registrationId":1277241617,"currentRatchet":{"ephemeralKeyPair":{"pubKey":"BQgt7WSS6FnnVUUA//ROaJQZeCh8ctSV1C8qtxYIs7cG","privKey":"KPqFDt6h3J6ET7G88saTr3XFI8807PPHu7iqz1tp80w="},"lastRemoteEphemeralKey":"BRLU9ASEUzXqqPBsrnTt1Q1RQbB4VY4A2rFDnr5RYepL","previousCounter":0,"rootKey":"ZcBpsmS6kQJSncy7BGyQOdX5//8vjzNzQ/WviUsGg3w="},"indexInfo":{"baseKey":"BVHouXIDhIEm8kdiqTXEawgDI8wrH/Bu+tKh8Qvo9EFd","baseKeyType":1,"closed":-1,"used":1724340203205,"created":1724340203205,"remoteIdentityKey":"BaYta553g0XmP2SOFjafWRL0F+NREwInWIE8ebdd9QUU"},"_chains":{"BQgt7WSS6FnnVUUA//ROaJQZeCh8ctSV1C8qtxYIs7cG":{"chainKey":{"counter":0,"key":"erlFbJvHiqOH5958N336UUXlEmGfVZTlWtaVH0OF6Y8="},"chainType":1,"messageKeys":{}}},"pendingPreKey":{"signedKeyId":0,"baseKey":"BVHouXIDhIEm8kdiqTXEawgDI8wrH/Bu+tKh8Qvo9EFd","preKeyId":12531968}}},"version":"v1"}