{"_sessions":{"BRM4l9ovdFVJ+oZOUIJNxZ5h7IYgDgo0f/hsko9oLLc+":{"registrationId":1636559031,"currentRatchet":{"ephemeralKeyPair":{"pubKey":"BcsLepowh1iff3+g9uIv8SCVkhtFH6XbOqSxV9xWLq52","privKey":"eIDJdX/+WoZAiiUlQhloXRp7xbRsZ9/l7lHdb+YuHm0="},"lastRemoteEphemeralKey":"BecJ3fp4wHaiYDnIy4R+aORilTpjU1hAotxAsSOsqVBy","previousCounter":0,"rootKey":"JgqPgJ5tzC+wfWAIpFFghCIZsxfcjeEm0aCmpsiEiWc="},"indexInfo":{"baseKey":"BRM4l9ovdFVJ+oZOUIJNxZ5h7IYgDgo0f/hsko9oLLc+","baseKeyType":1,"closed":-1,"used":1724340203168,"created":1724340203168,"remoteIdentityKey":"BXV6ptnnMWvVb9ocR8Y9mmsqGcfX+qvWhXkXPLk/2NZg"},"_chains":{"BcsLepowh1iff3+g9uIv8SCVkhtFH6XbOqSxV9xWLq52":{"chainKey":{"counter":0,"key":"pz8Wen9oS8s0aZD2pTPhowiP4sNpngZEbBaOuRlQy58="},"chainType":1,"messageKeys":{}}},"pendingPreKey":{"signedKeyId":2,"baseKey":"BRM4l9ovdFVJ+oZOUIJNxZ5h7IYgDgo0f/hsko9oLLc+"}}},"version":"v1"}