{"_sessions":{"BSjkFPgwCvln0J7JAdR3AfTQr+BaGz8hslPTkGDottNH":{"registrationId":499903604,"currentRatchet":{"ephemeralKeyPair":{"pubKey":"BS1MtJK/WjxjfQ0QO2T43jAdIPoEvpkYkpcyhGKXNClQ","privKey":"ILoSQkHMrJFduRBZC0h7mT5gqXj6Pw4e65uNU31t5EE="},"lastRemoteEphemeralKey":"Bf5ojUz4fT9OkzrxHSwfgOj4JmEuoKsGrNuWbPJaC8J2","previousCounter":0,"rootKey":"iGMomR4x7r/JJQjV35EbE/Lnoy7doaXs7XpKywX7xRw="},"indexInfo":{"baseKey":"BSjkFPgwCvln0J7JAdR3AfTQr+BaGz8hslPTkGDottNH","baseKeyType":1,"closed":-1,"used":1724340203179,"created":1724340203179,"remoteIdentityKey":"BYEJaf6YTrRwtFO624fNmqU+QGRum0NSZKTwSYMokc0g"},"_chains":{"BS1MtJK/WjxjfQ0QO2T43jAdIPoEvpkYkpcyhGKXNClQ":{"chainKey":{"counter":0,"key":"l4tfF84ex0mE/17jJ9uir8hjS/jF1Lu9JYU0WrNU4DQ="},"chainType":1,"messageKeys":{}}},"pendingPreKey":{"signedKeyId":0,"baseKey":"BSjkFPgwCvln0J7JAdR3AfTQr+BaGz8hslPTkGDottNH","preKeyId":2775305}}},"version":"v1"}