{"_sessions":{"BUxLyBnAOqhVZQuwUmG+Pa8onXwA+7wuln2StwoGVE41":{"registrationId":551371709,"currentRatchet":{"ephemeralKeyPair":{"pubKey":"BeKccg2Nult7C7YfOLMnCfeDniGGu9s75fEHw5FVsLgl","privKey":"GOs5o1IMMrorbDpfultn0kKKAbDGU0P32UcncMH3Mlw="},"lastRemoteEphemeralKey":"BWZbXCCkoUcSXfPqdHEHST+VyhSaSazPSv8K9OZtCG4j","previousCounter":0,"rootKey":"IzvI4W/J3H5Atmo8VhqedBveRRCQLgb8jtfEzioZ1tc="},"indexInfo":{"baseKey":"BUxLyBnAOqhVZQuwUmG+Pa8onXwA+7wuln2StwoGVE41","baseKeyType":1,"closed":-1,"used":1724340203179,"created":1724340203179,"remoteIdentityKey":"BXzrkzOYmdqQQUXwZMBaWOxMMHeDvfdTAAUOFrl+1RVf"},"_chains":{"BeKccg2Nult7C7YfOLMnCfeDniGGu9s75fEHw5FVsLgl":{"chainKey":{"counter":0,"key":"g4vuU4uWBCYAuRbclcwnEe6cmipRyXz8S6FwrWHC8Pk="},"chainType":1,"messageKeys":{}}},"pendingPreKey":{"signedKeyId":1,"baseKey":"BUxLyBnAOqhVZQuwUmG+Pa8onXwA+7wuln2StwoGVE41","preKeyId":15569046}}},"version":"v1"}