{"_sessions":{"BWcQXod13b9M8/1XwvbgE8JDjdBBsj0F1/k5k4q2CcgV":{"registrationId":156,"currentRatchet":{"ephemeralKeyPair":{"pubKey":"BR/TyFjkCnuWSeCKLrDWM0nq1r1wVCtnH12r1OD7nDx/","privKey":"qGQtBcjkzTSGDLa9Hvoju6K0FMh/2TB0et3sYQJC30Q="},"lastRemoteEphemeralKey":"BQhwtreY/dKBvdQDIrMM5B9onfoenOyevt8ZjWLTdEAJ","previousCounter":0,"rootKey":"5ZbF/ElVi+zmGlg32SNlJvo/HsEyohHVndmX+alO2PI="},"indexInfo":{"baseKey":"BWcQXod13b9M8/1XwvbgE8JDjdBBsj0F1/k5k4q2CcgV","baseKeyType":1,"closed":-1,"used":1724340203169,"created":1724340203169,"remoteIdentityKey":"Berg3I63yhtRby3ryvtb4/sHRurm2DcIkq8t0Qbt0Lhy"},"_chains":{"BR/TyFjkCnuWSeCKLrDWM0nq1r1wVCtnH12r1OD7nDx/":{"chainKey":{"counter":0,"key":"LL3iUle/Lp0q2VCNEZ8AyTA9SdX8VrIB/Op1pO7wtzY="},"chainType":1,"messageKeys":{}}},"pendingPreKey":{"signedKeyId":1,"baseKey":"BWcQXod13b9M8/1XwvbgE8JDjdBBsj0F1/k5k4q2CcgV"}}},"version":"v1"}