{"_sessions":{"BdsxYNY6tM1DnZUPLdkgAnwf25MkgfywVHlMmm5+IGYi":{"registrationId":450457280,"currentRatchet":{"ephemeralKeyPair":{"pubKey":"BWbbio81pLAwGIr8qrIzojj4+hIe/YSdSfYX3UnuFgN7","privKey":"0AUkBrz5xKJ7aWktuXSMQH8zcxgt61NnftoltPbN51Y="},"lastRemoteEphemeralKey":"BYLLvwqBSifo0tZ9Dr4cQNn+loNNepjFJlI66AyMlM1A","previousCounter":0,"rootKey":"a6DHGMBsUfg/cLgj/gYg3DtdX/8c/6oOw1POwz16SVs="},"indexInfo":{"baseKey":"BdsxYNY6tM1DnZUPLdkgAnwf25MkgfywVHlMmm5+IGYi","baseKeyType":1,"closed":-1,"used":1724340203156,"created":1724340203156,"remoteIdentityKey":"Beg6+ysr+ixctwYim5ehNZKmU1xxuLG41KT+v7fsHFZY"},"_chains":{"BWbbio81pLAwGIr8qrIzojj4+hIe/YSdSfYX3UnuFgN7":{"chainKey":{"counter":0,"key":"/1t4UVbIEjqI+3z9huihfOlFglLXBkyUpbjZlJ6qTmk="},"chainType":1,"messageKeys":{}}},"pendingPreKey":{"signedKeyId":1,"baseKey":"BdsxYNY6tM1DnZUPLdkgAnwf25MkgfywVHlMmm5+IGYi","preKeyId":6055872}}},"version":"v1"}