{"_sessions":{"Be3gh2adkKmApe9RDWjUE0asjFHZjooDKd2KI/dxy3Ez":{"registrationId":2043592743,"currentRatchet":{"ephemeralKeyPair":{"pubKey":"BYfaMz462yB+zyp/qBkswPl6Fblawz17YCUsNs2vKxY+","privKey":"qFuPTaTd+oEgrMq0aRk2xTa98yiQn3aNXBKhJ+A1LX4="},"lastRemoteEphemeralKey":"BTlKYjHyC5fDmslM+zYx3QKqvQER5X6qeN2f9G/IA7lS","previousCounter":0,"rootKey":"YmiWcY11/UJeumeIB45JLPAFgkz2bjpBDR9i+XP9gDg="},"indexInfo":{"baseKey":"Be3gh2adkKmApe9RDWjUE0asjFHZjooDKd2KI/dxy3Ez","baseKeyType":1,"closed":-1,"used":1724340203198,"created":1724340203198,"remoteIdentityKey":"BYuH3bLNjwSOeaSH28YsMok9fnP15+eg5jnTVOc9DU1H"},"_chains":{"BYfaMz462yB+zyp/qBkswPl6Fblawz17YCUsNs2vKxY+":{"chainKey":{"counter":0,"key":"mbKWBecMQJgGDK/qOoiitTnD0mZbMyUfSsCRYZRS6Qw="},"chainType":1,"messageKeys":{}}},"pendingPreKey":{"signedKeyId":1,"baseKey":"Be3gh2adkKmApe9RDWjUE0asjFHZjooDKd2KI/dxy3Ez","preKeyId":13514943}}},"version":"v1"}