{"_sessions":{"BcQfllvRPovClllsrQEDHoONB0McqZXh0Ckih3Ungwcy":{"registrationId":1435645292,"currentRatchet":{"ephemeralKeyPair":{"pubKey":"BZa0fEu5Id3WI8rSTSTVPn1RDwyJ2s6tOEaSnGzvRvI0","privKey":"GP3ilnE7JiwQwyY+PVEwSO9YMVXaLS6yT3KpzlAkx00="},"lastRemoteEphemeralKey":"BfDVDnjyOPUvPlSkS+47JmZO69880XlXVvcay3ALUvRo","previousCounter":0,"rootKey":"QXmtm8wwAHYXuBumFA/RNBpmqoL8mBhxKkspHsayMrg="},"indexInfo":{"baseKey":"BcQfllvRPovClllsrQEDHoONB0McqZXh0Ckih3Ungwcy","baseKeyType":1,"closed":1724340111400,"used":1724340111174,"created":1724340111174,"remoteIdentityKey":"BT6rc047uhKKuTdPtk/EuH6fRae531g6VOnVOrZEEusi"},"_chains":{"BZa0fEu5Id3WI8rSTSTVPn1RDwyJ2s6tOEaSnGzvRvI0":{"chainKey":{"counter":0,"key":"n312k3aKnSL/9RirFwf+YOWKdJahcOufN/BRb0GIRio="},"chainType":1,"messageKeys":{}}},"pendingPreKey":{"signedKeyId":0,"baseKey":"BcQfllvRPovClllsrQEDHoONB0McqZXh0Ckih3Ungwcy","preKeyId":13061633}},"BUIVS2cOuDCge4S5uQxeXkxMy5yNvNng6RquEQff1NVN":{"registrationId":1435645292,"currentRatchet":{"ephemeralKeyPair":{"pubKey":"BaGtxyZEJXeMle2YGVr1Dg6dVNVsAUR71pXB13KriSc5","privKey":"CCrqjs/I7u9r9I1BpCTnkXHwQlYonlW2ZYLMrSpKWV0="},"lastRemoteEphemeralKey":"BfDVDnjyOPUvPlSkS+47JmZO69880XlXVvcay3ALUvRo","previousCounter":0,"rootKey":"syl5LXVX00gSGTTNu+YXTGq4Ly3SO+30h8fPuLpq7K4="},"indexInfo":{"baseKey":"BUIVS2cOuDCge4S5uQxeXkxMy5yNvNng6RquEQff1NVN","baseKeyType":1,"closed":-1,"used":1724340111399,"created":1724340111399,"remoteIdentityKey":"BT6rc047uhKKuTdPtk/EuH6fRae531g6VOnVOrZEEusi"},"_chains":{"BaGtxyZEJXeMle2YGVr1Dg6dVNVsAUR71pXB13KriSc5":{"chainKey":{"counter":4,"key":"vnKGHQXkD/sO9ePmPVY/R9lkZAVtvNOpvrLZNFx5qTc="},"chainType":1,"messageKeys":{}}},"pendingPreKey":{"signedKeyId":0,"baseKey":"BUIVS2cOuDCge4S5uQxeXkxMy5yNvNng6RquEQff1NVN","preKeyId":13061360}}},"version":"v1"}