{"_sessions":{"BWUEOTSl3eKcyCJH8J8ca3r/VyaLQrUr9xTrDHg+LVA8":{"registrationId":629582906,"currentRatchet":{"ephemeralKeyPair":{"pubKey":"Baa+KhqOviTq2ac2AKsVLZ4dWjXAHpm9qLJ51SdsSS0I","privKey":"+OSeshA3pQTNrlfrUPUZEd8lxDax7QhUNKrswH4hCXE="},"lastRemoteEphemeralKey":"BQm/oE9/QYthBqLRdaV/ls4egx1wdgiHnejC7phxXJgH","previousCounter":0,"rootKey":"1rjfOK4i5INiuBEaSql2Hl3wewiAFZP5zN7oRyts4zA="},"indexInfo":{"baseKey":"BWUEOTSl3eKcyCJH8J8ca3r/VyaLQrUr9xTrDHg+LVA8","baseKeyType":1,"closed":-1,"used":1724340203178,"created":1724340203178,"remoteIdentityKey":"BVagz7BIUM5kECXqbKNMKX70/WPn59nrCjxSdnzbUIg6"},"_chains":{"Baa+KhqOviTq2ac2AKsVLZ4dWjXAHpm9qLJ51SdsSS0I":{"chainKey":{"counter":0,"key":"xmWULM9Tuu+D8lnUJqMXBVUBvUNg1H0uF+o5GBKKB8w="},"chainType":1,"messageKeys":{}}},"pendingPreKey":{"signedKeyId":1,"baseKey":"BWUEOTSl3eKcyCJH8J8ca3r/VyaLQrUr9xTrDHg+LVA8","preKeyId":8011400}}},"version":"v1"}