{"_sessions":{"BfOY6C9uhuWy1jZMTmj1z+qJhdf2GbXfuyrTbbctPehr":{"registrationId":1831471828,"currentRatchet":{"ephemeralKeyPair":{"pubKey":"BSnHLy7QISSiSIfuaLL4mIOre79ldgQwPvV80MG5UBh+","privKey":"mAPFy0yO0Nmukj2VNxdbwWF/84E21D0cN/D8xGR/Ems="},"lastRemoteEphemeralKey":"BTeYYD4tpQAPPZT77jKUCxlYJA34LAN6dLtBleLKdXsW","previousCounter":0,"rootKey":"vWi1+n5md6o6vgKfWnd5ZtbRn71boDQfkCMJnM+V6mk="},"indexInfo":{"baseKey":"BfOY6C9uhuWy1jZMTmj1z+qJhdf2GbXfuyrTbbctPehr","baseKeyType":1,"closed":-1,"used":1724340203182,"created":1724340203182,"remoteIdentityKey":"BZjX6tKGUWoA0xHu6oKRcoU2I0cdyGEUAdAJGTWRP2t1"},"_chains":{"BSnHLy7QISSiSIfuaLL4mIOre79ldgQwPvV80MG5UBh+":{"chainKey":{"counter":0,"key":"Haernl1NcxJrITiaIzKBXgXVrwkX0TbfcMN8O2CuJOY="},"chainType":1,"messageKeys":{}}},"pendingPreKey":{"signedKeyId":3,"baseKey":"BfOY6C9uhuWy1jZMTmj1z+qJhdf2GbXfuyrTbbctPehr","preKeyId":7922681}}},"version":"v1"}