{"_sessions":{"BbHgd2z36qMOngY8gS7vj0U2MMVfTFoK+CrXjkBMa7Z9":{"registrationId":830335285,"currentRatchet":{"ephemeralKeyPair":{"pubKey":"BSz+zX0YJzVCYO3q6CEfU/DngkoBS3b+V/+MYD8RO5hv","privKey":"CIskO4Ych3WBZ6ypStawg1KP+dwPvx5l2VW+UBc08Vs="},"lastRemoteEphemeralKey":"Bf4E2VFZW/77Zgn93tVF71myZl8oQOsa3ZuYcjR8ltlU","previousCounter":0,"rootKey":"n0m5ETDSVAxeYY9ysKnl08OSePDyXXA5ejWrwtBu7JA="},"indexInfo":{"baseKey":"BbHgd2z36qMOngY8gS7vj0U2MMVfTFoK+CrXjkBMa7Z9","baseKeyType":1,"closed":-1,"used":1724340203206,"created":1724340203206,"remoteIdentityKey":"Bb1Vc2wLwN55S3SGXEo70MV+MTR/LCB8Fpfwb4HSjaFT"},"_chains":{"BSz+zX0YJzVCYO3q6CEfU/DngkoBS3b+V/+MYD8RO5hv":{"chainKey":{"counter":0,"key":"Je9dxw5HqLSws3msNF+XmwjtoW5T1VQ155wJNFai8Lo="},"chainType":1,"messageKeys":{}}},"pendingPreKey":{"signedKeyId":22,"baseKey":"BbHgd2z36qMOngY8gS7vj0U2MMVfTFoK+CrXjkBMa7Z9","preKeyId":16128027}}},"version":"v1"}