{"_sessions":{"BaHlgornXZpxHvtUh8Q/KtaBaIBeWQr4VYZPhbevJH19":{"registrationId":285369009,"currentRatchet":{"ephemeralKeyPair":{"pubKey":"Be7U+D0l6DwX7LYv5jTsphcOtKXu3ho2ZKQ/h/oJzsAr","privKey":"4Fq1m2/0YvVaQy+6NML7RhapTvmuhgfXg3ssjbDam0U="},"lastRemoteEphemeralKey":"BSn5LKnET097JqKKagg4jQp8/ZsSxy+LJleqFJzDNxkl","previousCounter":0,"rootKey":"3YExr+JuVZuNSK+w0uLHr12y12A/vuAFYNDKgqBqVVI="},"indexInfo":{"baseKey":"BaHlgornXZpxHvtUh8Q/KtaBaIBeWQr4VYZPhbevJH19","baseKeyType":1,"closed":-1,"used":1724340203180,"created":1724340203180,"remoteIdentityKey":"BePpwUxwttvwDEK+LKP3ZV8OXR++K02gIZGYD5fETqYd"},"_chains":{"Be7U+D0l6DwX7LYv5jTsphcOtKXu3ho2ZKQ/h/oJzsAr":{"chainKey":{"counter":0,"key":"zRuEfxWXQKuL9K4T+OdGSWVmIXl90DDHDgZvhB+8xqk="},"chainType":1,"messageKeys":{}}},"pendingPreKey":{"signedKeyId":4,"baseKey":"BaHlgornXZpxHvtUh8Q/KtaBaIBeWQr4VYZPhbevJH19","preKeyId":15174736}}},"version":"v1"}