{"_sessions":{"BcXYm5WRucbCPJdUyrg13zc5ZQevz+H3+YSglcwt2KNE":{"registrationId":996310193,"currentRatchet":{"ephemeralKeyPair":{"pubKey":"BYNPjVlAjVBFDQ2HjZWUxil35Ax7fWMmX/IPuT1GXpYj","privKey":"8JYBuSH4CGULF3Y8sAwabqJcDhov9F7hKdQpVTqns1s="},"lastRemoteEphemeralKey":"BezIQsh8pkanN+Yh6LSTWnHB4XjmXai4FcbEUxhbt7Bl","previousCounter":0,"rootKey":"50Ta2aqbPm3P63jyG+hMIFZAe3T8oByX5fs4Cl8YpOA="},"indexInfo":{"baseKey":"BcXYm5WRucbCPJdUyrg13zc5ZQevz+H3+YSglcwt2KNE","baseKeyType":1,"closed":-1,"used":1724340203187,"created":1724340203187,"remoteIdentityKey":"Bf9j4CHR6zy/hgOlA6mtg8owDcQECLX6sLInHsfF0ilw"},"_chains":{"BYNPjVlAjVBFDQ2HjZWUxil35Ax7fWMmX/IPuT1GXpYj":{"chainKey":{"counter":0,"key":"rBDrmey/+9eBfrGqpmnoiQ0BNPwprCNrA/kbdvSttdA="},"chainType":1,"messageKeys":{}}},"pendingPreKey":{"signedKeyId":1,"baseKey":"BcXYm5WRucbCPJdUyrg13zc5ZQevz+H3+YSglcwt2KNE"}}},"version":"v1"}