{"_sessions":{"BQaorvVFp9wsUHoDI1QhHnlcadMnl2ccWtUdbzP9WlZc":{"registrationId":1387247168,"currentRatchet":{"ephemeralKeyPair":{"pubKey":"BXDp1MHshimVso20oNw+5QfbmX/8GYqNcm5oclfuskhl","privKey":"eMaTR9c+F7Jr0B6mgXc4bAgtqlHYVgq3p/MY0/n94Hs="},"lastRemoteEphemeralKey":"Bec+n25/OSJ5m8HEtmVHbTsNIHCdc5FxUMoiXNtlrmo1","previousCounter":0,"rootKey":"nX7hKaGsgAjBfIS96CVXAMxxBarmx0Q2MEXi6dPxq2Q="},"indexInfo":{"baseKey":"BQaorvVFp9wsUHoDI1QhHnlcadMnl2ccWtUdbzP9WlZc","baseKeyType":1,"closed":-1,"used":1724340203199,"created":1724340203199,"remoteIdentityKey":"BdItKisx71sBE86laN0gU+lZUHgEM5eavqyj7dc1ieIo"},"_chains":{"BXDp1MHshimVso20oNw+5QfbmX/8GYqNcm5oclfuskhl":{"chainKey":{"counter":0,"key":"3pmfRgFTwu3WTPC7moHr3IO22un8X60EFyzuKZ4FPpQ="},"chainType":1,"messageKeys":{}}},"pendingPreKey":{"signedKeyId":5,"baseKey":"BQaorvVFp9wsUHoDI1QhHnlcadMnl2ccWtUdbzP9WlZc","preKeyId":13362251}}},"version":"v1"}