{"_sessions":{"BRTV+VDkSRExHBC1z+UvYPR0pS5p+HjL+y9HOCK4rOlf":{"registrationId":2,"currentRatchet":{"ephemeralKeyPair":{"pubKey":"BRxMnhjPXbTkbtvpKkmnj7WBNLUYMYRY6jeJNKH2ODld","privKey":"mLJkt3HyfNpRCRvHQSM7gG9Jwuel8vwgZz+rHMkuGGE="},"lastRemoteEphemeralKey":"BSnfDkDW33+zlGWBInxGlEwOsmh9OUod8TQP9L1euT11","previousCounter":0,"rootKey":"+pWVALKQ58dbc5dz7WRRzS5Q9r0TV2IFnYJb6aIkC50="},"indexInfo":{"baseKey":"BRTV+VDkSRExHBC1z+UvYPR0pS5p+HjL+y9HOCK4rOlf","baseKeyType":1,"closed":-1,"used":1724340203161,"created":1724340203161,"remoteIdentityKey":"BZGiwOr2S+qah1A4WEap/cgAA+2DvEzZCfatLIE8X7hi"},"_chains":{"BRxMnhjPXbTkbtvpKkmnj7WBNLUYMYRY6jeJNKH2ODld":{"chainKey":{"counter":0,"key":"hRvYkLj6tXKXVFI2DVfIavDOX7oSjsd/7rBA3jRR8so="},"chainType":1,"messageKeys":{}}},"pendingPreKey":{"signedKeyId":1,"baseKey":"BRTV+VDkSRExHBC1z+UvYPR0pS5p+HjL+y9HOCK4rOlf"}}},"version":"v1"}