{"_sessions":{"BfyFFLpsQzgK+P4lhnL3uJxQSIk+wI86mJ4MUVcdcNp6":{"registrationId":9017,"currentRatchet":{"ephemeralKeyPair":{"pubKey":"BUro0BL8Fa9hWK69WTd648qolUey6d24ZNA6TCS4+McU","privKey":"gDJG13P8HftxcuSjz2e7skoWf3zDkQmVApxKBmf131w="},"lastRemoteEphemeralKey":"BY40VqLYwx14HfAZFXl39CqTN8eOSlxo3UHT/NwzqjYD","previousCounter":0,"rootKey":"7GBDkFlPo+wpbHrtPvabkEZfyWdOoEy4oeC3+Lzfc7o="},"indexInfo":{"baseKey":"BfyFFLpsQzgK+P4lhnL3uJxQSIk+wI86mJ4MUVcdcNp6","baseKeyType":1,"closed":-1,"used":1724340203158,"created":1724340203158,"remoteIdentityKey":"BelLhhw1bJVh1GudevB1yprNsop+8YZVb3Gu85P16DJI"},"_chains":{"BUro0BL8Fa9hWK69WTd648qolUey6d24ZNA6TCS4+McU":{"chainKey":{"counter":0,"key":"msCW7Ujrn1z0u48VMrC+4bNeHwUvBpjQ0R8IXmZKASk="},"chainType":1,"messageKeys":{}}},"pendingPreKey":{"signedKeyId":1,"baseKey":"BfyFFLpsQzgK+P4lhnL3uJxQSIk+wI86mJ4MUVcdcNp6","preKeyId":1949}}},"version":"v1"}