{"_sessions":{"Bd2kWScKliKyRGNE22Bf7zaqZ9R5YMKNA6U5zmMqg0tI":{"registrationId":1690425739,"currentRatchet":{"ephemeralKeyPair":{"pubKey":"BXBUNJ6otHh55iPRvevqUtyk/tiC+4ZH40P7srGi/oIY","privKey":"gHudYAWmKUFwizwtP8OemSoxQAt1VU5V+cKC4oTx1Fg="},"lastRemoteEphemeralKey":"BZ6sjZSQxxBrhxfsY16Zfinc3qOVNc0z6kbzk8q+OwZx","previousCounter":0,"rootKey":"klyzauyCgFq1X9GwQJLgMsrwIIO8KHWqI/r9Vxu0QsE="},"indexInfo":{"baseKey":"Bd2kWScKliKyRGNE22Bf7zaqZ9R5YMKNA6U5zmMqg0tI","baseKeyType":2,"closed":-1,"used":1724340138492,"created":1724340138492,"remoteIdentityKey":"BbFY98e+GmrrFcDxmgoMll6Q83zNgiBrYikrzhtziMtE"},"_chains":{"BZ6sjZSQxxBrhxfsY16Zfinc3qOVNc0z6kbzk8q+OwZx":{"chainKey":{"counter":0,"key":"gRKp72wqG+Sku4+s2bChPjqOZhk3IW46TPVvzG2z4BU="},"chainType":2,"messageKeys":{}},"BXBUNJ6otHh55iPRvevqUtyk/tiC+4ZH40P7srGi/oIY":{"chainKey":{"counter":0,"key":"YzyelwU/QWegX97YyqmPxyc5WHteajuS8oU1OzBFkkI="},"chainType":1,"messageKeys":{}}}}},"version":"v1"}