{"_sessions":{"Baw7cfs/rI04a1YaN7m+xG/2RlBeNv85zuBQOoMdIx96":{"registrationId":595112398,"currentRatchet":{"ephemeralKeyPair":{"pubKey":"BZB12TAldRJ1vCo3U6itiNQoeCH1Mr9E66tBO3mR/kdE","privKey":"YE0nJCBE9JW/34oheXMZhpVSvFtTWjPP+v3vaboIBH0="},"lastRemoteEphemeralKey":"BTGs6XiN0lVNqznBPRf9555rgTcxPFWbZEnSWCEphqxu","previousCounter":0,"rootKey":"KYTTRMzzK1XummMEdyOdz52SoK8LyD1El1rTDk7ec6U="},"indexInfo":{"baseKey":"Baw7cfs/rI04a1YaN7m+xG/2RlBeNv85zuBQOoMdIx96","baseKeyType":1,"closed":-1,"used":1724340203186,"created":1724340203186,"remoteIdentityKey":"BdQilDkg55FBsArXFYmvQIKChsoYC53zU96nu9F+BT4l"},"_chains":{"BZB12TAldRJ1vCo3U6itiNQoeCH1Mr9E66tBO3mR/kdE":{"chainKey":{"counter":0,"key":"SDs5WFCrlvhsQXbOFhro8k+omHL8YRQm57XfKMMzVVY="},"chainType":1,"messageKeys":{}}},"pendingPreKey":{"signedKeyId":5,"baseKey":"Baw7cfs/rI04a1YaN7m+xG/2RlBeNv85zuBQOoMdIx96"}}},"version":"v1"}