{"_sessions":{"BfgS2UUpBDmsP3V2HHv1aa4/vdu4hKjGojHHpUhfjxY1":{"registrationId":699209642,"currentRatchet":{"ephemeralKeyPair":{"pubKey":"BQeAoJmQXuOYVIfFPp4uq0N+Hg8eeev0GP00UGjJbMQN","privKey":"QLxKgT6iGsJ3Bl9AW/yC1Jb3MqpIYA/ng6YkaT18lmo="},"lastRemoteEphemeralKey":"BT8OMiSXcLVW08J0He8I18I4M12cFHvucakyPjyKda4j","previousCounter":0,"rootKey":"V44+fsiRZ4t4F4je5wrrpO7mRrsUMQQD0jp0o0dM4Lw="},"indexInfo":{"baseKey":"BfgS2UUpBDmsP3V2HHv1aa4/vdu4hKjGojHHpUhfjxY1","baseKeyType":1,"closed":-1,"used":1724340203191,"created":1724340203191,"remoteIdentityKey":"BbU5iANyK1BvgJgTQlH30PVXQG72a7hwMDVTJiduqS4v"},"_chains":{"BQeAoJmQXuOYVIfFPp4uq0N+Hg8eeev0GP00UGjJbMQN":{"chainKey":{"counter":0,"key":"m9BHOxZgB1+xqq27E58GLY73nRCQQ0L5xXtia/zfgT4="},"chainType":1,"messageKeys":{}}},"pendingPreKey":{"signedKeyId":7,"baseKey":"BfgS2UUpBDmsP3V2HHv1aa4/vdu4hKjGojHHpUhfjxY1"}}},"version":"v1"}