{"_sessions":{"Bd8FWQvqovlIb+Jq0BT4plM53oBbXxyO/fdWPIVocXJX":{"registrationId":166768709,"currentRatchet":{"ephemeralKeyPair":{"pubKey":"BRoXF61N+FEx/0ytgOY38KFbtX+RgyULh/neDcT5Omg5","privKey":"iGNWFwWYuIsiqr5JguidUjG9XUl5TDp7hxjImQiUeG8="},"lastRemoteEphemeralKey":"BZbzlAXKrMpY39neFKrx04MVEjTh9Ef+tH1nxkny7p9z","previousCounter":0,"rootKey":"ETSMN74zQaCND7P442yADvQ0tPRX5NpjseJEz6YOHmY="},"indexInfo":{"baseKey":"Bd8FWQvqovlIb+Jq0BT4plM53oBbXxyO/fdWPIVocXJX","baseKeyType":1,"closed":-1,"used":1724340203159,"created":1724340203159,"remoteIdentityKey":"BVqYwLEDBGO0REbnp1X8BoG4Ai/Dss16eaVOllPWDl18"},"_chains":{"BRoXF61N+FEx/0ytgOY38KFbtX+RgyULh/neDcT5Omg5":{"chainKey":{"counter":0,"key":"UrLzzgPJGKJ1HaHPLubttsuUCcVVnEX1PsUK2E6e6fk="},"chainType":1,"messageKeys":{}}},"pendingPreKey":{"signedKeyId":1,"baseKey":"Bd8FWQvqovlIb+Jq0BT4plM53oBbXxyO/fdWPIVocXJX","preKeyId":1017}}},"version":"v1"}