{"_sessions":{"BbcaGvY9OECeDIHZLnTGZwnf294HPFKcgnW9b0PRBu5Y":{"registrationId":1310780752,"currentRatchet":{"ephemeralKeyPair":{"pubKey":"BfP1d0ij0CiYnaeEf27uSwFaRs5iYEk96lPvUHfubKsN","privKey":"YHGWoTrHX60FduemeGgd1j4Y6FwEYTvqbwiZc9ayCFE="},"lastRemoteEphemeralKey":"BRZ1tEuXboVby/41ZJ/WJxpxc7jyGTpNEnyUuRBDMwR4","previousCounter":0,"rootKey":"uJZnsCUX7udmz47bjqtpUnO48BcyM935/lJ7rQTFKhY="},"indexInfo":{"baseKey":"BbcaGvY9OECeDIHZLnTGZwnf294HPFKcgnW9b0PRBu5Y","baseKeyType":1,"closed":-1,"used":1724340203171,"created":1724340203171,"remoteIdentityKey":"BXJa+znyCUTlOt50o8cifHwIkzHjCfSCAa2DDIxNNPxT"},"_chains":{"BfP1d0ij0CiYnaeEf27uSwFaRs5iYEk96lPvUHfubKsN":{"chainKey":{"counter":0,"key":"Z/zb921gavN3COQCM9d42yoRZU/Kzg0L4vSOGE5X/O8="},"chainType":1,"messageKeys":{}}},"pendingPreKey":{"signedKeyId":0,"baseKey":"BbcaGvY9OECeDIHZLnTGZwnf294HPFKcgnW9b0PRBu5Y","preKeyId":13608433}}},"version":"v1"}