{"_sessions":{"BaHDS9Q7vetwGMBeMzjL0nRzEpF90u0i6BBsDK0z0J8u":{"registrationId":602223005,"currentRatchet":{"ephemeralKeyPair":{"pubKey":"BRWma5XPtQN24vcOCglM9MICpQpQ88o8BPEsqGBguI0B","privKey":"yBdRXto/hX8wSj4TAJeLlA23dL8z/lp0QxqcZXZE0UY="},"lastRemoteEphemeralKey":"BaYgUuhQtKgiOO5YJoDYzxSNAyNeDiKaL/Kz/t7SvdNu","previousCounter":0,"rootKey":"G2VRg1IpQ3FFGUhFF0Mxfrr2EdKTMpW3uQWl967zErg="},"indexInfo":{"baseKey":"BaHDS9Q7vetwGMBeMzjL0nRzEpF90u0i6BBsDK0z0J8u","baseKeyType":1,"closed":-1,"used":1724340203177,"created":1724340203177,"remoteIdentityKey":"BdsyecZsWHKeyH74je0SN7n81kFEqkHL7Eb30sCSlNEJ"},"_chains":{"BRWma5XPtQN24vcOCglM9MICpQpQ88o8BPEsqGBguI0B":{"chainKey":{"counter":0,"key":"ZESaQRpPDOCE+4y6bDh2lhYhJhjLm4i6fR/m4ShYYTo="},"chainType":1,"messageKeys":{}}},"pendingPreKey":{"signedKeyId":1,"baseKey":"BaHDS9Q7vetwGMBeMzjL0nRzEpF90u0i6BBsDK0z0J8u","preKeyId":15686419}}},"version":"v1"}