{"_sessions":{"BRkHjQiOtGe3kFoc3/nkjB0Un3j94135+2MojJCM6644":{"registrationId":205838721,"currentRatchet":{"ephemeralKeyPair":{"pubKey":"Bdr2Ev6b3dp3uylSqte4/LsGoyLpx0CpUR+YNLuJAxpS","privKey":"sOz4UsQoyMHecz6HXvYUZf/53SbJ5N06VMFO671qIlc="},"lastRemoteEphemeralKey":"BTFH7OiOamyKq5T1O6dQTDmkm1USznLx6NY0bIUWvytt","previousCounter":0,"rootKey":"l6dbk93yaoQ3XltIvW/3op8tRA4I6wtVEbS7kg2OeTw="},"indexInfo":{"baseKey":"BRkHjQiOtGe3kFoc3/nkjB0Un3j94135+2MojJCM6644","baseKeyType":1,"closed":-1,"used":1724340203189,"created":1724340203189,"remoteIdentityKey":"Bf+AnuhMJbiNnzgDF06W+eE7dE576wLdAL+EY61pYJAd"},"_chains":{"Bdr2Ev6b3dp3uylSqte4/LsGoyLpx0CpUR+YNLuJAxpS":{"chainKey":{"counter":0,"key":"OGl/FRvCialVum62Rn2qutVIBG8CmbZRfdOnsEgmOHQ="},"chainType":1,"messageKeys":{}}},"pendingPreKey":{"signedKeyId":3,"baseKey":"BRkHjQiOtGe3kFoc3/nkjB0Un3j94135+2MojJCM6644","preKeyId":6672328}}},"version":"v1"}