{"_sessions":{"BQ50ScG1d9RIt9/lZ9MUaRfKAWlQYovUZHOUidwzP9JH":{"registrationId":22,"currentRatchet":{"ephemeralKeyPair":{"pubKey":"Bc2RIIaWUMJ08ClQdafiPbSR+5qWAqkmR0md2SdGJdQr","privKey":"iO6dRbZTJnMtELldA39AGbSmIZo0/Ssxhtaw7JmWlXw="},"lastRemoteEphemeralKey":"BfxkJ8TpycuJbIqM41EeBtkN+q476ncesvdrQoBnkBFs","previousCounter":0,"rootKey":"f8qBFNuTAJZ08V6FS9o0sQuBcrLVUOGCI6lbl2KlIgI="},"indexInfo":{"baseKey":"BQ50ScG1d9RIt9/lZ9MUaRfKAWlQYovUZHOUidwzP9JH","baseKeyType":1,"closed":-1,"used":1724340203162,"created":1724340203162,"remoteIdentityKey":"BSSDTo9sJOFQEoNdr8aT/TAoNURXXBWw2/RUbtzYh0R8"},"_chains":{"Bc2RIIaWUMJ08ClQdafiPbSR+5qWAqkmR0md2SdGJdQr":{"chainKey":{"counter":0,"key":"KHSQJmUjHiUg3Gy1WHrWsolSjHTRmkUF5sFNXTJQCZ4="},"chainType":1,"messageKeys":{}}},"pendingPreKey":{"signedKeyId":1,"baseKey":"BQ50ScG1d9RIt9/lZ9MUaRfKAWlQYovUZHOUidwzP9JH"}}},"version":"v1"}