{"_sessions":{"BeKaPd2wfaRUf+3RNa8xS8lW9JGtEGbTQsklpRXN3bl5":{"registrationId":32,"currentRatchet":{"ephemeralKeyPair":{"pubKey":"BWpurSVJUkoepg4xK5b9QinUC/+ueV80DR8SFrKl6jFK","privKey":"WDFDxdNWLD0F7mtOB6GvFvKMo8wHYyVU89/Yj5bo4G8="},"lastRemoteEphemeralKey":"BfyI8azyhM8XbW0Q+nDjuHMzNd5OTK+mXYQVTjnTgCxd","previousCounter":0,"rootKey":"YJUiS2++/t3PIR0Y3bRPYPwpP4zHT9M/SpzBaBaD3nQ="},"indexInfo":{"baseKey":"BeKaPd2wfaRUf+3RNa8xS8lW9JGtEGbTQsklpRXN3bl5","baseKeyType":1,"closed":-1,"used":1724340203164,"created":1724340203164,"remoteIdentityKey":"BfkMROxhobvqs4WZBKu4l2ShFI1GNXkeLg0QlC9kcTp/"},"_chains":{"BWpurSVJUkoepg4xK5b9QinUC/+ueV80DR8SFrKl6jFK":{"chainKey":{"counter":0,"key":"J/NMrIg29f/B2DllD3Ji/7CWBjCp9nP7ONqTZiYVanc="},"chainType":1,"messageKeys":{}}},"pendingPreKey":{"signedKeyId":1,"baseKey":"BeKaPd2wfaRUf+3RNa8xS8lW9JGtEGbTQsklpRXN3bl5","preKeyId":172}}},"version":"v1"}