{"_sessions":{"BfM+5g3aYgYhOCVmHwcLunDJEwkGmg/3TZshhAM/GIBH":{"registrationId":2052119735,"currentRatchet":{"ephemeralKeyPair":{"pubKey":"BfMvAIk62SCAgbf/5/e+8qcN2r1XFCd8x20u0hWr60Aq","privKey":"cPtdQj7Nlf5XDtX4PpkboojiB1peNGyoTLJwBY8OzkM="},"lastRemoteEphemeralKey":"BfvBS+OkllmfY909xStgEOrpAUe0N4Pow1X3cfYJ8NZu","previousCounter":0,"rootKey":"B3S4hRu4TL+9q0DiPcL5ds7lyI2FOpNuhqMxReCN8n4="},"indexInfo":{"baseKey":"BfM+5g3aYgYhOCVmHwcLunDJEwkGmg/3TZshhAM/GIBH","baseKeyType":1,"closed":-1,"used":1724340203208,"created":1724340203208,"remoteIdentityKey":"BZAPDWspidjegAcWUZqXOsMXteokm6b4E/WfEOKBY5dp"},"_chains":{"BfMvAIk62SCAgbf/5/e+8qcN2r1XFCd8x20u0hWr60Aq":{"chainKey":{"counter":0,"key":"/s4YWbjADtjQuamfMUhpYmsn5OoZPKgR5t1cuDLML5w="},"chainType":1,"messageKeys":{}}},"pendingPreKey":{"signedKeyId":4,"baseKey":"BfM+5g3aYgYhOCVmHwcLunDJEwkGmg/3TZshhAM/GIBH","preKeyId":13024951}}},"version":"v1"}