{"_sessions":{"BRuWGjgBmsokvABKA7XlbKjaEyWcUONj2W8beR01fjgm":{"registrationId":1840178853,"currentRatchet":{"ephemeralKeyPair":{"pubKey":"Bd0mO4ZY9H9ZtsoBM+JPh7m/tdWrBD4mrn9BOH+2AHlG","privKey":"2BU7xOil2bFlZysgVSm814YH0T4MTkX4dAHGxPJP+Vg="},"lastRemoteEphemeralKey":"BRSSAA4QgDkaejxoXb6chnRGX/1z3NYNm0oD7ZSzJDMd","previousCounter":0,"rootKey":"z3uUaYc+2bvgQkXWuh1nGtk+dZ53zDtiUHGvPrLGQ88="},"indexInfo":{"baseKey":"BRuWGjgBmsokvABKA7XlbKjaEyWcUONj2W8beR01fjgm","baseKeyType":2,"closed":-1,"used":1724340088229,"created":1724340088229,"remoteIdentityKey":"BTHQ1cajASXcag+oGndfHr0OxbvFooNPOq8H/2UxCq9t"},"_chains":{"BRSSAA4QgDkaejxoXb6chnRGX/1z3NYNm0oD7ZSzJDMd":{"chainKey":{"counter":0,"key":"YWurU01LBVGUKTGv8eevbqIk00Slr0VWNIwafcn+0U4="},"chainType":2,"messageKeys":{}},"Bd0mO4ZY9H9ZtsoBM+JPh7m/tdWrBD4mrn9BOH+2AHlG":{"chainKey":{"counter":0,"key":"z1+MlNGklpimrxQbDV1P0xu3zQzylmuzu/wkUEX/Vx4="},"chainType":1,"messageKeys":{}}}}},"version":"v1"}