{"_sessions":{"BXJx4OysDSFo+AUk1+RnP48RP3WFoXEkp9mudoEGZCYP":{"registrationId":367103541,"currentRatchet":{"ephemeralKeyPair":{"pubKey":"BTfv0K/1JYDJpiJS2H+AJaZO3tW1BsAqWKNJWa93KRJb","privKey":"YPZoQVjCf21zT4+qtp5RihTkA91YNaRWO2lj14xoXWM="},"lastRemoteEphemeralKey":"BY276qHZstXFVDJ6jwQa4zuumvgN/FsLZKo8TN8kKRkc","previousCounter":0,"rootKey":"NZEq2oKUpVi/Wr5E75YT76a9ag7wg0jO4Rfub6Rs+So="},"indexInfo":{"baseKey":"BXJx4OysDSFo+AUk1+RnP48RP3WFoXEkp9mudoEGZCYP","baseKeyType":2,"closed":-1,"used":1724340132749,"created":1724340132749,"remoteIdentityKey":"BcM8QyQbMe1vqAnlG3FBcwMUXsq272PG1ym1zsPfd89L"},"_chains":{"BY276qHZstXFVDJ6jwQa4zuumvgN/FsLZKo8TN8kKRkc":{"chainKey":{"counter":0,"key":"htm4s3uQFISldTWumnyQiztrs+tve4wW4mYLYxx/a+Y="},"chainType":2,"messageKeys":{}},"BTfv0K/1JYDJpiJS2H+AJaZO3tW1BsAqWKNJWa93KRJb":{"chainKey":{"counter":-1,"key":"EGgy2v0FXeMpfh+L8ZcvILEcz89pINl7QOKffDBsYfI="},"chainType":1,"messageKeys":{}}}}},"version":"v1"}