{"_sessions":{"BfEab4xBGnNype53WwYqKfOkUl0e6IelVHSJMH31aCRr":{"registrationId":2023648828,"currentRatchet":{"ephemeralKeyPair":{"pubKey":"BXfNjHz+C4HIMQikOXDTVdASbI4FReV58NdVdud8Cnki","privKey":"AKoAHBxr3k1PtLrmkHjtZT4Ti4TPBhR1pGtSaS40S1U="},"lastRemoteEphemeralKey":"BVe944kbTtKaACySvZhB33lv+kqtzXCrnV5fLb6Htk82","previousCounter":0,"rootKey":"AQ9lkKCJlxqW9QUOvXAWlI2FWtw2iY6X1ZuZ3CPESnM="},"indexInfo":{"baseKey":"BfEab4xBGnNype53WwYqKfOkUl0e6IelVHSJMH31aCRr","baseKeyType":1,"closed":-1,"used":1724340203181,"created":1724340203181,"remoteIdentityKey":"BcHaIxNlngW3IcYjEsnkOgduiBStYUjUlJyBBtJSCVlW"},"_chains":{"BXfNjHz+C4HIMQikOXDTVdASbI4FReV58NdVdud8Cnki":{"chainKey":{"counter":0,"key":"hF7k9uvohdkgGW98TE8cbDqzD9uPkL6N9wGkdsgEmsM="},"chainType":1,"messageKeys":{}}},"pendingPreKey":{"signedKeyId":12,"baseKey":"BfEab4xBGnNype53WwYqKfOkUl0e6IelVHSJMH31aCRr","preKeyId":12006195}}},"version":"v1"}