{"_sessions":{"BYEkSSleIfJoDn+2DZ3gStJQ2DNSn4amD2Fo6aPYppEo":{"registrationId":688591408,"currentRatchet":{"ephemeralKeyPair":{"pubKey":"Bctbm9XYW2e86nzeZ1r6oVA9xxhcrmCVd4DujMy0JPZg","privKey":"wLSvVDH5anWSxESyLtu1rJG6/GCuvN0RDCB/hbM1SlQ="},"lastRemoteEphemeralKey":"Be0S636Dv4jADAe8kaFW9ckTtlngcZvhjq3SpHYpg840","previousCounter":0,"rootKey":"FAiAEq1y9jp5iAV0o7d9AozZUXia5/eEZd+KhPtf71k="},"indexInfo":{"baseKey":"BYEkSSleIfJoDn+2DZ3gStJQ2DNSn4amD2Fo6aPYppEo","baseKeyType":1,"closed":-1,"used":1724340203203,"created":1724340203203,"remoteIdentityKey":"BZ3sVMH1POh71t5NmPsnC2BmjvGIbT/pX4OHoXCBQ7Ux"},"_chains":{"Bctbm9XYW2e86nzeZ1r6oVA9xxhcrmCVd4DujMy0JPZg":{"chainKey":{"counter":0,"key":"nBuzhG/MW+9r7MjYckalRcM21ScQsJJ0nD2CNUPraJU="},"chainType":1,"messageKeys":{}}},"pendingPreKey":{"signedKeyId":3,"baseKey":"BYEkSSleIfJoDn+2DZ3gStJQ2DNSn4amD2Fo6aPYppEo","preKeyId":13723919}}},"version":"v1"}