{"_sessions":{"BY8T2bQ8SBUxMqAwungdJ090YqSsEH7knU5pBKz+E5kd":{"registrationId":55057653,"currentRatchet":{"ephemeralKeyPair":{"pubKey":"BWdkQinL8v9lY58kbgnp56dtSmqSoZOZmj/LC4/XQCUv","privKey":"OKb/0mTD0oh7DeyFVG1bTOnbQGhZzj2/5H+oSSK4qlc="},"lastRemoteEphemeralKey":"Bbl95GWY3I7jh7v6kSO/WmejJ0EB5+385cNHDMG9ykIy","previousCounter":0,"rootKey":"EuZxkkG0VcJBhwPvzhpEyjisTWCtzh0GAmKMZLrfiUU="},"indexInfo":{"baseKey":"BY8T2bQ8SBUxMqAwungdJ090YqSsEH7knU5pBKz+E5kd","baseKeyType":1,"closed":-1,"used":1724340203176,"created":1724340203176,"remoteIdentityKey":"Bf3sA+De/tkawl9iqn3zkNdWlqfxaFv42f5Y/hImaSM7"},"_chains":{"BWdkQinL8v9lY58kbgnp56dtSmqSoZOZmj/LC4/XQCUv":{"chainKey":{"counter":0,"key":"H1GB6QX9/8b3gfBCrASH05Z7UVI4GoWsCQO1nkhhkuc="},"chainType":1,"messageKeys":{}}},"pendingPreKey":{"signedKeyId":2,"baseKey":"BY8T2bQ8SBUxMqAwungdJ090YqSsEH7knU5pBKz+E5kd"}}},"version":"v1"}