{"_sessions":{"BaxLfFgFY+O8HsJS+BksoRgX4x7Yf4F+umytziqU6oU3":{"registrationId":230,"currentRatchet":{"ephemeralKeyPair":{"pubKey":"BQNjGZbpkoHoIG3BZipLKbsvavcZUPTi7HL4+cijYDob","privKey":"YKCpiwOd3diBmprf/U/StmhGa8VLrG9kV5h5SO9cmFU="},"lastRemoteEphemeralKey":"BTXUK344ghO0rZYTBznNmjALyWWd273MdE8sXH35HSlj","previousCounter":0,"rootKey":"yIjoqsgvDCp6WDbzu6liCljsnqWUNWWnFKISMQf0zK4="},"indexInfo":{"baseKey":"BaxLfFgFY+O8HsJS+BksoRgX4x7Yf4F+umytziqU6oU3","baseKeyType":1,"closed":-1,"used":1724340203162,"created":1724340203162,"remoteIdentityKey":"BfNuLnjnN3n877kzEH3efsaNmBPPRwpXbKXM4TkWKzlv"},"_chains":{"BQNjGZbpkoHoIG3BZipLKbsvavcZUPTi7HL4+cijYDob":{"chainKey":{"counter":0,"key":"Vz+e8VmAb+70JBbgGNoFsYueYa8hg1DnKyGOideroXA="},"chainType":1,"messageKeys":{}}},"pendingPreKey":{"signedKeyId":1,"baseKey":"BaxLfFgFY+O8HsJS+BksoRgX4x7Yf4F+umytziqU6oU3"}}},"version":"v1"}