{"_sessions":{"BXTgDrtpD7cz80D3eh4NoeD3X0w1Gi4JSqAuH2Qzlk8Z":{"registrationId":8760,"currentRatchet":{"ephemeralKeyPair":{"pubKey":"BcWH55ns8Y9gCgNGDd2P10KVlYUbD9i40EOm6E771z8Q","privKey":"gBtsNAFOtC+ZFRcJQpAku2ciaXytQDseDV1xN32ICWY="},"lastRemoteEphemeralKey":"BbLl+bjfV3NK5a95B6CiwCbVPuelOI8vqCLaGSHu8HJV","previousCounter":0,"rootKey":"Bxnrt0lpkCmQKd3yhMzEjcGSSmp9va9dNGRrgJaEGXI="},"indexInfo":{"baseKey":"BXTgDrtpD7cz80D3eh4NoeD3X0w1Gi4JSqAuH2Qzlk8Z","baseKeyType":1,"closed":-1,"used":1724340203167,"created":1724340203167,"remoteIdentityKey":"BZDiLjZ015MJoiGoErnHusBz6JNI3z7cWg+MQtyEyvFu"},"_chains":{"BcWH55ns8Y9gCgNGDd2P10KVlYUbD9i40EOm6E771z8Q":{"chainKey":{"counter":0,"key":"iiwCK2G7zhQCWT7e7ABYA8sJXLHtz3tHM7RhBxBVmMU="},"chainType":1,"messageKeys":{}}},"pendingPreKey":{"signedKeyId":1,"baseKey":"BXTgDrtpD7cz80D3eh4NoeD3X0w1Gi4JSqAuH2Qzlk8Z"}}},"version":"v1"}