{"_sessions":{"BbfReXYvSGIlBjMMemzTbwF/pFoVRbfrhOZmx4chmocy":{"registrationId":84,"currentRatchet":{"ephemeralKeyPair":{"pubKey":"BfoJ8isU3niB/ulDD7chPO8FEojas4IpR0hFS4F6V9gi","privKey":"oEKktFwnp+vsiGiJhY88hq2ufGNUa+If8oqss6bGNW4="},"lastRemoteEphemeralKey":"BSSsK1c9pwbO1i9/QTfS45N9P4ty0tE4TxcsEs/83QJ3","previousCounter":0,"rootKey":"QCiePnl91DOPNXeulHGI15D+T9dBYfuoxuN2eZ3c9oA="},"indexInfo":{"baseKey":"BbfReXYvSGIlBjMMemzTbwF/pFoVRbfrhOZmx4chmocy","baseKeyType":1,"closed":-1,"used":1724340203160,"created":1724340203160,"remoteIdentityKey":"BQ7QzL4W9HZ4jobzFn+xWH1OI3in1YgBuyYB7WMsH40q"},"_chains":{"BfoJ8isU3niB/ulDD7chPO8FEojas4IpR0hFS4F6V9gi":{"chainKey":{"counter":0,"key":"5AQXwDDpAEzYWJNjGvmrBW+bMpydHgAyGlFBZyqOI9Y="},"chainType":1,"messageKeys":{}}},"pendingPreKey":{"signedKeyId":1,"baseKey":"BbfReXYvSGIlBjMMemzTbwF/pFoVRbfrhOZmx4chmocy"}}},"version":"v1"}