{"_sessions":{"BTnGSNvKtvyWRdo79YzAs9igxtNzgWZcl8Ovw+sISNNG":{"registrationId":1385376657,"currentRatchet":{"ephemeralKeyPair":{"pubKey":"BRZscirVOzn44MbFbQshsuaokaQpBdSb8wk4bttaKI5r","privKey":"UP63sg966BBbkoyWeRwzrs5XPAz7TapvicPWHCkIUHs="},"lastRemoteEphemeralKey":"BSF9Il5Qr9mEyune1zMXUjU/oK30KKqTqcoUcpzl229d","previousCounter":0,"rootKey":"i/9VPmgGuE/jDf15VMEei9K4hKUXXYk7mVFk9ieyRuM="},"indexInfo":{"baseKey":"BTnGSNvKtvyWRdo79YzAs9igxtNzgWZcl8Ovw+sISNNG","baseKeyType":1,"closed":-1,"used":1724340203188,"created":1724340203188,"remoteIdentityKey":"BdAYLcf7KMsQ/YM8YH4kQiYg74L7qYwe5U//U8av5GI5"},"_chains":{"BRZscirVOzn44MbFbQshsuaokaQpBdSb8wk4bttaKI5r":{"chainKey":{"counter":0,"key":"M+jnAfiZURmgCYj0+haO9U+eN2s6jOsH2oiD7E1xT7Q="},"chainType":1,"messageKeys":{}}},"pendingPreKey":{"signedKeyId":5,"baseKey":"BTnGSNvKtvyWRdo79YzAs9igxtNzgWZcl8Ovw+sISNNG","preKeyId":16239896}}},"version":"v1"}