{"_sessions":{"BRA5pHarZV/Thff0AIIB5AscqP1d/8nMikbXovtQKhcn":{"registrationId":1688854540,"currentRatchet":{"ephemeralKeyPair":{"pubKey":"BWCSX9iI18cMHSOtT8Wum6mqOpb94ye7WtSviCqSLG9i","privKey":"KHNV9fDAYezmIkrS4NekLw6BsXvq2odIj8GGNb8ey2Y="},"lastRemoteEphemeralKey":"BdFKyQ0f82iHWZ46lZg9pR7GgQsnCgWjRyLV8E0kURdN","previousCounter":0,"rootKey":"c10U0CgrIM4sQEZ/KWAeU+3TCTLDhgesHRIX2nI9GwI="},"indexInfo":{"baseKey":"BRA5pHarZV/Thff0AIIB5AscqP1d/8nMikbXovtQKhcn","baseKeyType":1,"closed":-1,"used":1724340203184,"created":1724340203184,"remoteIdentityKey":"BSFHdCI4+gskbdp2b1dnAHLVEqxqmIwKH0jsp4v5YisF"},"_chains":{"BWCSX9iI18cMHSOtT8Wum6mqOpb94ye7WtSviCqSLG9i":{"chainKey":{"counter":0,"key":"ACt6UK2nSCQ3BCnC+/HwprYy+20116aD8XuG1ANhC2o="},"chainType":1,"messageKeys":{}}},"pendingPreKey":{"signedKeyId":10,"baseKey":"BRA5pHarZV/Thff0AIIB5AscqP1d/8nMikbXovtQKhcn","preKeyId":1180147}}},"version":"v1"}