{"_sessions":{"BaW4yb4XlvMJ4MiCgoys61JqJ8C+WX14rNImWV5SdAtC":{"registrationId":1192590322,"currentRatchet":{"ephemeralKeyPair":{"pubKey":"BRUUYcfYWdNmp8eGm5FrnTJNWZ9IWeMjPdO/MKyF3/lb","privKey":"GPLiIfBn1mPBwnkDgyDI90cSY2G/3XfdZiei7+LYVk4="},"lastRemoteEphemeralKey":"BWv7DgCwjriTFbily/ahmpnXRanqByeqLiYd1LMhN0Mi","previousCounter":0,"rootKey":"mL0JUfjpcaJyNFT1tC9TTwZweedJp4QRB//zbjvur9M="},"indexInfo":{"baseKey":"BaW4yb4XlvMJ4MiCgoys61JqJ8C+WX14rNImWV5SdAtC","baseKeyType":1,"closed":-1,"used":1724340203188,"created":1724340203188,"remoteIdentityKey":"BTwsPvxEmrFFoMOAAQF+B4o9h1SOHjQTpQJ/srWrGJ8s"},"_chains":{"BRUUYcfYWdNmp8eGm5FrnTJNWZ9IWeMjPdO/MKyF3/lb":{"chainKey":{"counter":0,"key":"idFhfE3jtRH8UVP76jxz5As8uZmEAv8rmFkte5StOvs="},"chainType":1,"messageKeys":{}}},"pendingPreKey":{"signedKeyId":5726634,"baseKey":"BaW4yb4XlvMJ4MiCgoys61JqJ8C+WX14rNImWV5SdAtC","preKeyId":12488}}},"version":"v1"}