{"_sessions":{"BduNIR6z0vKxbjqJJnMKWgnCRQIGzdTMTkVdqI8YlrRw":{"registrationId":187,"currentRatchet":{"ephemeralKeyPair":{"pubKey":"BdlUUY92Wbw5p3lgG63gpawyPpeoLUauKhAtq6ehKiQs","privKey":"uKyyY3kBoFbRXhqx4rZi3DOso+VNbyJZQLRrnVd7MHA="},"lastRemoteEphemeralKey":"BW7IDAG/arLpgs5oo/hYElsGDGTPYcaCvjU3soo+O2I5","previousCounter":0,"rootKey":"rFpo8pRURs3fVXEdJSq8VwVIOfyMWZttEgu8+l1AlcM="},"indexInfo":{"baseKey":"BduNIR6z0vKxbjqJJnMKWgnCRQIGzdTMTkVdqI8YlrRw","baseKeyType":1,"closed":-1,"used":1724340203165,"created":1724340203165,"remoteIdentityKey":"BRl/fFNRQdGTrkhkC7Df/zVMDnhqs23AuyLoUCA3Bu1V"},"_chains":{"BdlUUY92Wbw5p3lgG63gpawyPpeoLUauKhAtq6ehKiQs":{"chainKey":{"counter":0,"key":"xGyJrKC55VENR5hFetVZH4EsOIS32eQ2A2zdZKB4kUw="},"chainType":1,"messageKeys":{}}},"pendingPreKey":{"signedKeyId":1,"baseKey":"BduNIR6z0vKxbjqJJnMKWgnCRQIGzdTMTkVdqI8YlrRw","preKeyId":149}}},"version":"v1"}