{"_sessions":{"BUx3QuqLNMZI5biBCz1sNBqW1QucNY0CgYGGoeqTjf1A":{"registrationId":1284486287,"currentRatchet":{"ephemeralKeyPair":{"pubKey":"BVH+Hu43MvNIjOIEYe6840wYux9w05tydx/VzbUF/up6","privKey":"yB2nyGqLpuuqx58HgCnifSZVKMzgopmD6OQS0uJZKE8="},"lastRemoteEphemeralKey":"BXBL9CxrN252533kBUKQAGAhMRO3b/HVDjwNplkZ7ghl","previousCounter":0,"rootKey":"csG2+QOLrIqoAm2qhwfdlGMBmVhGJ4TJXMi7pAlM6wA="},"indexInfo":{"baseKey":"BUx3QuqLNMZI5biBCz1sNBqW1QucNY0CgYGGoeqTjf1A","baseKeyType":1,"closed":-1,"used":1724340203170,"created":1724340203170,"remoteIdentityKey":"BV+STFV3CDBqpxAxvvgt7/icVMzW27uN3SVS77GClmoH"},"_chains":{"BVH+Hu43MvNIjOIEYe6840wYux9w05tydx/VzbUF/up6":{"chainKey":{"counter":0,"key":"VmnRDOyDK7CxecByLu+pcI0XDWwZbtCCXPTvzsg/b6w="},"chainType":1,"messageKeys":{}}},"pendingPreKey":{"signedKeyId":125,"baseKey":"BUx3QuqLNMZI5biBCz1sNBqW1QucNY0CgYGGoeqTjf1A","preKeyId":7566}}},"version":"v1"}