{"noiseKey":{"private":{"type":"Buffer","data":"QHJbZe33/7PW0bnuAeHW9IKQJWcuFbh7WBaa0boDn2k="},"public":{"type":"Buffer","data":"WjzN5yxPvF7fcBoXs1fhOoCU4QAkCteoP/sBwDHNgCM="}},"pairingEphemeralKeyPair":{"private":{"type":"Buffer","data":"IPQtsrg5iB4AWWt95Hx1UP3zVpDy26iGQQh/YGuM+Xs="},"public":{"type":"Buffer","data":"1/FIa6xiaoqgxRd5jMfwaZpd+ojPzFK8vqpFWFfZeXo="}},"signedIdentityKey":{"private":{"type":"Buffer","data":"SNvWYZSHqAw++SmUYmUZXhBFY8QMca27ATOYWZweX3M="},"public":{"type":"Buffer","data":"AiUe2pzwq+kPIZwQEaSsFXwBu4LiIIQSlnHWFJMr6zE="}},"signedPreKey":{"keyPair":{"private":{"type":"Buffer","data":"SJ0GyHy+cqnKCGJlMCX7iim6rGv6NEw5PK4Y4y2Sjkc="},"public":{"type":"Buffer","data":"X9FWEUMAVlpT+FO2Ly6PsBH91Qhoa5CN1RS6dbao6h4="}},"signature":{"type":"Buffer","data":"icNi3OiX/5XhhRAC3rsma7zi5SoSK8cDRTxUvzIXJK+DbqfrSscGafjgYXJiY/uph1+Caf6v7+OXTf3+hsoYiA=="},"keyId":1},"registrationId":133,"advSecretKey":"DOffDBc8pqcE5XvESxGfJkPLgXZ+OHznA0ZDz0B+g/I=","processedHistoryMessages":[{"key":{"remoteJid":"212627844896@s.whatsapp.net","fromMe":true,"id":"B4E525A384493846188E7AA47269B1A1"},"messageTimestamp":1724011695},{"key":{"remoteJid":"212627844896@s.whatsapp.net","fromMe":true,"id":"2E7A7D4A034E5D1F37B8AAAA35DC062C"},"messageTimestamp":1724011695},{"key":{"remoteJid":"212627844896@s.whatsapp.net","fromMe":true,"id":"FDEBB406E3EF198AFAE490C8F4E31112"},"messageTimestamp":1724011696},{"key":{"remoteJid":"212627844896@s.whatsapp.net","fromMe":true,"id":"DFE9CE45D7F815835F18AB4EA6E2A75E"},"messageTimestamp":1724011696},{"key":{"remoteJid":"212627844896@s.whatsapp.net","fromMe":true,"id":"AD283FBF320AF28CA45EDC981023A989"},"messageTimestamp":1724011697}],"nextPreKeyId":148,"firstUnuploadedPreKeyId":148,"accountSyncCounter":1,"accountSettings":{"unarchiveChats":false},"deviceId":"AnxNlVcXQyCRFjErHRNtEg","phoneId":"096ce104-ac68-4c14-828d-56eaa6d4bcb2","identityId":{"type":"Buffer","data":"6cUQKnG5NGhZumivG8DLtdX+nv0="},"registered":true,"backupToken":{"type":"Buffer","data":"TZ6d9jqGXDezizVbMkl/ZddlJgM="},"registration":{},"pairingCode":"HRKF2NMY","me":{"id":"212627844896:1@s.whatsapp.net","name":"DarkNess","jid":"212627844896@s.whatsapp.net","lid":"182321848270909:1@lid"},"account":{"details":"CLjn/tIFEKqpibYGGAEgACgA","accountSignatureKey":"gQlp/phOtHC0U7rbh82apT5AZG6bQ1JkpPBJgyiRzSA=","accountSignature":"d/MbqNqLSDC5Wp/0lSRBb/nRdgnOvlqXAOq2qP7rPYPiB30ShFWoTypG4DDnFtaRAuPW8GXAymUyUxuaKXKpDw==","deviceSignature":"emKZS/BCFGWQmuoDAenuC38k8X1PKChxapnrhn2E3ZeemHcWXSyIdjylaPE5RiLtT0q54hDb0h76/U244gvDig=="},"signalIdentities":[{"identifier":{"name":"212627844896:1@s.whatsapp.net","deviceId":0},"identifierKey":{"type":"Buffer","data":"BYEJaf6YTrRwtFO624fNmqU+QGRum0NSZKTwSYMokc0g"}}],"platform":"smba","lastAccountSyncTimestamp":1724278535,"myAppStateKeyId":"AAAAACDs","lastPropHash":"3RERmy"}