{"version":2,"hash":{"type":"Buffer","data":"Abd95iwr5X/R04R5M3ZR20hCto/Aui5svRE5fhHRV8QWMzyXDi3Kca4uC/9K3Ek8bUPnBOmzqjKXG+bfpcq1jpta/QRG2D6yvx3DkZiKwgtp4G/6SV3ckNSJPEGU3hFJMz7xzWI34NNSPxBATtcP7Afz1kKHnQQPY+SoKptO8UE="},"indexValueMap":{"9qcOsobeJb3Xam1upU1uwXlyIwkJu4z2S2dK45S91LY=":{"valueMac":{"type":"Buffer","data":"LfysK5cHQlnd3W6Ibc4fbNGiybdOWAUL2aUPJFgf9/4="}},"WG+XgPRmyqH7e0wNgCsg3Sq5VUfFyv7Ct/6wmxNXV78=":{"valueMac":{"type":"Buffer","data":"Kl1rkGt/XRIO5ZcXU5QN1U/BHPGcflJ/iybMiObvYio="}}}}