{"noiseKey":{"private":{"type":"Buffer","data":"YKY9suyLYblwiADe4k2OY3qZN/AEqkHSO19sngp4fHQ="},"public":{"type":"Buffer","data":"dQliJoVUCl7V8RnWiuNLlYVgomgaB8CDNO91gFDAGVc="}},"pairingEphemeralKeyPair":{"private":{"type":"Buffer","data":"sHurt+vGSXE3Oqi/8cR+BEm4dMhH8Lh6Pli5E3axTUA="},"public":{"type":"Buffer","data":"M6zg4ruxFMW0XKVPyVcFEBdWxw651piMTozpDUBKS0w="}},"signedIdentityKey":{"private":{"type":"Buffer","data":"iCtsKoLB8PC81t3jVW7e4HDEQYGHKPBJpaGcWcKcYXE="},"public":{"type":"Buffer","data":"G6m0CGaLsHDceR7RYaNZ7mws6+LZds0S/X9ZYyOlKm8="}},"signedPreKey":{"keyPair":{"private":{"type":"Buffer","data":"aGZy3LTtEY0wUmVsityGOMHea9bD5gvbLejJpfRFzmI="},"public":{"type":"Buffer","data":"cY9HpJB30HV7Hz+wizcIBJZU17kMJEjkyqN2Yp9mdyg="}},"signature":{"type":"Buffer","data":"8n33pjyzHNcMZRzQe1yNj/6tjldOKMq5PypYaVDk9onVG1j8FATOu/xqz/vEyimIKefvqrZUFP2YIUoc/ay8jQ=="},"keyId":1},"registrationId":174,"advSecretKey":"oxCCLKFRX7EIjCb9IL9mS8q/jwJhuaZKXEkWeF1uKz0=","processedHistoryMessages":[{"key":{"remoteJid":"212649515064@s.whatsapp.net","fromMe":true,"id":"9E0F926B59CE9231FD9EC3EB19E1A709"},"messageTimestamp":1724421866},{"key":{"remoteJid":"212649515064@s.whatsapp.net","fromMe":true,"id":"454ECF7F0588BB3D672589832DF41B48"},"messageTimestamp":1724421869},{"key":{"remoteJid":"212649515064@s.whatsapp.net","fromMe":true,"id":"555D9BFCA298F1BA3818D8E623399553"},"messageTimestamp":1724421894},{"key":{"remoteJid":"212649515064@s.whatsapp.net","fromMe":true,"id":"C5ED059211916FFBF7005C5876C10416"},"messageTimestamp":1724421896},{"key":{"remoteJid":"212649515064@s.whatsapp.net","fromMe":true,"id":"9C67164E03DBA1E985668C9F3EF87016"},"messageTimestamp":1724421896}],"nextPreKeyId":32,"firstUnuploadedPreKeyId":32,"accountSyncCounter":1,"accountSettings":{"unarchiveChats":false},"deviceId":"DsPQXRasTLaOvnbAlSGYJQ","phoneId":"aa1b315a-28c4-4e31-a084-5a1bb362078e","identityId":{"type":"Buffer","data":"JNVt58aFTihH3q7Kb2YhMvlmgQ4="},"registered":true,"backupToken":{"type":"Buffer","data":"RTkVr7tjHWhN4pEtO+32T92eNX8="},"registration":{},"pairingCode":"ES6RLNQH","me":{"id":"212649515064:7@s.whatsapp.net","jid":"212649515064@s.whatsapp.net","lid":"137795821658260:7@lid","name":"ﷲ أكبر"},"account":{"details":"CPbn8egFENmtorYGGAEgACgA","accountSignatureKey":"argfhcsMX7c3/TTqHxlmx56cfPydwdihwuE71IQchF0=","accountSignature":"IiFNQ8yPrfzlqczoc6l+1AqWOvV4+Ltwru+AcgoSuo+W5vgjQg1GjUTit/up9GXTg+z6+Rg1fvNV5GfxbggGBQ==","deviceSignature":"RY68O/qoNjBVxXrf0IGtV4BFMQVaSI2P6RYMpxYkYzbbC9CTUB10HUSLbnXVz59INjeGnFD99DynCc27cO7XjA=="},"signalIdentities":[{"identifier":{"name":"212649515064:7@s.whatsapp.net","deviceId":0},"identifierKey":{"type":"Buffer","data":"BWq4H4XLDF+3N/006h8ZZseenHz8ncHYocLhO9SEHIRd"}}],"platform":"android","lastAccountSyncTimestamp":1724422120,"myAppStateKeyId":"AAAAAAZY","lastPropHash":"1rvyP3"}