{"212614932692:7@s.whatsapp.net":true,"212614932692:8@s.whatsapp.net":true,"212714503050@s.whatsapp.net":true,"212714503050:5@s.whatsapp.net":true,"6282314573392@s.whatsapp.net":true,"212638446201@s.whatsapp.net":true,"212638446201:10@s.whatsapp.net":true,"212771309439@s.whatsapp.net":true,"212668047597@s.whatsapp.net":true,"212658948558@s.whatsapp.net":true,"212609859784@s.whatsapp.net":true,"212657453353@s.whatsapp.net":true,"212702723970@s.whatsapp.net":true,"212619520292@s.whatsapp.net":true,"212649515064@s.whatsapp.net":true,"212632968301@s.whatsapp.net":true,"212655112293@s.whatsapp.net":true,"212650903180@s.whatsapp.net":true,"212605901762@s.whatsapp.net":true,"212605901762:2@s.whatsapp.net":true,"212658594530@s.whatsapp.net":true,"212718329077@s.whatsapp.net":true,"37122285477@s.whatsapp.net":true,"212639319505@s.whatsapp.net":true,"212705205397@s.whatsapp.net":true,"212705205397:31@s.whatsapp.net":true,"201020306059@s.whatsapp.net":true,"201020306059:23@s.whatsapp.net":true,"201020306059:24@s.whatsapp.net":true,"201020306059:25@s.whatsapp.net":true,"967730352883@s.whatsapp.net":true,"212611989656@s.whatsapp.net":true,"212621851554@s.whatsapp.net":true,"212621851554:81@s.whatsapp.net":true,"212621851554:87@s.whatsapp.net":true,"212618508130@s.whatsapp.net":true,"201283419708@s.whatsapp.net":true,"6282340108349@s.whatsapp.net":true,"6282340108349:45@s.whatsapp.net":true,"6283122886524@s.whatsapp.net":true,"212721828327@s.whatsapp.net":true,"212721828327:7@s.whatsapp.net":true,"212769886950@s.whatsapp.net":true,"212718786253@s.whatsapp.net":true,"212681554143@s.whatsapp.net":true,"212656631847@s.whatsapp.net":true,"212656631847:22@s.whatsapp.net":true,"201151094460@s.whatsapp.net":true,"201151094460:5@s.whatsapp.net":true,"212770618228@s.whatsapp.net":true,"212609862417@s.whatsapp.net":true,"212605784394@s.whatsapp.net":true,"212605784394:27@s.whatsapp.net":true,"212622664410@s.whatsapp.net":true,"212622664410:61@s.whatsapp.net":true,"963988109204@s.whatsapp.net":true,"212611294080@s.whatsapp.net":true,"212611294080:41@s.whatsapp.net":true,"201220864180@s.whatsapp.net":true,"201220864180:12@s.whatsapp.net":true,"212643238435@s.whatsapp.net":true,"212648753294@s.whatsapp.net":true,"212772554870@s.whatsapp.net":true,"212627844896@s.whatsapp.net":true,"212627844896:1@s.whatsapp.net":true,"212714293557@s.whatsapp.net":true,"212694143711@s.whatsapp.net":true,"212694143711:24@s.whatsapp.net":true,"212694143711:26@s.whatsapp.net":true,"212633518704@s.whatsapp.net":true,"212633518704:10@s.whatsapp.net":true,"212630299152@s.whatsapp.net":true,"212644135508@s.whatsapp.net":true,"212781814269@s.whatsapp.net":true,"212781814269:56@s.whatsapp.net":true,"967772822646@s.whatsapp.net":true,"212771805801@s.whatsapp.net":true,"212647936238@s.whatsapp.net":true,"212647936238:60@s.whatsapp.net":true,"212717457920@s.whatsapp.net":true,"212646480851@s.whatsapp.net":true,"212646480851:79@s.whatsapp.net":true,"212717842363@s.whatsapp.net":true,"212777554973@s.whatsapp.net":true,"212781874854@s.whatsapp.net":true,"212681956570@s.whatsapp.net":true,"212717360288@s.whatsapp.net":true,"212718933038@s.whatsapp.net":true,"212777422832@s.whatsapp.net":true,"212708058180@s.whatsapp.net":true,"212708058180:4@s.whatsapp.net":true,"201092861732@s.whatsapp.net":true,"212724290421@s.whatsapp.net":true,"212778513302@s.whatsapp.net":true,"212778513302:14@s.whatsapp.net":true,"967779148272@s.whatsapp.net":true,"994402338490@s.whatsapp.net":true,"212679593105@s.whatsapp.net":true,"249128749239@s.whatsapp.net":true,"249128749239:14@s.whatsapp.net":true,"212760517793@s.whatsapp.net":true,"212657035661@s.whatsapp.net":true,"212616823504@s.whatsapp.net":true,"212645982977@s.whatsapp.net":true,"212693809923@s.whatsapp.net":true,"212693809923:1@s.whatsapp.net":true}