{"_sessions":{"BRdqGgMN+ccsWnAzI0IBSS3s3kp0YumuN5p+0WQuuZUB":{"registrationId":1338951662,"currentRatchet":{"ephemeralKeyPair":{"pubKey":"BeQVpOcXbxiC3/wgW+Y20PtlhcDzADCYczVV1xHUpFN7","privKey":"uDz3JCOFSlgCbGDqJ//tILlNhHb9M/CB+vUEAXqCqHs="},"lastRemoteEphemeralKey":"BQUVInQNv0f/3cJQFNveOjX7z3wOtdSQhbs3N7LPXpFz","previousCounter":0,"rootKey":"cr7Vkvi2Dv12K/adWrrMnfUwfrJTHIqgCQSCRV0mbj0="},"indexInfo":{"baseKey":"BRdqGgMN+ccsWnAzI0IBSS3s3kp0YumuN5p+0WQuuZUB","baseKeyType":1,"closed":-1,"used":1724422369354,"created":1724422369354,"remoteIdentityKey":"BScVmskdTCY3TnN2mqJc36D+vG8qpPDxT5PL8DCGqecQ"},"_chains":{"BeQVpOcXbxiC3/wgW+Y20PtlhcDzADCYczVV1xHUpFN7":{"chainKey":{"counter":0,"key":"m6clbAQQV54B/oYhssDKZkZHN8izi74vyjz4c+M46iQ="},"chainType":1,"messageKeys":{}}},"pendingPreKey":{"signedKeyId":4,"baseKey":"BRdqGgMN+ccsWnAzI0IBSS3s3kp0YumuN5p+0WQuuZUB","preKeyId":3375432}}},"version":"v1"}