{"_sessions":{"BcPCZ25ZXeEgjZzkn5YwJ0YUL6cqE7yAg5Un0XiRf3hC":{"registrationId":1933467093,"currentRatchet":{"ephemeralKeyPair":{"pubKey":"BZ8MFlnCuGDVr5H5lXos+z7Gx76KO0fLur7DR40+VBAG","privKey":"6Jsl9b9EP61ZUdEbqhz234m0KpEc2xDfqamEd/EXRUk="},"lastRemoteEphemeralKey":"BX/F3jf65ShMguJG4T/tm+zcTKxARYnEwLLDtBzaud9l","previousCounter":0,"rootKey":"mDw1Lk7c2FYF33WziBFKMXb/LNLzpbu1Hq8FQGan+wA="},"indexInfo":{"baseKey":"BcPCZ25ZXeEgjZzkn5YwJ0YUL6cqE7yAg5Un0XiRf3hC","baseKeyType":2,"closed":-1,"used":1724423343426,"created":1724423343426,"remoteIdentityKey":"BZCq25eWWMD73OgQNkhADkzo/wgn6ulevkkt7WBcyM9E"},"_chains":{"BX/F3jf65ShMguJG4T/tm+zcTKxARYnEwLLDtBzaud9l":{"chainKey":{"counter":1,"key":"lb3EinVhLlRLxPaiLvWI/9wz6jgxDoGXJC2N6oQ3+aM="},"chainType":2,"messageKeys":{}},"BZ8MFlnCuGDVr5H5lXos+z7Gx76KO0fLur7DR40+VBAG":{"chainKey":{"counter":-1,"key":"3RC8V26A8FKwft3Ln4Fav+ZE3VYGFWEziESc8F+yG10="},"chainType":1,"messageKeys":{}}}}},"version":"v1"}