{"_sessions":{"Bcc+1tzzKBqVjTjlwRl9UkXCvf6f6dgoHRrWLR4XndMA":{"registrationId":677984814,"currentRatchet":{"ephemeralKeyPair":{"pubKey":"Bdnm+iBJ++UGCXwfWAgfvxDySrsk9jdzIGsXUdLPvM8L","privKey":"gDX53mOois6zBFiLAUTGJF0KDFBvJEo2onr3MtkwYVs="},"lastRemoteEphemeralKey":"Beevok2ntprz4tGMpKf7B1wvGD2UJzyNccknybeUyotU","previousCounter":0,"rootKey":"kFF+WeD5YOj2uNms36QGHAAbSlaXGYMcAGyliPhAYAI="},"indexInfo":{"baseKey":"Bcc+1tzzKBqVjTjlwRl9UkXCvf6f6dgoHRrWLR4XndMA","baseKeyType":1,"closed":-1,"used":1724422369351,"created":1724422369351,"remoteIdentityKey":"BShddDFValxAzPhES1EUlZXqfmfdIfw3X17ICwc3miI9"},"_chains":{"Bdnm+iBJ++UGCXwfWAgfvxDySrsk9jdzIGsXUdLPvM8L":{"chainKey":{"counter":0,"key":"w/vDdmWjFg0ud9DEw7f8+lyPNZktyF8FBumQYvmfaRo="},"chainType":1,"messageKeys":{}}},"pendingPreKey":{"signedKeyId":1,"baseKey":"Bcc+1tzzKBqVjTjlwRl9UkXCvf6f6dgoHRrWLR4XndMA","preKeyId":4608776}}},"version":"v1"}