{"_sessions":{"BcCe3Ne73abmjGWLkb8YLY0gKxJGT28v9wBDH1/BkKR5":{"registrationId":91,"currentRatchet":{"ephemeralKeyPair":{"pubKey":"BZAeT/KvmbHApVLNSwbo65E0vP1iBET5CS8jk0akdb0b","privKey":"APKycYm77cKTBcffuL+9vLUqepL0KSiG0z8BFLjytH4="},"lastRemoteEphemeralKey":"BVbRR2Ahn2qPKJqmqu3RDwlAcbE/Okx5jY5idLxlFSlu","previousCounter":0,"rootKey":"1V7Zgy2w+i8ANdLrAG1ggJ4hGtJVK+jtBtvKgDFyfAs="},"indexInfo":{"baseKey":"BcCe3Ne73abmjGWLkb8YLY0gKxJGT28v9wBDH1/BkKR5","baseKeyType":1,"closed":-1,"used":1724422369318,"created":1724422369318,"remoteIdentityKey":"BdzIwyFA72+GohZLi/GriKmdCCMayWFQjk4gNWhOUX9k"},"_chains":{"BZAeT/KvmbHApVLNSwbo65E0vP1iBET5CS8jk0akdb0b":{"chainKey":{"counter":0,"key":"99GgYBXZDIJgaAiUyn8fr8M6vZND9DncVi3gR57vuAw="},"chainType":1,"messageKeys":{}}},"pendingPreKey":{"signedKeyId":1,"baseKey":"BcCe3Ne73abmjGWLkb8YLY0gKxJGT28v9wBDH1/BkKR5"}}},"version":"v1"}