{"_sessions":{"BbLyJNcK56K0oN0eSDFagLItYq+FNPQwRwvobwd1Mckp":{"registrationId":84,"currentRatchet":{"ephemeralKeyPair":{"pubKey":"BUAi8uvdLXBaGS1giEMhPTTPyJByZ0xL0O8dWDYDrFJo","privKey":"OIViWnNYBe+ifU81eQYsugzkjxTeyki5Fu8dHsOpvE8="},"lastRemoteEphemeralKey":"BSSsK1c9pwbO1i9/QTfS45N9P4ty0tE4TxcsEs/83QJ3","previousCounter":0,"rootKey":"mdLcpIchQEN6YcgbSiSjZRxMzdpg3LVitAkkZenHylk="},"indexInfo":{"baseKey":"BbLyJNcK56K0oN0eSDFagLItYq+FNPQwRwvobwd1Mckp","baseKeyType":1,"closed":-1,"used":1724422369319,"created":1724422369319,"remoteIdentityKey":"BQ7QzL4W9HZ4jobzFn+xWH1OI3in1YgBuyYB7WMsH40q"},"_chains":{"BUAi8uvdLXBaGS1giEMhPTTPyJByZ0xL0O8dWDYDrFJo":{"chainKey":{"counter":0,"key":"Dz1gsvs4be2E9g27duLAylnIMDkWpe3H0AyeSg3opUg="},"chainType":1,"messageKeys":{}}},"pendingPreKey":{"signedKeyId":1,"baseKey":"BbLyJNcK56K0oN0eSDFagLItYq+FNPQwRwvobwd1Mckp"}}},"version":"v1"}