{"_sessions":{"BdHeZA3e4bfSCcko1GJaePdvWdVRPIb05lVs/K+NExwi":{"registrationId":42,"currentRatchet":{"ephemeralKeyPair":{"pubKey":"BX9rCtUa+lfxhXwjNkPh2JmbYQklQlWADUkNTEGLBpoC","privKey":"cGBzudW97H3Lu/mgdTNkmX0aASXql9T3YFDB2IVkkF4="},"lastRemoteEphemeralKey":"BdEgmoAVK4NuP+tVkeQi1idGLv22bS4MlC7uBzRu4Sc9","previousCounter":0,"rootKey":"ACBmG9BwxBgiM8VQo/UZKKu/uiKNMT6qkM0/CZBpTx4="},"indexInfo":{"baseKey":"BdHeZA3e4bfSCcko1GJaePdvWdVRPIb05lVs/K+NExwi","baseKeyType":1,"closed":-1,"used":1724422369321,"created":1724422369321,"remoteIdentityKey":"BX+/QOuV3nKfIZxsiP6InUFBav28bpKWQ6Tykp8J2fRF"},"_chains":{"BX9rCtUa+lfxhXwjNkPh2JmbYQklQlWADUkNTEGLBpoC":{"chainKey":{"counter":0,"key":"INT5iqUukLt4lsk+1wC8TdY1gxLncdFyZjlNIMlE3zs="},"chainType":1,"messageKeys":{}}},"pendingPreKey":{"signedKeyId":1,"baseKey":"BdHeZA3e4bfSCcko1GJaePdvWdVRPIb05lVs/K+NExwi"}}},"version":"v1"}