{"_sessions":{"Bdt4GlHj7qqxfJYAL/SSrWzcND3BVX57QonFxCc76TIJ":{"registrationId":510118774,"currentRatchet":{"ephemeralKeyPair":{"pubKey":"BQI6HQhn4ImPiBozJBTv1YQQf+hELr9Aal27fEAy9ehh","privKey":"qETUzwvGE5ouySX07Xt0E4FhilMUxu4GjX4poHNKV0E="},"lastRemoteEphemeralKey":"BfEKlJ24Q8im62VBnMh6f5AAEDfUw5Wtmlly/QKCUT1f","previousCounter":0,"rootKey":"vlp2BRw23MmZ5aP5laoH72+JSZ+BIbylcLyEt6eMjYY="},"indexInfo":{"baseKey":"Bdt4GlHj7qqxfJYAL/SSrWzcND3BVX57QonFxCc76TIJ","baseKeyType":2,"closed":-1,"used":1724423762374,"created":1724423762374,"remoteIdentityKey":"BS3Xs3o6LgwFmRM1bKwc/yU5MJb2BaNqNYad2sAvawEl"},"_chains":{"BfEKlJ24Q8im62VBnMh6f5AAEDfUw5Wtmlly/QKCUT1f":{"chainKey":{"counter":7,"key":"RyHYhdqJT8Fo3X4L72Z8fnuSnrgFRA26nsscJuVIb/I="},"chainType":2,"messageKeys":{}},"BQI6HQhn4ImPiBozJBTv1YQQf+hELr9Aal27fEAy9ehh":{"chainKey":{"counter":-1,"key":"1v4HPL7PuENRGUUJM/joSgJCgBWOsmKnMHsodJL/0hA="},"chainType":1,"messageKeys":{}}}}},"version":"v1"}