{"_sessions":{"BbG/WHtufg5tnAOmA8YAhARtG3zKd7UGUqGNyi/6S+Ut":{"registrationId":1439002741,"currentRatchet":{"ephemeralKeyPair":{"pubKey":"BcgCoBIV3lVRSczhM6GT1teP65izhgQQMHodSZJyG6BL","privKey":"IHZi6nwuQkqDSE97zF5+iwq3iD6b7Dhv/FbqQgq723w="},"lastRemoteEphemeralKey":"Ba87cJqD4hSnuU3OlK6fS0uImVXFG0WIcgbOWh4esJZi","previousCounter":0,"rootKey":"aGuV0zZ+GrliCcwKzpjTY9qwWhZNqrmtQO2FSc6DFiM="},"indexInfo":{"baseKey":"BbG/WHtufg5tnAOmA8YAhARtG3zKd7UGUqGNyi/6S+Ut","baseKeyType":1,"closed":-1,"used":1724422369352,"created":1724422369352,"remoteIdentityKey":"BWxPnZGFE1+x6zl+VfEW7wQRN9/GvZvyWTwX4AtjWVx2"},"_chains":{"BcgCoBIV3lVRSczhM6GT1teP65izhgQQMHodSZJyG6BL":{"chainKey":{"counter":0,"key":"W2r6gUiB/LYEav5tIR4vJP1uwQJHwyraZF2y1s0bnRo="},"chainType":1,"messageKeys":{}}},"pendingPreKey":{"signedKeyId":12,"baseKey":"BbG/WHtufg5tnAOmA8YAhARtG3zKd7UGUqGNyi/6S+Ut","preKeyId":10570615}}},"version":"v1"}