{"_sessions":{"BffjWwv3QDwZQb5S5XYIHLvxdP7zHMqYkLLE/nnOwM9r":{"registrationId":285369009,"currentRatchet":{"ephemeralKeyPair":{"pubKey":"BTmbmqkTzgx+AoVYBJF2O7Xk3dWO1ittkT16MAzAmFcI","privKey":"UA4ENQlHpZ/89H5WOZyLRiodzJ+L4miK0jTd8e56J1Q="},"lastRemoteEphemeralKey":"BSn5LKnET097JqKKagg4jQp8/ZsSxy+LJleqFJzDNxkl","previousCounter":0,"rootKey":"6ONx8eAxLy7ICzeBy/sf5IeaV5GgtXsJHE9dervQl8s="},"indexInfo":{"baseKey":"BffjWwv3QDwZQb5S5XYIHLvxdP7zHMqYkLLE/nnOwM9r","baseKeyType":1,"closed":-1,"used":1724422369339,"created":1724422369339,"remoteIdentityKey":"BePpwUxwttvwDEK+LKP3ZV8OXR++K02gIZGYD5fETqYd"},"_chains":{"BTmbmqkTzgx+AoVYBJF2O7Xk3dWO1ittkT16MAzAmFcI":{"chainKey":{"counter":0,"key":"rWC5QJcpJhEPcMPjWMFQNB+im+JTyx/c+BtRJhT0+jU="},"chainType":1,"messageKeys":{}}},"pendingPreKey":{"signedKeyId":4,"baseKey":"BffjWwv3QDwZQb5S5XYIHLvxdP7zHMqYkLLE/nnOwM9r","preKeyId":15175043}}},"version":"v1"}