{"_sessions":{"Bb5OYiaKiXEM8HX3NyaAswlgE/w2RYeTzNw6GpuJ9Qsw":{"registrationId":156,"currentRatchet":{"ephemeralKeyPair":{"pubKey":"BdIgJ3zVnR5fFKTC/JCVXIG+/GzUzvAWeGomkUZ0269Q","privKey":"yHOtWnpnGkGhQmOiNgcduxTqLmf5xa8GoUWZGeciL0A="},"lastRemoteEphemeralKey":"BQhwtreY/dKBvdQDIrMM5B9onfoenOyevt8ZjWLTdEAJ","previousCounter":0,"rootKey":"kveFBiVP64ylayE9Eory0JHn/7x9sJsA/KXcQSum+8c="},"indexInfo":{"baseKey":"Bb5OYiaKiXEM8HX3NyaAswlgE/w2RYeTzNw6GpuJ9Qsw","baseKeyType":1,"closed":-1,"used":1724422369328,"created":1724422369328,"remoteIdentityKey":"Berg3I63yhtRby3ryvtb4/sHRurm2DcIkq8t0Qbt0Lhy"},"_chains":{"BdIgJ3zVnR5fFKTC/JCVXIG+/GzUzvAWeGomkUZ0269Q":{"chainKey":{"counter":0,"key":"xtBbFoanuFv80KAGDP6BJfbezciQKEJgfujXJ8LcjV4="},"chainType":1,"messageKeys":{}}},"pendingPreKey":{"signedKeyId":1,"baseKey":"Bb5OYiaKiXEM8HX3NyaAswlgE/w2RYeTzNw6GpuJ9Qsw"}}},"version":"v1"}