{"_sessions":{"BRrHOYaTK/dHUOPSWAooiRSVSNlqSL0ekY8qvsEULN8+":{"registrationId":1840178853,"currentRatchet":{"ephemeralKeyPair":{"pubKey":"BZjPvUe0KWf+Yk0BZDFi8ICo44YkKTdcmM9quBI1YU4e","privKey":"kMWmbiWBU1zMPEgSk0gDpWve/etOcHJ1CyiEspEy1XI="},"lastRemoteEphemeralKey":"Bbo3Q+cVv+m96J1ZZ8qNbVLOBfkbD6y9m0KTWNwZmf18","previousCounter":0,"rootKey":"xkE5b+0E/revGzWxp6lsA2HSe4UP+xP/HoI/EVLYmIQ="},"indexInfo":{"baseKey":"BRrHOYaTK/dHUOPSWAooiRSVSNlqSL0ekY8qvsEULN8+","baseKeyType":1,"closed":-1,"used":1724421888583,"created":1724421888583,"remoteIdentityKey":"BTHQ1cajASXcag+oGndfHr0OxbvFooNPOq8H/2UxCq9t"},"_chains":{"BZjPvUe0KWf+Yk0BZDFi8ICo44YkKTdcmM9quBI1YU4e":{"chainKey":{"counter":1,"key":"YnP0jp68HsQYXpp3chst1BF9qByJHoG9M6Ozf0rhTBo="},"chainType":1,"messageKeys":{}}},"pendingPreKey":{"signedKeyId":2,"baseKey":"BRrHOYaTK/dHUOPSWAooiRSVSNlqSL0ekY8qvsEULN8+","preKeyId":13472600}}},"version":"v1"}