{"_sessions":{"BZ/QMgcWOm2rk20P/N1qbZ0ebdUQCrJ2DF4+nBHrGkR0":{"registrationId":1205845299,"currentRatchet":{"ephemeralKeyPair":{"pubKey":"BUimOLRrdtQcPBglvoy4fZcWSBeJ+Vxsy6MlI1sRXHNQ","privKey":"+LmHxELxsRL4uN+10FpcqBGl5t0jH5Q4bGnDZ+D2Omg="},"lastRemoteEphemeralKey":"BTUmcm5i7onMtcz1qA1YRL5eR0z2meBCL2kyPIRzaf4U","previousCounter":0,"rootKey":"hof6apL2A7wkqn6YKw35FIkArplfkOfwgJCmE1CSjOA="},"indexInfo":{"baseKey":"BZ/QMgcWOm2rk20P/N1qbZ0ebdUQCrJ2DF4+nBHrGkR0","baseKeyType":1,"closed":-1,"used":1724422369327,"created":1724422369327,"remoteIdentityKey":"BRRVVszGv3pxByOo3MBrmlaovD4OgxjDx/8np6Lv+bgT"},"_chains":{"BUimOLRrdtQcPBglvoy4fZcWSBeJ+Vxsy6MlI1sRXHNQ":{"chainKey":{"counter":0,"key":"IArfrctnBd7FEFZn0T4Fqh9eQHecCSkbWrUdDtDL3bQ="},"chainType":1,"messageKeys":{}}},"pendingPreKey":{"signedKeyId":1,"baseKey":"BZ/QMgcWOm2rk20P/N1qbZ0ebdUQCrJ2DF4+nBHrGkR0","preKeyId":7109}}},"version":"v1"}