{"_sessions":{"Be7M3iwS+IiYTTfK/rWTEJ/Ja0NIRnIMRh4LQUUcweFn":{"registrationId":1657655359,"currentRatchet":{"ephemeralKeyPair":{"pubKey":"BahvORk0nO50HVZ5N6osBbIS9GBqLGVyLQSukbpQJQFO","privKey":"cEy3SGpW+vOm99+Kgh1gZRnP2skIe1/3fZ7vveVlFVQ="},"lastRemoteEphemeralKey":"BabvRnjLZFYwPnXF1dQ/kLxHlHGEzdADTAPSN9iBPkFh","previousCounter":0,"rootKey":"p46uALvbFW88s+7sEgfv06bUAvEeZoSPvP+n6O6o4MY="},"indexInfo":{"baseKey":"Be7M3iwS+IiYTTfK/rWTEJ/Ja0NIRnIMRh4LQUUcweFn","baseKeyType":1,"closed":-1,"used":1724422369340,"created":1724422369340,"remoteIdentityKey":"BZir+IRNVeSEJD+v3KOYnl25nj2E8+WLNb/5/oY8s+5C"},"_chains":{"BahvORk0nO50HVZ5N6osBbIS9GBqLGVyLQSukbpQJQFO":{"chainKey":{"counter":0,"key":"cHZY3H+Q6gvmZs/Rk04dswLN2A45+Qt8Q/j698fxC2g="},"chainType":1,"messageKeys":{}}},"pendingPreKey":{"signedKeyId":7,"baseKey":"Be7M3iwS+IiYTTfK/rWTEJ/Ja0NIRnIMRh4LQUUcweFn","preKeyId":15064218}}},"version":"v1"}