{"_sessions":{"BQRtei7sOS6XTvuBu54zQ/oQA3G5uYhDgawI3dkDglYw":{"registrationId":1505213657,"currentRatchet":{"ephemeralKeyPair":{"pubKey":"BapNjnmyrGCqnjhWf/YdHlQCvgqyT4RFRBBuldD72DIY","privKey":"MK/z/Nz40VA/PvuxhHY/C1/iHWtn6CKf8UYs5bkOAUA="},"lastRemoteEphemeralKey":"BeqNqtxBreo4lnaJQgy5iHZGser26C7H0FUOWTTzxWE8","previousCounter":0,"rootKey":"IWsXNthbH/2jzodQ67FieMJMwzR8p7VbkHBIuQFJbZE="},"indexInfo":{"baseKey":"BQRtei7sOS6XTvuBu54zQ/oQA3G5uYhDgawI3dkDglYw","baseKeyType":1,"closed":-1,"used":1724422369367,"created":1724422369367,"remoteIdentityKey":"BZZWuxQs5IjuvxXkhmuMnl57XZolCSig5WED1IforNd+"},"_chains":{"BapNjnmyrGCqnjhWf/YdHlQCvgqyT4RFRBBuldD72DIY":{"chainKey":{"counter":0,"key":"9KWQonRAzMaXrAyF+pEUpDZAtfy9shy6KY9uRirYwY0="},"chainType":1,"messageKeys":{}}},"pendingPreKey":{"signedKeyId":4,"baseKey":"BQRtei7sOS6XTvuBu54zQ/oQA3G5uYhDgawI3dkDglYw","preKeyId":13896174}}},"version":"v1"}