{"_sessions":{"BQHtahhL4SlCoZue9T4bLJm8G1zoLbu91YHD5nUjTqVZ":{"registrationId":699209642,"currentRatchet":{"ephemeralKeyPair":{"pubKey":"BbHtGU1eHWMJPm6y4ta14/WlG2iO9yE5mvspvp1+G810","privKey":"OCeCfjQakUV+PF5FvWKnxQ4DwBHom+eea6NgEkAD9Uw="},"lastRemoteEphemeralKey":"BT8OMiSXcLVW08J0He8I18I4M12cFHvucakyPjyKda4j","previousCounter":0,"rootKey":"e/VQrO15cNOlLEFleaomVS4u9lYBZKjYYRaWf5rDluo="},"indexInfo":{"baseKey":"BQHtahhL4SlCoZue9T4bLJm8G1zoLbu91YHD5nUjTqVZ","baseKeyType":1,"closed":-1,"used":1724422369349,"created":1724422369349,"remoteIdentityKey":"BbU5iANyK1BvgJgTQlH30PVXQG72a7hwMDVTJiduqS4v"},"_chains":{"BbHtGU1eHWMJPm6y4ta14/WlG2iO9yE5mvspvp1+G810":{"chainKey":{"counter":0,"key":"hnbVD464oSUqhp9Qbg6Aesck25lNHVEgVQTg3rwd52w="},"chainType":1,"messageKeys":{}}},"pendingPreKey":{"signedKeyId":7,"baseKey":"BQHtahhL4SlCoZue9T4bLJm8G1zoLbu91YHD5nUjTqVZ"}}},"version":"v1"}