{"_sessions":{"BZApjRersngZ1qIuinQw4IZLQw4H60ABpQ2ha6BQjsQ5":{"registrationId":1304409316,"currentRatchet":{"ephemeralKeyPair":{"pubKey":"BdYJzHLHuXUUVo8vOH5qC5SRzdDq5ZRbQg5NAbNbOCJM","privKey":"MDKARbug2ooLqiYHU58x9v2b8E3eLkArUnSOKfhfKmU="},"lastRemoteEphemeralKey":"Bab+GMah+vJl+Z4KfbLpm38NHQkGHzhKdhtLXjk/EjQh","previousCounter":0,"rootKey":"BqSDblvrG/4jgifPGJ3vnV/EIFa0/kAXFLMFBGrs/Kk="},"indexInfo":{"baseKey":"BZApjRersngZ1qIuinQw4IZLQw4H60ABpQ2ha6BQjsQ5","baseKeyType":2,"closed":-1,"used":1724423897436,"created":1724421859240,"remoteIdentityKey":"BWq4H4XLDF+3N/006h8ZZseenHz8ncHYocLhO9SEHIRd"},"_chains":{"Beke26h8euaZvJ/WWfH9rGxgqlICmXbSqQCZfHEjmiAY":{"chainKey":{"counter":6},"chainType":2,"messageKeys":{}},"BaW3Nzp+Bzy9+Z9b8Keqvxha7MGnZXUPTG69mPZigOwj":{"chainKey":{"counter":3},"chainType":2,"messageKeys":{}},"BTbcdAu7I3EeE+GjU9JUGFBho8mcA4T27n1GGvcEyrhV":{"chainKey":{"counter":6},"chainType":2,"messageKeys":{}},"BciSmNrmaYrxKSmTh5cq666ZCOINsYil1o0TROahOHR/":{"chainKey":{"counter":7},"chainType":2,"messageKeys":{}},"BcXSqEBg3u29mUTdCL82uc5CeX/8D9CUP4ips/6uuX1/":{"chainKey":{"counter":2},"chainType":2,"messageKeys":{}},"BZI0elhyiY/qHcZSXsxX3E4jX1ubEyXRXrnsGX3ePvFt":{"chainKey":{"counter":3},"chainType":2,"messageKeys":{}},"BStnxx5z+1r61bxdUWaNafOqoGaHCFqqxqIzk+HieEcg":{"chainKey":{"counter":4},"chainType":2,"messageKeys":{}},"Bab+GMah+vJl+Z4KfbLpm38NHQkGHzhKdhtLXjk/EjQh":{"chainKey":{"counter":23,"key":"fdaKqPFuCOzTv9J4mtznBoDOxHHwmDs70EfeyIfVFh8="},"chainType":2,"messageKeys":{}},"BdYJzHLHuXUUVo8vOH5qC5SRzdDq5ZRbQg5NAbNbOCJM":{"chainKey":{"counter":-1,"key":"PWLZpV/Ag9WEkSZYbdRS1oDJw3a2V7dXfhRqVq48wKo="},"chainType":1,"messageKeys":{}}}}},"version":"v1"}