{"_sessions":{"BRJO8NVkLliJp7MHMiCQhy6nNLAnMHWbNKbXFfqLgn5r":{"registrationId":1807093734,"currentRatchet":{"ephemeralKeyPair":{"pubKey":"BR4qKH6CQ3Tj861pR/Ufvo8bxh3G9mDqkK4irxvbR3o2","privKey":"GGNzzC4HOs8MT/EHM+BEy03Maryp76OS/0qzUUMN5nA="},"lastRemoteEphemeralKey":"BVpMmxI9HwvWTpkrcV6nqY9kKeZn98EE55w4hwqPmnV+","previousCounter":0,"rootKey":"iSJBLWaLMlzZ1iR6t2CrIoQp7Ya3+mr9KGwc9pQUIm0="},"indexInfo":{"baseKey":"BRJO8NVkLliJp7MHMiCQhy6nNLAnMHWbNKbXFfqLgn5r","baseKeyType":1,"closed":-1,"used":1724422369342,"created":1724422369342,"remoteIdentityKey":"BZesoqFjF8vqZRIBq1rMF9IVUMaigmViZ8Nti01eoz47"},"_chains":{"BR4qKH6CQ3Tj861pR/Ufvo8bxh3G9mDqkK4irxvbR3o2":{"chainKey":{"counter":0,"key":"5ung+Fi5AonQF13qPP9uVlvWDYucbPVirBs7iJrLja0="},"chainType":1,"messageKeys":{}}},"pendingPreKey":{"signedKeyId":6,"baseKey":"BRJO8NVkLliJp7MHMiCQhy6nNLAnMHWbNKbXFfqLgn5r","preKeyId":2451127}}},"version":"v1"}