{"_sessions":{"BaX0V6Kj5MK1NlbDI6wv/iw6/rOYXqWsUrLOt3387IVm":{"registrationId":755233160,"currentRatchet":{"ephemeralKeyPair":{"pubKey":"BYJLaKxtlG4xokyJii3jNF/Zs/ybGbb4zEBxdphzMFcF","privKey":"OFh0t/hgQzsc/FNQ8GaDiUh3tYXa6F2StKQVQhK4fGU="},"lastRemoteEphemeralKey":"Ba4o8zyz9KdWE15fDzarVlZufyaspjwTPcrkhstPxmVZ","previousCounter":0,"rootKey":"i7EGSuzpYrPkRUkwARp0+ql0OLFQMbYZO/0AULq1t8U="},"indexInfo":{"baseKey":"BaX0V6Kj5MK1NlbDI6wv/iw6/rOYXqWsUrLOt3387IVm","baseKeyType":1,"closed":-1,"used":1724422369350,"created":1724422369350,"remoteIdentityKey":"BUkvEPVzqMsZGnWSacOQp90YTAXB7q1vZcCK4MD6O0FB"},"_chains":{"BYJLaKxtlG4xokyJii3jNF/Zs/ybGbb4zEBxdphzMFcF":{"chainKey":{"counter":0,"key":"mRAoaGQqhgWHIfDdW7Mpf/6puEVkhm43eN5OD3mR4/8="},"chainType":1,"messageKeys":{}}},"pendingPreKey":{"signedKeyId":1,"baseKey":"BaX0V6Kj5MK1NlbDI6wv/iw6/rOYXqWsUrLOt3387IVm","preKeyId":6900513}}},"version":"v1"}