{"_sessions":{"BcxtJrKVEmsuW5F1Uu3tE5oYJfu4R9JldJCcr35aidcU":{"registrationId":1831471828,"currentRatchet":{"ephemeralKeyPair":{"pubKey":"BVBRwzjsAeHR8dJ5ycEy2tkJMjrjV/afJmZOAoHW6Ysy","privKey":"2CtLO9ftcLrbya3aLF3YIg5vkdWoVRpBugx2DX1nLVI="},"lastRemoteEphemeralKey":"BTeYYD4tpQAPPZT77jKUCxlYJA34LAN6dLtBleLKdXsW","previousCounter":0,"rootKey":"5ZZ0moxIr9t5SVBlnXtcq+pyotPGToQcN6b7+dzNWjo="},"indexInfo":{"baseKey":"BcxtJrKVEmsuW5F1Uu3tE5oYJfu4R9JldJCcr35aidcU","baseKeyType":1,"closed":-1,"used":1724422369341,"created":1724422369341,"remoteIdentityKey":"BZjX6tKGUWoA0xHu6oKRcoU2I0cdyGEUAdAJGTWRP2t1"},"_chains":{"BVBRwzjsAeHR8dJ5ycEy2tkJMjrjV/afJmZOAoHW6Ysy":{"chainKey":{"counter":0,"key":"F6TMmt2c5AXBFSSb+ChP20pzrnm1kFdvnyb3Lhxt7Ic="},"chainType":1,"messageKeys":{}}},"pendingPreKey":{"signedKeyId":3,"baseKey":"BcxtJrKVEmsuW5F1Uu3tE5oYJfu4R9JldJCcr35aidcU","preKeyId":7922624}}},"version":"v1"}