{"_sessions":{"BWuWoc5r/hXPMjfkVub4FSYR5su7RmZqjz8/L+0ZlJs7":{"registrationId":1348108567,"currentRatchet":{"ephemeralKeyPair":{"pubKey":"BThcvr6F21pmIDfRG1Osvnl6q1/8DHIxC8tek1MxY/o0","privKey":"KD56yTTMnI/wGuHAWb9BCfnACjErH3W3vlvNj1TQMnE="},"lastRemoteEphemeralKey":"BVCL1MySerx2PSFD26kimMw7ftnD2ZoSEMR7O3w58Hpk","previousCounter":0,"rootKey":"c5ccuQ8Njc3XzfsLUWnbSdPmp3XkLi5jnA/vjvZgx4k="},"indexInfo":{"baseKey":"BWuWoc5r/hXPMjfkVub4FSYR5su7RmZqjz8/L+0ZlJs7","baseKeyType":1,"closed":-1,"used":1724422369348,"created":1724422369348,"remoteIdentityKey":"BTZF0eSwkjK5RL12bXMt1od6M3O0guzYdwOQ3xztQ4tz"},"_chains":{"BThcvr6F21pmIDfRG1Osvnl6q1/8DHIxC8tek1MxY/o0":{"chainKey":{"counter":0,"key":"V//Wr3ql3OCShP6+qo9YKVSGACHxDQHJ3H2RzbITvZk="},"chainType":1,"messageKeys":{}}},"pendingPreKey":{"signedKeyId":0,"baseKey":"BWuWoc5r/hXPMjfkVub4FSYR5su7RmZqjz8/L+0ZlJs7"}}},"version":"v1"}