{"_sessions":{"BdAQSlg+5YNAKy9n/DVXQ51I3ArdEj9grZFug39G9g1h":{"registrationId":1311854480,"currentRatchet":{"ephemeralKeyPair":{"pubKey":"BZlDOyKZwrBIJ+uCOuZrNh9QXbjZy6/IATh0hOR8EidL","privKey":"+PNk3kdynSPB2pz2uK53LHbkj0y4aiEZQAfaTGtio38="},"lastRemoteEphemeralKey":"BS8KzOpB0xRC79DITJBJ8AqO4jdrptX8h5Dl82g0VzIX","previousCounter":0,"rootKey":"hYa5yub5qb7uvlgL6UYp0DB6RwvY5ErblhYTt3GcMcA="},"indexInfo":{"baseKey":"BdAQSlg+5YNAKy9n/DVXQ51I3ArdEj9grZFug39G9g1h","baseKeyType":1,"closed":-1,"used":1724422369337,"created":1724422369337,"remoteIdentityKey":"BVQEnY/Mfhrjccw+tMqb8EswvCTfR4KFy6voTDef6w1O"},"_chains":{"BZlDOyKZwrBIJ+uCOuZrNh9QXbjZy6/IATh0hOR8EidL":{"chainKey":{"counter":0,"key":"waPHcSMWA7p35eby3his9lLSEt2ws86HZtBtCXJhE6c="},"chainType":1,"messageKeys":{}}},"pendingPreKey":{"signedKeyId":1,"baseKey":"BdAQSlg+5YNAKy9n/DVXQ51I3ArdEj9grZFug39G9g1h","preKeyId":12688624}}},"version":"v1"}