{"_sessions":{"Bbwvm/IKemb1gEuMSo6WF35qwtGb6LJInuH9CPQscKVo":{"registrationId":2010,"currentRatchet":{"ephemeralKeyPair":{"pubKey":"BU4Fm9Fhbn/nE+IOJeqAg5AfIiQZLVY+r84AF7k9jr0b","privKey":"wKi7EatmKcrm574lc/KWi4CgVltNr4DMgnS4VuklT3k="},"lastRemoteEphemeralKey":"BWYzX/w7EDUBnmwU1E9xwPViCrO77KcdxHeNIeBM2yx4","previousCounter":0,"rootKey":"kUG+I/sT33mvHuHz9p3sQIx0C048HyK1BI6gUNSwUVk="},"indexInfo":{"baseKey":"Bbwvm/IKemb1gEuMSo6WF35qwtGb6LJInuH9CPQscKVo","baseKeyType":1,"closed":-1,"used":1724422369323,"created":1724422369323,"remoteIdentityKey":"BZA0PeHE/t9xNxZ22ahqSenEwrHPArHbqVgfBzOkaHph"},"_chains":{"BU4Fm9Fhbn/nE+IOJeqAg5AfIiQZLVY+r84AF7k9jr0b":{"chainKey":{"counter":0,"key":"KRFQ8nQEo49TYHBTmnjprynuRg99pWh2bRnV0VwgqV8="},"chainType":1,"messageKeys":{}}},"pendingPreKey":{"signedKeyId":1,"baseKey":"Bbwvm/IKemb1gEuMSo6WF35qwtGb6LJInuH9CPQscKVo"}}},"version":"v1"}