{"_sessions":{"BaPElQpoFRExnW0xLt7o+8//8gM12Brw5y9/EccOk/ou":{"registrationId":7233,"currentRatchet":{"ephemeralKeyPair":{"pubKey":"BZybGM2BYnkB6XXvbKirhUDnsdSNpV1DDV4jksQ+b2xP","privKey":"4LtCQUtVgVpy6zeIes9RdsyXp7RjMsVZEMm5CoTBRH8="},"lastRemoteEphemeralKey":"BcFOd+R/E38hMTp9d8IHhgcldquGZHu09DahxV0cBslD","previousCounter":0,"rootKey":"ejQUkzR+jvI/6nAvs7sWQNyX5yj3U3EZQdzHDDajGVU="},"indexInfo":{"baseKey":"BaPElQpoFRExnW0xLt7o+8//8gM12Brw5y9/EccOk/ou","baseKeyType":1,"closed":-1,"used":1724422369330,"created":1724422369330,"remoteIdentityKey":"BenEDippMQNyjTzmWpulWpDRkbRIIY/brM5FMMIHdXVR"},"_chains":{"BZybGM2BYnkB6XXvbKirhUDnsdSNpV1DDV4jksQ+b2xP":{"chainKey":{"counter":0,"key":"ihOnvPpYc4hqe34u80rSUrL1Cnk/fsAzQ3Vw33IsoWk="},"chainType":1,"messageKeys":{}}},"pendingPreKey":{"signedKeyId":1,"baseKey":"BaPElQpoFRExnW0xLt7o+8//8gM12Brw5y9/EccOk/ou","preKeyId":593}}},"version":"v1"}