{"_sessions":{"BTGaKdC3CggVpPmFOqGrou3oB7JczjfTJpppsCKaxQBr":{"registrationId":2036009033,"currentRatchet":{"ephemeralKeyPair":{"pubKey":"BUumU9Qgp8watgwY6dqar9KyxeQogEgnNcpctzxTH8MO","privKey":"AH+iUJI2a8ZguVyb3xn6mLUGyZU3UdkkFO3CBmMKomc="},"lastRemoteEphemeralKey":"BZKz/vXmv9HCvBIo39rSO61x7KqFbMlV6l7SofZh3cMo","previousCounter":0,"rootKey":"Df4D01AU33IEAeZhiVMxq4/zGUY0DyKG2Uj+7KtG2KI="},"indexInfo":{"baseKey":"BTGaKdC3CggVpPmFOqGrou3oB7JczjfTJpppsCKaxQBr","baseKeyType":1,"closed":-1,"used":1724422369356,"created":1724422369356,"remoteIdentityKey":"BeWjK+dqcnVjD20UYpZOb8bGimcvzedMjrpVdWKLr4Ii"},"_chains":{"BUumU9Qgp8watgwY6dqar9KyxeQogEgnNcpctzxTH8MO":{"chainKey":{"counter":0,"key":"+Yo+bfQPOMWyUhXl8oMeNyHYiaq4PseoAieVnXrduzw="},"chainType":1,"messageKeys":{}}},"pendingPreKey":{"signedKeyId":8,"baseKey":"BTGaKdC3CggVpPmFOqGrou3oB7JczjfTJpppsCKaxQBr","preKeyId":3905174}}},"version":"v1"}