{"_sessions":{"BXErofZyOYDRhQ+WSxyvb7Hft2I4etpK7SQ/97McvXkd":{"registrationId":2,"currentRatchet":{"ephemeralKeyPair":{"pubKey":"BR0wms8cV+b7xdloxa2IzSp+Kc0sTLpR1kth5a7iwqgn","privKey":"MFpQJqUND/YgOPdBT2tCFd3ha3/B3U8gUv5dC+mfVnc="},"lastRemoteEphemeralKey":"BSnfDkDW33+zlGWBInxGlEwOsmh9OUod8TQP9L1euT11","previousCounter":0,"rootKey":"2d9b0dW0SxTZhbok4QnO6Xnr06vLqYh7eUF/+0kTAYE="},"indexInfo":{"baseKey":"BXErofZyOYDRhQ+WSxyvb7Hft2I4etpK7SQ/97McvXkd","baseKeyType":1,"closed":-1,"used":1724422369321,"created":1724422369321,"remoteIdentityKey":"BZGiwOr2S+qah1A4WEap/cgAA+2DvEzZCfatLIE8X7hi"},"_chains":{"BR0wms8cV+b7xdloxa2IzSp+Kc0sTLpR1kth5a7iwqgn":{"chainKey":{"counter":0,"key":"a9lJUCxi5RjyGIYUcUjXduElXxOrIQ3k4/4AuFmLMQc="},"chainType":1,"messageKeys":{}}},"pendingPreKey":{"signedKeyId":1,"baseKey":"BXErofZyOYDRhQ+WSxyvb7Hft2I4etpK7SQ/97McvXkd"}}},"version":"v1"}