{"_sessions":{"Bagn+y+jMUyrunyFjqiURQSNeZjoV7MXFvYWN5I/Bohj":{"registrationId":450457280,"currentRatchet":{"ephemeralKeyPair":{"pubKey":"Bf1mBxqb4hPMmO6QxTk0xMkkKEJxD7aldnt+/rWxzp5z","privKey":"wHxwrmolKpsC+/k9qvrQIdA9eCk/kuSTkX8lBmrFS38="},"lastRemoteEphemeralKey":"BYLLvwqBSifo0tZ9Dr4cQNn+loNNepjFJlI66AyMlM1A","previousCounter":0,"rootKey":"i45NjM2oXRxBSdnvYXZGnilyr/tVZ+HmkQ8q391+cUQ="},"indexInfo":{"baseKey":"Bagn+y+jMUyrunyFjqiURQSNeZjoV7MXFvYWN5I/Bohj","baseKeyType":1,"closed":-1,"used":1724422369317,"created":1724422369317,"remoteIdentityKey":"Beg6+ysr+ixctwYim5ehNZKmU1xxuLG41KT+v7fsHFZY"},"_chains":{"Bf1mBxqb4hPMmO6QxTk0xMkkKEJxD7aldnt+/rWxzp5z":{"chainKey":{"counter":0,"key":"e0n+ZVP/uBrFJTjnb14aQASO15t7ega/ZS2qMzg3Dvo="},"chainType":1,"messageKeys":{}}},"pendingPreKey":{"signedKeyId":1,"baseKey":"Bagn+y+jMUyrunyFjqiURQSNeZjoV7MXFvYWN5I/Bohj"}}},"version":"v1"}