{"_sessions":{"BTr53tPfx8wdSekacuoFr5pD+jIcDrxy/9764pA6j0AO":{"registrationId":131773317,"currentRatchet":{"ephemeralKeyPair":{"pubKey":"BWbHfMDCkV0Uyogf2gdQTOjWZj+xNsgAUUWtDXvML5B/","privKey":"eEVnhfHgdz4vxMpVQEuVJLXeUIedUN21GKHkfo6usGY="},"lastRemoteEphemeralKey":"BZiqv+4KTGMZu1AtMcyR7TeUNmYa1zvvervthisvBqcd","previousCounter":0,"rootKey":"XQEwRaGQSmJuI+jzWTwjr62scGQ8FYOudDwdsJKElzU="},"indexInfo":{"baseKey":"BTr53tPfx8wdSekacuoFr5pD+jIcDrxy/9764pA6j0AO","baseKeyType":1,"closed":-1,"used":1724422369353,"created":1724422369353,"remoteIdentityKey":"BROdvFFK/YUmfTl+GDeuxm41MAaLJb5s+JG42Q41iFFc"},"_chains":{"BWbHfMDCkV0Uyogf2gdQTOjWZj+xNsgAUUWtDXvML5B/":{"chainKey":{"counter":0,"key":"wdUNKkVtz9i8t3h3E2f6BxV5q/Q/MAp/rG2PwQHcw2E="},"chainType":1,"messageKeys":{}}},"pendingPreKey":{"signedKeyId":6,"baseKey":"BTr53tPfx8wdSekacuoFr5pD+jIcDrxy/9764pA6j0AO","preKeyId":14705866}}},"version":"v1"}