{"_sessions":{"BayX44ZNUsPHw0Nrm5VMITziqm2daEYp/GsJQz/Tm+tr":{"registrationId":23597826,"currentRatchet":{"ephemeralKeyPair":{"pubKey":"BYgCGkEszBpivqr3rXCRNt8pjnAFyMaRSi7+YrONiApD","privKey":"iMErv5BJw2ucYmFwNrTE4rtZmVZ30p7p2GzXsz4VAn8="},"lastRemoteEphemeralKey":"BVl9hYQ9KTkBhOlbbKdsaoq7M70yfuPAQKarjRgAwMVX","previousCounter":0,"rootKey":"iFzC1BqnaxJGIarkwvlRbd28o3WJxYyZGXtZkwsnb7Y="},"indexInfo":{"baseKey":"BayX44ZNUsPHw0Nrm5VMITziqm2daEYp/GsJQz/Tm+tr","baseKeyType":1,"closed":-1,"used":1724422369353,"created":1724422369353,"remoteIdentityKey":"BX2Nhc7cJlUKhD0DGfZ0gI/zAxULdvT6IuA2FzNCRqcT"},"_chains":{"BYgCGkEszBpivqr3rXCRNt8pjnAFyMaRSi7+YrONiApD":{"chainKey":{"counter":0,"key":"SGvropdgL83kxvKCKyIAyAXRWug0REkcNHGEBz3jz/k="},"chainType":1,"messageKeys":{}}},"pendingPreKey":{"signedKeyId":2,"baseKey":"BayX44ZNUsPHw0Nrm5VMITziqm2daEYp/GsJQz/Tm+tr","preKeyId":12744719}}},"version":"v1"}