{"_sessions":{"BRkefVShLtVIksuJSpgcBNtUvbdtaRuQiQ4O8RAcKH8X":{"registrationId":472095395,"currentRatchet":{"ephemeralKeyPair":{"pubKey":"BUoJfS68Gk3/8SijtGiHpqkNDTaYONhRzfT/x8p0E1V8","privKey":"cKByGo6BtYuggDVPWhb11Lfrueg78D1hzOIrxlCjLGU="},"lastRemoteEphemeralKey":"BaRYAUoQ/oyY/7WDsOmfbVjo0TbOmdysMAvCKsrsQs8y","previousCounter":0,"rootKey":"jBFKmMBPVDiESeyLJgyMl+PxMdfPoucTtfNECDbPwVQ="},"indexInfo":{"baseKey":"BRkefVShLtVIksuJSpgcBNtUvbdtaRuQiQ4O8RAcKH8X","baseKeyType":2,"closed":-1,"used":1724423343525,"created":1724423343525,"remoteIdentityKey":"Bcj61Dq7G9HBz6NPciVRRl7eLS9cBWWu6iWbv7kL8Chf"},"_chains":{"BaRYAUoQ/oyY/7WDsOmfbVjo0TbOmdysMAvCKsrsQs8y":{"chainKey":{"counter":0,"key":"+oRNfSm5P6rz7HfqDs0T4kl2rPERbw4T6qe2JvkYv4E="},"chainType":2,"messageKeys":{}},"BUoJfS68Gk3/8SijtGiHpqkNDTaYONhRzfT/x8p0E1V8":{"chainKey":{"counter":-1,"key":"MGfLBJo1/T2JNPvkQg4binYUqRsw8AdM1er97RTBZcQ="},"chainType":1,"messageKeys":{}}}}},"version":"v1"}