{"_sessions":{"BV81AflRWQTkOKmsMWJsjwOcj+ktlnk7DMkZR45vkQEj":{"registrationId":1075635997,"currentRatchet":{"ephemeralKeyPair":{"pubKey":"Bfj5IpQu8H86wbTlb8xjdbQOhuosSoGZCNYZD0rMuHZM","privKey":"uJZuiTIrQkEXwWXNvN+buTpk0zZtyiHm4OsHiO4s5V4="},"lastRemoteEphemeralKey":"BUILW4kUSh/ojZChsZBGJnszWLzxWt96F1un05af1KAf","previousCounter":0,"rootKey":"8BQKzVyT+xY3qQRPBzeHEOkcUwGL+/lAdyW6xLOhzds="},"indexInfo":{"baseKey":"BV81AflRWQTkOKmsMWJsjwOcj+ktlnk7DMkZR45vkQEj","baseKeyType":1,"closed":-1,"used":1724422369345,"created":1724422369345,"remoteIdentityKey":"BS4mHkW0IedDNhqtRivwjGfg/0+deTAuzGTJ6h0XUVgK"},"_chains":{"Bfj5IpQu8H86wbTlb8xjdbQOhuosSoGZCNYZD0rMuHZM":{"chainKey":{"counter":0,"key":"UxMiZrkU5gB8SZFKoduu6o4zbYTKozQHmgUR5ws7+w0="},"chainType":1,"messageKeys":{}}},"pendingPreKey":{"signedKeyId":6,"baseKey":"BV81AflRWQTkOKmsMWJsjwOcj+ktlnk7DMkZR45vkQEj","preKeyId":8783937}}},"version":"v1"}