{"_sessions":{"BWpYh0URpVqX7tL3/4rODKiTp3tUcXm4fcxcjJ7KObU+":{"registrationId":11135,"currentRatchet":{"ephemeralKeyPair":{"pubKey":"Bb6O7XHUZshN3S4qizGhavs9HHqnI133Ag+Ki43lMe0K","privKey":"sPoMRipPmolkF652V1BdLFLJTpISW8tCyAB5tdBI5kY="},"lastRemoteEphemeralKey":"BS/S0mV3sUcDPFqYW+vzPvdijXRg/ZacwmR4xW1AoMVj","previousCounter":0,"rootKey":"8K6Apwu2pME7sn0EcbkTfQH9RIKBjc7kT4qUx60RW/Y="},"indexInfo":{"baseKey":"BWpYh0URpVqX7tL3/4rODKiTp3tUcXm4fcxcjJ7KObU+","baseKeyType":1,"closed":-1,"used":1724422369323,"created":1724422369323,"remoteIdentityKey":"Bfy89R2wM8DX3ghJ44RvIsOyQZ4EDh+sYWHjs9G68fsm"},"_chains":{"Bb6O7XHUZshN3S4qizGhavs9HHqnI133Ag+Ki43lMe0K":{"chainKey":{"counter":0,"key":"JivojhuyfwxGK3p/g/uU1FDUIgHO/dqLrlKifJAPYgs="},"chainType":1,"messageKeys":{}}},"pendingPreKey":{"signedKeyId":1,"baseKey":"BWpYh0URpVqX7tL3/4rODKiTp3tUcXm4fcxcjJ7KObU+"}}},"version":"v1"}