{"_sessions":{"BefoVuGAbVYlseZtnNzfiwEPrZfr0JrF6UW4eoN+OaY2":{"registrationId":87893762,"currentRatchet":{"ephemeralKeyPair":{"pubKey":"Be6/xhGdueCITzyEKzz5AYZ/7ByakY6TOXj8GaxyCA1h","privKey":"CNedQI8F+fguiarDlAYvx9/oXmW6O0L+doQXEr5xJmc="},"lastRemoteEphemeralKey":"BeJ7MmzNtifewAti2bw7fWPD7dGpddG8h8SnTNpAZLx+","previousCounter":0,"rootKey":"FTCXsDSZkIR2KjXJE+9Q6CUwgYClLG96CDLRl2hNJIY="},"indexInfo":{"baseKey":"BefoVuGAbVYlseZtnNzfiwEPrZfr0JrF6UW4eoN+OaY2","baseKeyType":1,"closed":-1,"used":1724422369368,"created":1724422369368,"remoteIdentityKey":"BbDzEucjT++agZy3fmCL7JiTe6C69SVJdbETe3aeV1YO"},"_chains":{"Be6/xhGdueCITzyEKzz5AYZ/7ByakY6TOXj8GaxyCA1h":{"chainKey":{"counter":0,"key":"PyXpqOjPcUbW+kf8LEBdyU/QjoC74fQFZ24Vl62tKsw="},"chainType":1,"messageKeys":{}}},"pendingPreKey":{"signedKeyId":2,"baseKey":"BefoVuGAbVYlseZtnNzfiwEPrZfr0JrF6UW4eoN+OaY2","preKeyId":11138999}}},"version":"v1"}