{"_sessions":{"BVhbMU7CYfnStj6l40TECQSu84nTbVN0u5vIsSLHylsD":{"registrationId":1946294169,"currentRatchet":{"ephemeralKeyPair":{"pubKey":"BZ937PK3ifsBDgQm5PS+2bQl/eA3rdDlf+MEYlQ4+IsV","privKey":"EJCD20l2cUpiU6jEWhyg7Y0wxlYWutAwlemovxFGPUE="},"lastRemoteEphemeralKey":"BXGuZHge5MxLoE0cev+9JhTXSyUdp0Go1GxkXYEYkPx4","previousCounter":0,"rootKey":"VUyRFlFF1O6Vi55YTmlHyQozQkPV0+hJ8cTeUy0/PcU="},"indexInfo":{"baseKey":"BVhbMU7CYfnStj6l40TECQSu84nTbVN0u5vIsSLHylsD","baseKeyType":1,"closed":-1,"used":1724422369364,"created":1724422369364,"remoteIdentityKey":"BWgG1WjB8/0DULhnOw/lUIuxHK809q6xRZDEwxeeREp/"},"_chains":{"BZ937PK3ifsBDgQm5PS+2bQl/eA3rdDlf+MEYlQ4+IsV":{"chainKey":{"counter":0,"key":"5tEL/nyH9/0P5BIPxf5h9fwZgxF16HuWR/UYMIrRkdM="},"chainType":1,"messageKeys":{}}},"pendingPreKey":{"signedKeyId":2,"baseKey":"BVhbMU7CYfnStj6l40TECQSu84nTbVN0u5vIsSLHylsD","preKeyId":13991884}}},"version":"v1"}