{"_sessions":{"BXGTHLxNlxUi9v6iLW8c8pi8ccQTTxkB+85q6FEMQRlf":{"registrationId":1951296290,"currentRatchet":{"ephemeralKeyPair":{"pubKey":"BQVVwkT41xONSKa6tQG59kr1S7nCZrO1aJQGJVlqyKht","privKey":"+C01CHIhLihW6dnr5ev3Hc3+iSmCXkDDzczpPWUIbnM="},"lastRemoteEphemeralKey":"BWYikHDVHdHo0MGL35x1JISBTkXiK19iw4jbCxSvhdRj","previousCounter":0,"rootKey":"ldm5Ri3FJIvNcDJBVirPdbbFgpqcnn1pRbeKlZvJoyA="},"indexInfo":{"baseKey":"BXGTHLxNlxUi9v6iLW8c8pi8ccQTTxkB+85q6FEMQRlf","baseKeyType":1,"closed":-1,"used":1724422369334,"created":1724422369334,"remoteIdentityKey":"BcV2cW13oQey6VN/XBvDSdJvuhvlCdEBhwAsJFGT/kZy"},"_chains":{"BQVVwkT41xONSKa6tQG59kr1S7nCZrO1aJQGJVlqyKht":{"chainKey":{"counter":0,"key":"IPsEWl9H5rdRvFO5Fagg4baG6rdTpjQouA6CX3ZmTvY="},"chainType":1,"messageKeys":{}}},"pendingPreKey":{"signedKeyId":10,"baseKey":"BXGTHLxNlxUi9v6iLW8c8pi8ccQTTxkB+85q6FEMQRlf","preKeyId":13339025}}},"version":"v1"}