{"_sessions":{"BWc151M+t2esfUJPn0xZU2hwItsTprJTIG56Dv+N8doh":{"registrationId":2079230044,"currentRatchet":{"ephemeralKeyPair":{"pubKey":"BeYbZ8OE6QYkbc4vv4TH3ygNnJLf+9c3Rkwe+w6MjQwA","privKey":"+DBXji/g4iUez7wYv7INJ3DZRAk9iBdk3+E+yjIdMWA="},"lastRemoteEphemeralKey":"BZXiVhmFi/1LaNExRiobQ8odj9tV5Ux+ibrf9ihRda8Y","previousCounter":0,"rootKey":"g9lJ98YSKwVDaU2rbK7DLUy+d8Em2fnu65r9axY56Q0="},"indexInfo":{"baseKey":"BWc151M+t2esfUJPn0xZU2hwItsTprJTIG56Dv+N8doh","baseKeyType":1,"closed":-1,"used":1724422369349,"created":1724422369349,"remoteIdentityKey":"Ba+pJVRySesXQNR5m/1M/TIOrJZiHgPZ8qAcpLDBdQZH"},"_chains":{"BeYbZ8OE6QYkbc4vv4TH3ygNnJLf+9c3Rkwe+w6MjQwA":{"chainKey":{"counter":0,"key":"AQkoBwRv+AjSCf91fxLuGqFXUUrfYi2JRFumbReWnwY="},"chainType":1,"messageKeys":{}}},"pendingPreKey":{"signedKeyId":2,"baseKey":"BWc151M+t2esfUJPn0xZU2hwItsTprJTIG56Dv+N8doh","preKeyId":1103776}}},"version":"v1"}