{"_sessions":{"Bdy2IKUyo8sG7v7bEOr/r8fpWfAy5Gr1aTFIOQ+D2zBO":{"registrationId":1310780752,"currentRatchet":{"ephemeralKeyPair":{"pubKey":"BcxmESkTOgyo/BqUiam/cazBYzl4PjeTFgIiqNpraPdX","privKey":"cM5EkUoRoH+yASAxWDA4K8WS5M1b7wKRBcUSovdZOXY="},"lastRemoteEphemeralKey":"BRZ1tEuXboVby/41ZJ/WJxpxc7jyGTpNEnyUuRBDMwR4","previousCounter":0,"rootKey":"awamvvcKOMaOIL8fdHTGabCAvilID1Gx9iYW7NfHdM0="},"indexInfo":{"baseKey":"Bdy2IKUyo8sG7v7bEOr/r8fpWfAy5Gr1aTFIOQ+D2zBO","baseKeyType":1,"closed":-1,"used":1724422369330,"created":1724422369330,"remoteIdentityKey":"BXJa+znyCUTlOt50o8cifHwIkzHjCfSCAa2DDIxNNPxT"},"_chains":{"BcxmESkTOgyo/BqUiam/cazBYzl4PjeTFgIiqNpraPdX":{"chainKey":{"counter":0,"key":"xRdCMlP+SzuInBXAiJPsp/WCbbtsrh8Z0MyGFkFS9M4="},"chainType":1,"messageKeys":{}}},"pendingPreKey":{"signedKeyId":0,"baseKey":"Bdy2IKUyo8sG7v7bEOr/r8fpWfAy5Gr1aTFIOQ+D2zBO","preKeyId":13609295}}},"version":"v1"}