{"_sessions":{"BfxoZzhVevv9SsM8J4hsHd0eDslj1bj+gWc/4OD2oFFf":{"registrationId":830335285,"currentRatchet":{"ephemeralKeyPair":{"pubKey":"BXWccwbLp4suzwE6fw1NgPpAjxVnX2TjGpFotfyBA9xq","privKey":"uMbYh3KzzAL/QGV+0YPxR8nT1Q5R9LDd3BPBhU0l+FM="},"lastRemoteEphemeralKey":"Bf4E2VFZW/77Zgn93tVF71myZl8oQOsa3ZuYcjR8ltlU","previousCounter":0,"rootKey":"WZqkk01lESRY2be8LNXUP4/PmkqOKfRJs3rUJKrGOik="},"indexInfo":{"baseKey":"BfxoZzhVevv9SsM8J4hsHd0eDslj1bj+gWc/4OD2oFFf","baseKeyType":1,"closed":-1,"used":1724422369364,"created":1724422369364,"remoteIdentityKey":"Bb1Vc2wLwN55S3SGXEo70MV+MTR/LCB8Fpfwb4HSjaFT"},"_chains":{"BXWccwbLp4suzwE6fw1NgPpAjxVnX2TjGpFotfyBA9xq":{"chainKey":{"counter":0,"key":"WIQxK9zz6KV1NZqs0rx43Rtgz8DxWVTbsYCgzqlEnKk="},"chainType":1,"messageKeys":{}}},"pendingPreKey":{"signedKeyId":22,"baseKey":"BfxoZzhVevv9SsM8J4hsHd0eDslj1bj+gWc/4OD2oFFf","preKeyId":16127973}}},"version":"v1"}