{"_sessions":{"BUlNFk2oiXaHjuf2AGB6EcuDP2/wgfFxbWQZE7uyo1w0":{"registrationId":551371709,"currentRatchet":{"ephemeralKeyPair":{"pubKey":"BZe1lcoNyZ+2QgsBU0uavGdKXXvUwKcvp5kBVxKDYFUx","privKey":"SAHE2tTb4wjbadCT4AG8shMEW/HteY0Xe8WjQb4htWs="},"lastRemoteEphemeralKey":"BWZbXCCkoUcSXfPqdHEHST+VyhSaSazPSv8K9OZtCG4j","previousCounter":0,"rootKey":"kT2OX35OvT1Y4vK7tZha75Vedr71vNWXsHWeTte6xKs="},"indexInfo":{"baseKey":"BUlNFk2oiXaHjuf2AGB6EcuDP2/wgfFxbWQZE7uyo1w0","baseKeyType":1,"closed":-1,"used":1724422369338,"created":1724422369338,"remoteIdentityKey":"BXzrkzOYmdqQQUXwZMBaWOxMMHeDvfdTAAUOFrl+1RVf"},"_chains":{"BZe1lcoNyZ+2QgsBU0uavGdKXXvUwKcvp5kBVxKDYFUx":{"chainKey":{"counter":0,"key":"uObABkuYTdXHxlbOhohgn3AVP+sB/aH0E1lblzQQ71E="},"chainType":1,"messageKeys":{}}},"pendingPreKey":{"signedKeyId":1,"baseKey":"BUlNFk2oiXaHjuf2AGB6EcuDP2/wgfFxbWQZE7uyo1w0","preKeyId":15569036}}},"version":"v1"}