{"_sessions":{"BdyVLU27lNANaHdlmWg2yWClU0VDQUa+sxF3+uogO/ZB":{"registrationId":1688854540,"currentRatchet":{"ephemeralKeyPair":{"pubKey":"Bfk2d80yO5eYSnQ3s9IKVtfPnHAUyxzQvhqKGcHMV9AB","privKey":"+FxTnjD2aDXGj7q2h0dqVL2T7DolUBdmxCehOwtQB1o="},"lastRemoteEphemeralKey":"BdFKyQ0f82iHWZ46lZg9pR7GgQsnCgWjRyLV8E0kURdN","previousCounter":0,"rootKey":"OsBRTe/cT5FRjSLks8qd+QlEEUw16nzZQv2SU5df1Ts="},"indexInfo":{"baseKey":"BdyVLU27lNANaHdlmWg2yWClU0VDQUa+sxF3+uogO/ZB","baseKeyType":1,"closed":-1,"used":1724422369343,"created":1724422369343,"remoteIdentityKey":"BSFHdCI4+gskbdp2b1dnAHLVEqxqmIwKH0jsp4v5YisF"},"_chains":{"Bfk2d80yO5eYSnQ3s9IKVtfPnHAUyxzQvhqKGcHMV9AB":{"chainKey":{"counter":0,"key":"wn7tBPWOzU/KQfLClxX/X7iXV9eYvZ1d9wzk2VDB+Rs="},"chainType":1,"messageKeys":{}}},"pendingPreKey":{"signedKeyId":10,"baseKey":"BdyVLU27lNANaHdlmWg2yWClU0VDQUa+sxF3+uogO/ZB","preKeyId":1180849}}},"version":"v1"}