{"_sessions":{"Bbu1lvIwN3g3TBwYG4yQS/rIOU5KSLILt4frUsxDLeAe":{"registrationId":1803371125,"currentRatchet":{"ephemeralKeyPair":{"pubKey":"BYhl2iJEZ7136xNXOELU/5UgYyY7M4LXZwCvwfsXv/xK","privKey":"aARVsrPo+KnVZhRC/30vyKIh/4IbJm9gC6c7+7HCtGo="},"lastRemoteEphemeralKey":"Bcr9rchgkGaQkbrxpKTgpCmdWtMG935JJszzVUoW1YMi","previousCounter":0,"rootKey":"39sKuWDojHf0dsv1i2DrrYl/tKEoqRKr9+N1q06ZXko="},"indexInfo":{"baseKey":"Bbu1lvIwN3g3TBwYG4yQS/rIOU5KSLILt4frUsxDLeAe","baseKeyType":1,"closed":-1,"used":1724422369365,"created":1724422369365,"remoteIdentityKey":"Baze3QgkdSwUn5FwkBi+hyslY8gigpRpyl1+5GlDhwgK"},"_chains":{"BYhl2iJEZ7136xNXOELU/5UgYyY7M4LXZwCvwfsXv/xK":{"chainKey":{"counter":0,"key":"d7cmdoMiQkNRaMJStHZxwsG/SoLCmx4kNhfLcd2CADQ="},"chainType":1,"messageKeys":{}}},"pendingPreKey":{"signedKeyId":1,"baseKey":"Bbu1lvIwN3g3TBwYG4yQS/rIOU5KSLILt4frUsxDLeAe","preKeyId":1257483}}},"version":"v1"}