{"_sessions":{"BTwNS8+bv9oPIEuLCq4E2qJWcdNOH0rXyWkRiMvmzA0S":{"registrationId":1435645292,"currentRatchet":{"ephemeralKeyPair":{"pubKey":"BboaND6fhdRHh81RtcbsVuCJ//lttdnNmJa0P6F18x1X","privKey":"0ICelbQtBSVJOx1ARMbmo0OMy/QqKJ+70P2dv99UfmA="},"lastRemoteEphemeralKey":"BfDVDnjyOPUvPlSkS+47JmZO69880XlXVvcay3ALUvRo","previousCounter":0,"rootKey":"P7Tc18e6VBQxImQc9RI7DAnZvxUVM1mcRTf4x/ElN/A="},"indexInfo":{"baseKey":"BTwNS8+bv9oPIEuLCq4E2qJWcdNOH0rXyWkRiMvmzA0S","baseKeyType":1,"closed":-1,"used":1724421910786,"created":1724421910786,"remoteIdentityKey":"BT6rc047uhKKuTdPtk/EuH6fRae531g6VOnVOrZEEusi"},"_chains":{"BboaND6fhdRHh81RtcbsVuCJ//lttdnNmJa0P6F18x1X":{"chainKey":{"counter":4,"key":"mg9ahJGZ02pX6fuMvS7EQg5sns8e6BUIzBdV+s6qlfg="},"chainType":1,"messageKeys":{}}},"pendingPreKey":{"signedKeyId":0,"baseKey":"BTwNS8+bv9oPIEuLCq4E2qJWcdNOH0rXyWkRiMvmzA0S"}}},"version":"v1"}