{"_sessions":{"BTkYiaIOMK4fZ7kztqDuvmPUrGFdyHShkMYgdYmfN0AK":{"registrationId":1277241617,"currentRatchet":{"ephemeralKeyPair":{"pubKey":"Bat6whI3METOMMA8Td4VeFObmplG67pKKrLAzc2GPlsL","privKey":"MNu0ZivrVemjDFyIJE/YZQxyeL20FdXhf+W2JA4zw0Y="},"lastRemoteEphemeralKey":"BRLU9ASEUzXqqPBsrnTt1Q1RQbB4VY4A2rFDnr5RYepL","previousCounter":0,"rootKey":"bRTZPJsznKUeokal3QPLOpjFiGUGdvjpvs3RO5DQvpY="},"indexInfo":{"baseKey":"BTkYiaIOMK4fZ7kztqDuvmPUrGFdyHShkMYgdYmfN0AK","baseKeyType":1,"closed":-1,"used":1724422369363,"created":1724422369363,"remoteIdentityKey":"BaYta553g0XmP2SOFjafWRL0F+NREwInWIE8ebdd9QUU"},"_chains":{"Bat6whI3METOMMA8Td4VeFObmplG67pKKrLAzc2GPlsL":{"chainKey":{"counter":0,"key":"cD8MtozjHnhyzt2aedNQd5NXmdGOsVvP/Ic3WeMoJME="},"chainType":1,"messageKeys":{}}},"pendingPreKey":{"signedKeyId":0,"baseKey":"BTkYiaIOMK4fZ7kztqDuvmPUrGFdyHShkMYgdYmfN0AK","preKeyId":12532580}}},"version":"v1"}