{"_sessions":{"BTX/W06kHa82FTc4CcLrUGmwqpBB4vbQ8M71LNo3S5Fb":{"registrationId":2023648828,"currentRatchet":{"ephemeralKeyPair":{"pubKey":"BUgNlp34KodB5HzkM9MH/2ZsjHUhUO6KFdGZUkLm7g9o","privKey":"wCD03z3BiQH4bTo0gn4YZcoYEYkHNfLi9oqb7oUu9ks="},"lastRemoteEphemeralKey":"BVe944kbTtKaACySvZhB33lv+kqtzXCrnV5fLb6Htk82","previousCounter":0,"rootKey":"/IUpf3EA3fAjVckFrg//8xekzYNR6o7qh60G7jkiIUI="},"indexInfo":{"baseKey":"BTX/W06kHa82FTc4CcLrUGmwqpBB4vbQ8M71LNo3S5Fb","baseKeyType":1,"closed":-1,"used":1724422369340,"created":1724422369340,"remoteIdentityKey":"BcHaIxNlngW3IcYjEsnkOgduiBStYUjUlJyBBtJSCVlW"},"_chains":{"BUgNlp34KodB5HzkM9MH/2ZsjHUhUO6KFdGZUkLm7g9o":{"chainKey":{"counter":0,"key":"BtA9uZLO+G7NLGqVpIhhxp/m+Q6SALUCugq60KNuQVM="},"chainType":1,"messageKeys":{}}},"pendingPreKey":{"signedKeyId":12,"baseKey":"BTX/W06kHa82FTc4CcLrUGmwqpBB4vbQ8M71LNo3S5Fb","preKeyId":12006655}}},"version":"v1"}