{"_sessions":{"BfuL/TtF9XYU2BvKtIzmC42+HjaF2J4euzsxpsoHKJs7":{"registrationId":1513073846,"currentRatchet":{"ephemeralKeyPair":{"pubKey":"BaIaTvcxP0VPBhf3ccc2OFaBpG8BE7InsCn+1KJGAeYs","privKey":"qC2X8kcQAT/kNRTS7AY8CYdICkCLXyJNijl8Q43N5Fs="},"lastRemoteEphemeralKey":"BSPP/52RDUpNJt+tKTh7nrgJ2QTqK3H1um1OZGFCeI1J","previousCounter":0,"rootKey":"PaG6/2F5GVvjq95u/lKHA7JrZR6uhk9t78H68IB/f3I="},"indexInfo":{"baseKey":"BfuL/TtF9XYU2BvKtIzmC42+HjaF2J4euzsxpsoHKJs7","baseKeyType":1,"closed":-1,"used":1724422369358,"created":1724422369358,"remoteIdentityKey":"BShFVgMq+tQ9bq7UFzHzwbO/QfY/84/dW1saDWviSQJb"},"_chains":{"BaIaTvcxP0VPBhf3ccc2OFaBpG8BE7InsCn+1KJGAeYs":{"chainKey":{"counter":0,"key":"4siyugi+Vdxd7hBMGDV5ki2Vw31ehh5o0F+QwkgJRoE="},"chainType":1,"messageKeys":{}}},"pendingPreKey":{"signedKeyId":1,"baseKey":"BfuL/TtF9XYU2BvKtIzmC42+HjaF2J4euzsxpsoHKJs7","preKeyId":1949703}}},"version":"v1"}