{"_sessions":{"BZh4LRMIpKCL1MACv78pANR3YR9/OlgB2h4e/P7yLZ9l":{"registrationId":574736104,"currentRatchet":{"ephemeralKeyPair":{"pubKey":"BVOhldVCduFbrezvApsriaddMiv23HWR+sqv8g8F5WQ6","privKey":"AOP7sOlWKXiUkutJNrfJpvkcEUS1EDYHAc+Jq1ZlU18="},"lastRemoteEphemeralKey":"BQ948/Vx7MgOYm8+jDgpht+ppjJIJz0p/2LDNKLWXZ5y","previousCounter":0,"rootKey":"xamyKqfjw+Q398SOu9ZsKGV/zY+bZKELktR7tNtyYHQ="},"indexInfo":{"baseKey":"BZh4LRMIpKCL1MACv78pANR3YR9/OlgB2h4e/P7yLZ9l","baseKeyType":1,"closed":-1,"used":1724422369350,"created":1724422369350,"remoteIdentityKey":"BfotwtIBX0Q0poma1JvJoSriL7G94rQDfSHwM5FuWXBP"},"_chains":{"BVOhldVCduFbrezvApsriaddMiv23HWR+sqv8g8F5WQ6":{"chainKey":{"counter":0,"key":"jrw/k4au3KIB7YZpHG9ME7C8VqnRZreZMWKtV0wTZJk="},"chainType":1,"messageKeys":{}}},"pendingPreKey":{"signedKeyId":3,"baseKey":"BZh4LRMIpKCL1MACv78pANR3YR9/OlgB2h4e/P7yLZ9l","preKeyId":1222750}}},"version":"v1"}