{"_sessions":{"BWs4bVe6Cds8ikdmuWL8PGUaYvmc9OSI4cWCGTGKQ755":{"registrationId":688591408,"currentRatchet":{"ephemeralKeyPair":{"pubKey":"BUIenTR8jW7CoEH6tv0QnJLp7VgDzx2jP5ttzSJ0XIU6","privKey":"eHHJk9+CtpWwGKRvHsfSAADpqcUDKnJHT5A714QN+0w="},"lastRemoteEphemeralKey":"Be0S636Dv4jADAe8kaFW9ckTtlngcZvhjq3SpHYpg840","previousCounter":0,"rootKey":"iYLSIwK0wPcfpg1Vd6NNAe67FEFq87RHDqsDcO2eQTo="},"indexInfo":{"baseKey":"BWs4bVe6Cds8ikdmuWL8PGUaYvmc9OSI4cWCGTGKQ755","baseKeyType":1,"closed":-1,"used":1724422369362,"created":1724422369362,"remoteIdentityKey":"BZ3sVMH1POh71t5NmPsnC2BmjvGIbT/pX4OHoXCBQ7Ux"},"_chains":{"BUIenTR8jW7CoEH6tv0QnJLp7VgDzx2jP5ttzSJ0XIU6":{"chainKey":{"counter":0,"key":"ccvSbCvilCgNZdbpIg/gDnnERdqPWBNzi9flniqRueU="},"chainType":1,"messageKeys":{}}},"pendingPreKey":{"signedKeyId":3,"baseKey":"BWs4bVe6Cds8ikdmuWL8PGUaYvmc9OSI4cWCGTGKQ755","preKeyId":13726301}}},"version":"v1"}