{"_sessions":{"BaninizHdN4uhU+ntkijsb6UrgmIFMq3d4fp4HJqrzlQ":{"registrationId":1284486287,"currentRatchet":{"ephemeralKeyPair":{"pubKey":"BZKfdpt1GiQRrIXsUGbpD+pop97Mevkl9yQiXTdHqmpQ","privKey":"mPgUBGykdlib/KR0Bqm6LESrjH/c8QktySl9XeyFdkc="},"lastRemoteEphemeralKey":"BXBL9CxrN252533kBUKQAGAhMRO3b/HVDjwNplkZ7ghl","previousCounter":0,"rootKey":"K/ryL5tZ2qR5zzY9k07/4gYV0oAyoYfDLk0uhvsxi6k="},"indexInfo":{"baseKey":"BaninizHdN4uhU+ntkijsb6UrgmIFMq3d4fp4HJqrzlQ","baseKeyType":1,"closed":-1,"used":1724422369329,"created":1724422369329,"remoteIdentityKey":"BV+STFV3CDBqpxAxvvgt7/icVMzW27uN3SVS77GClmoH"},"_chains":{"BZKfdpt1GiQRrIXsUGbpD+pop97Mevkl9yQiXTdHqmpQ":{"chainKey":{"counter":0,"key":"5yOHLg0WFDQrkNWyFKM32JJL6scEOJ/fSzhYiqV9ws0="},"chainType":1,"messageKeys":{}}},"pendingPreKey":{"signedKeyId":125,"baseKey":"BaninizHdN4uhU+ntkijsb6UrgmIFMq3d4fp4HJqrzlQ","preKeyId":7712}}},"version":"v1"}