{"_sessions":{"Bf8dfZSqs4wV+bbOhpuIiOWjRZk70VfG87yXNrbMgQo7":{"registrationId":1298813058,"currentRatchet":{"ephemeralKeyPair":{"pubKey":"BbSWAUTDUkMiaNb7+eOXB/mhmZmSYtpB2xvlTPdRiMZN","privKey":"ACUMcbuWN+W3zvUxuf9psRz57fwcrclYo2yvuJBAZ0s="},"lastRemoteEphemeralKey":"BZqhO2Wje42oStwqCWYRyClpVVMzDoTvThztjsEKzSBp","previousCounter":0,"rootKey":"MHWqL5eOP7IAUlGKbjBB4WXRVPsu9+6R9JMjXXmIxII="},"indexInfo":{"baseKey":"Bf8dfZSqs4wV+bbOhpuIiOWjRZk70VfG87yXNrbMgQo7","baseKeyType":1,"closed":-1,"used":1724422369360,"created":1724422369360,"remoteIdentityKey":"BU7kX3yKcJTNmgMtU9cTuuv4HbgC70nnljCOEHS6Ofo5"},"_chains":{"BbSWAUTDUkMiaNb7+eOXB/mhmZmSYtpB2xvlTPdRiMZN":{"chainKey":{"counter":0,"key":"YfzgM+gaSLzm7wjkz4dANie3UMn8pdmk9xnexx1Ivk8="},"chainType":1,"messageKeys":{}}},"pendingPreKey":{"signedKeyId":4,"baseKey":"Bf8dfZSqs4wV+bbOhpuIiOWjRZk70VfG87yXNrbMgQo7","preKeyId":13315351}}},"version":"v1"}