{"_sessions":{"BWOv8/d3HRMXdGyQH4pPl5xxfalSEEMop3vdv7/Kzu8d":{"registrationId":230,"currentRatchet":{"ephemeralKeyPair":{"pubKey":"BSAnunx79/7xASSicdcZ/NHv7eVY1mnzwt9mFb4sKEgn","privKey":"6OhEZ7Dm3ZA3c7bEgWDOrd5QjSEHUlhOu4SVERcUWF4="},"lastRemoteEphemeralKey":"BTXUK344ghO0rZYTBznNmjALyWWd273MdE8sXH35HSlj","previousCounter":0,"rootKey":"4pTuB5YqmtoPabBp+QPRQDZGbyryZnWVx7izNs0ZouQ="},"indexInfo":{"baseKey":"BWOv8/d3HRMXdGyQH4pPl5xxfalSEEMop3vdv7/Kzu8d","baseKeyType":1,"closed":-1,"used":1724422369322,"created":1724422369322,"remoteIdentityKey":"BfNuLnjnN3n877kzEH3efsaNmBPPRwpXbKXM4TkWKzlv"},"_chains":{"BSAnunx79/7xASSicdcZ/NHv7eVY1mnzwt9mFb4sKEgn":{"chainKey":{"counter":0,"key":"z3/ClpREd6STuumja8eOdRL4retovOLm9PfRzw4Ln7I="},"chainType":1,"messageKeys":{}}},"pendingPreKey":{"signedKeyId":1,"baseKey":"BWOv8/d3HRMXdGyQH4pPl5xxfalSEEMop3vdv7/Kzu8d","preKeyId":1012}}},"version":"v1"}