{"_sessions":{"BfDfQP0JbBm7YwFHUjwQWlkX1FUivBBn1pWsB12xGHc6":{"registrationId":2052119735,"currentRatchet":{"ephemeralKeyPair":{"pubKey":"BeHVn3HdDg0OFhBifl08hP/jjRNVuDPwLXvW/loWpqFp","privKey":"oJ3vKtJjUyOM1EEmJoGuKaDSdCfZJXVbL8MvHPXitHA="},"lastRemoteEphemeralKey":"BfvBS+OkllmfY909xStgEOrpAUe0N4Pow1X3cfYJ8NZu","previousCounter":0,"rootKey":"0+t+aPGgnWgrffTslOW84v9EkW5MxAReB2bNxrbpQGI="},"indexInfo":{"baseKey":"BfDfQP0JbBm7YwFHUjwQWlkX1FUivBBn1pWsB12xGHc6","baseKeyType":1,"closed":-1,"used":1724422369367,"created":1724422369367,"remoteIdentityKey":"BZAPDWspidjegAcWUZqXOsMXteokm6b4E/WfEOKBY5dp"},"_chains":{"BeHVn3HdDg0OFhBifl08hP/jjRNVuDPwLXvW/loWpqFp":{"chainKey":{"counter":0,"key":"M/IaJWyjSsPgt2+ELd7+zKzPLxw6tMGbjVznLkVxaEM="},"chainType":1,"messageKeys":{}}},"pendingPreKey":{"signedKeyId":4,"baseKey":"BfDfQP0JbBm7YwFHUjwQWlkX1FUivBBn1pWsB12xGHc6"}}},"version":"v1"}