{"_sessions":{"Bb2R3ix1as0aeuW3Er2oJdLQJtZ6rwPiuLXEiAHaUU1m":{"registrationId":2090420491,"currentRatchet":{"ephemeralKeyPair":{"pubKey":"BfQdtYsAc5A0besALUdeeqH1pQ+ZfAxbY5CytmKy8lgZ","privKey":"YHFvbdJ0WzIv0N79rsR6geaULE/cBkv2t7DZWOndrlk="},"lastRemoteEphemeralKey":"Bdt0fUZDsoW9xpkg5Vl0vEcjKGvApEGdfqWEeTar6Skk","previousCounter":0,"rootKey":"jnpfP4K/9T0xXVFV9yiQwtN6dwBp8aFjc+g6+s2htwU="},"indexInfo":{"baseKey":"Bb2R3ix1as0aeuW3Er2oJdLQJtZ6rwPiuLXEiAHaUU1m","baseKeyType":1,"closed":-1,"used":1724422369333,"created":1724422369333,"remoteIdentityKey":"BX5KIEucPCGEoaJ+crZD9SijdQRTUGCVDryE1Kkipbx+"},"_chains":{"BfQdtYsAc5A0besALUdeeqH1pQ+ZfAxbY5CytmKy8lgZ":{"chainKey":{"counter":0,"key":"t6NPTZ8X8hiE4TZR1JsDXYJdyLlNInE/CbODcEziHBI="},"chainType":1,"messageKeys":{}}},"pendingPreKey":{"signedKeyId":6,"baseKey":"Bb2R3ix1as0aeuW3Er2oJdLQJtZ6rwPiuLXEiAHaUU1m","preKeyId":858990}}},"version":"v1"}