{"_sessions":{"Bd9dHbXSiaisXio9rJjR3MGRWus9Td4faAZQGp5pJ68E":{"registrationId":22,"currentRatchet":{"ephemeralKeyPair":{"pubKey":"Bfcf0bKd3tOpEF1q2thf/9dnte+tMhf0AQEzpzl+vYlE","privKey":"MPOIBC0DYT1PXH71XSATEh0uMWwcyZhuuMEcXtYFR2c="},"lastRemoteEphemeralKey":"BfxkJ8TpycuJbIqM41EeBtkN+q476ncesvdrQoBnkBFs","previousCounter":0,"rootKey":"B/GHG52uRfnhruKStvW3swZq+Foaf4E9bsiHO4J5ZE4="},"indexInfo":{"baseKey":"Bd9dHbXSiaisXio9rJjR3MGRWus9Td4faAZQGp5pJ68E","baseKeyType":1,"closed":-1,"used":1724422369322,"created":1724422369322,"remoteIdentityKey":"BSSDTo9sJOFQEoNdr8aT/TAoNURXXBWw2/RUbtzYh0R8"},"_chains":{"Bfcf0bKd3tOpEF1q2thf/9dnte+tMhf0AQEzpzl+vYlE":{"chainKey":{"counter":0,"key":"CT/dU+Rt/l2Bz8XGop9RS/SYcBLsT0UytfmLC52xbME="},"chainType":1,"messageKeys":{}}},"pendingPreKey":{"signedKeyId":1,"baseKey":"Bd9dHbXSiaisXio9rJjR3MGRWus9Td4faAZQGp5pJ68E"}}},"version":"v1"}