{"_sessions":{"BSHE6G21Q5mGlbRm3uO33iYVNbBRYEV22L8QkthftypT":{"registrationId":602223005,"currentRatchet":{"ephemeralKeyPair":{"pubKey":"BQLSRXY+hGGjF8XBEWZwppzrRlmx4U7t8vLH5OD55NtV","privKey":"iNY9msmIVGhgk4iNzy1jLVVLNEhG/5Rz6skz+4NoUmU="},"lastRemoteEphemeralKey":"BaYgUuhQtKgiOO5YJoDYzxSNAyNeDiKaL/Kz/t7SvdNu","previousCounter":0,"rootKey":"QZSx+uGdDan6NwKxYNAey/O6rd0i51H2/S+SvFte7f8="},"indexInfo":{"baseKey":"BSHE6G21Q5mGlbRm3uO33iYVNbBRYEV22L8QkthftypT","baseKeyType":1,"closed":-1,"used":1724422369335,"created":1724422369335,"remoteIdentityKey":"BdsyecZsWHKeyH74je0SN7n81kFEqkHL7Eb30sCSlNEJ"},"_chains":{"BQLSRXY+hGGjF8XBEWZwppzrRlmx4U7t8vLH5OD55NtV":{"chainKey":{"counter":0,"key":"Bhk5xwYVUKadohs6KRz8sWZ2TkDlUoXZg1nVBd1lzsk="},"chainType":1,"messageKeys":{}}},"pendingPreKey":{"signedKeyId":1,"baseKey":"BSHE6G21Q5mGlbRm3uO33iYVNbBRYEV22L8QkthftypT","preKeyId":15686206}}},"version":"v1"}