{"_sessions":{"BRws5tXub++OeU3ie2MzM+uFn3zekAOMwQ4PaDBLmttK":{"registrationId":609538990,"currentRatchet":{"ephemeralKeyPair":{"pubKey":"BZdedjZH/xglgXGRNZbPA9356g/Kln6TIjtvSqLERBJ/","privKey":"eBVY8DAt58dR9HsgtElMqqQGmwk1kjNMwFgeHedUn1U="},"lastRemoteEphemeralKey":"BaZXEeuy0o8dYVcPQq8zPXX8ObtXDZoNVs6J24uZIxRk","previousCounter":0,"rootKey":"yrMUgNP/EYhrE3tyhsGBLJszdn7vNcU9sKHeNbKfR1Q="},"indexInfo":{"baseKey":"BRws5tXub++OeU3ie2MzM+uFn3zekAOMwQ4PaDBLmttK","baseKeyType":1,"closed":-1,"used":1724422369365,"created":1724422369365,"remoteIdentityKey":"BYqdevJ13Wxdbxht/ZNjlHifdg29RZbwb51RI9ockZoY"},"_chains":{"BZdedjZH/xglgXGRNZbPA9356g/Kln6TIjtvSqLERBJ/":{"chainKey":{"counter":0,"key":"IINzWWljHgZUXpOt/erc38Unfyw2MHcLx1hK12EA4rQ="},"chainType":1,"messageKeys":{}}},"pendingPreKey":{"signedKeyId":7,"baseKey":"BRws5tXub++OeU3ie2MzM+uFn3zekAOMwQ4PaDBLmttK","preKeyId":15111453}}},"version":"v1"}