{"_sessions":{"Bfz7+Qh+FkK13R7rmg6+i7+0F5fT6sAibsxN/XsLmPJM":{"registrationId":1176957464,"currentRatchet":{"ephemeralKeyPair":{"pubKey":"BRvBVrDNW91ve1gNYS0ZWCFgM//jf+74FomrVNGUE2oE","privKey":"qNI7MDwUwZNdi8gaHD2luk+sM6Qf3bZqJ1U6mC2g+3s="},"lastRemoteEphemeralKey":"BRKEu8Mm6EVAbTl8KPqy2Dc3Pdv2twm3FXFYujBOej4F","previousCounter":0,"rootKey":"20hVLF7LkzQFXi0hQKWU/H//wQ2N2A0ZoRDoVroggFw="},"indexInfo":{"baseKey":"Bfz7+Qh+FkK13R7rmg6+i7+0F5fT6sAibsxN/XsLmPJM","baseKeyType":1,"closed":-1,"used":1724421910786,"created":1724421910786,"remoteIdentityKey":"BQ35gunt42zm6iFmy8DRh5WTeHJL52FDfmTuDCl3Tcsw"},"_chains":{"BRvBVrDNW91ve1gNYS0ZWCFgM//jf+74FomrVNGUE2oE":{"chainKey":{"counter":4,"key":"yuYgvLGKl5kJTekQSnourYNc8YbKfiNIjXj+ceOIskc="},"chainType":1,"messageKeys":{}}},"pendingPreKey":{"signedKeyId":0,"baseKey":"Bfz7+Qh+FkK13R7rmg6+i7+0F5fT6sAibsxN/XsLmPJM"}}},"version":"v1"}