{"_sessions":{"BWQNCkMGaMVdJNoIZYX1E+N1u90kjB5w/oBgjJiU0095":{"registrationId":2016742078,"currentRatchet":{"ephemeralKeyPair":{"pubKey":"BaDhx84qoUnx9fD1fW59KHczlNu1uZixH+Oze33UEI9x","privKey":"+IHiQ9NEK26Byo/97lNAupAKKpOZqOV1VpcyBhuQCEw="},"lastRemoteEphemeralKey":"BSeGevFLixw4JcXqCq4+WBElusZFE62V1A02RDtwpVwy","previousCounter":0,"rootKey":"GpaGgBfSzvcl3w3hndv27UAC24UTs/uy2eMPtuJIqg8="},"indexInfo":{"baseKey":"BWQNCkMGaMVdJNoIZYX1E+N1u90kjB5w/oBgjJiU0095","baseKeyType":1,"closed":-1,"used":1724422369363,"created":1724422369363,"remoteIdentityKey":"BWA574ZuZfxmybEyCEMlJak9eMtEJd+ec4CC72VX9kh4"},"_chains":{"BaDhx84qoUnx9fD1fW59KHczlNu1uZixH+Oze33UEI9x":{"chainKey":{"counter":0,"key":"rbqfILXCPhHLqb7fxjgUSE0Dtkwn5fVlLmLXIyz9csA="},"chainType":1,"messageKeys":{}}},"pendingPreKey":{"signedKeyId":1,"baseKey":"BWQNCkMGaMVdJNoIZYX1E+N1u90kjB5w/oBgjJiU0095","preKeyId":11461110}}},"version":"v1"}