{"_sessions":{"BaLq6gq+I1F452qn96YnwOw5qqwBdIS2K1SP4z1aZ79V":{"registrationId":1690425739,"currentRatchet":{"ephemeralKeyPair":{"pubKey":"BfYIFqO71v2QM/Cse1kCrlX8NSTiqKPwMOIcdCIfRXZW","privKey":"2OmfAqd8uWZ0oZgFMbvV8ZysXl+gDa3Rst0uPYG1t2w="},"lastRemoteEphemeralKey":"BfL17ONZDF/p51mVHh+CMh7pMqr7UhBLuA+tDhhsRa4L","previousCounter":0,"rootKey":"CzMzAWj2CldrmONXwAlveqLPRHTh8bf8TTpjj2P+4rc="},"indexInfo":{"baseKey":"BaLq6gq+I1F452qn96YnwOw5qqwBdIS2K1SP4z1aZ79V","baseKeyType":1,"closed":-1,"used":1724423576047,"created":1724422369337,"remoteIdentityKey":"BbFY98e+GmrrFcDxmgoMll6Q83zNgiBrYikrzhtziMtE"},"_chains":{"BfL17ONZDF/p51mVHh+CMh7pMqr7UhBLuA+tDhhsRa4L":{"chainKey":{"counter":3,"key":"2Sulk7eOx4Om/a/Pq6VaTbmVACMMzuZxi00WJ/o5cOA="},"chainType":2,"messageKeys":{}},"BfYIFqO71v2QM/Cse1kCrlX8NSTiqKPwMOIcdCIfRXZW":{"chainKey":{"counter":-1,"key":"o08fv/DvP2844f7tR8b7QsDTGzB4VW7Q+jiAHa0syZg="},"chainType":1,"messageKeys":{}}}}},"version":"v1"}