{"_sessions":{"BYPTdSAJDzM+pfce5a34HiuJF6ixfsrRv++Vv7vXpOEC":{"registrationId":583527883,"currentRatchet":{"ephemeralKeyPair":{"pubKey":"BSlwy+ehW5IMmEdDvCZqLlJhyr/UwAyhJG8gtqmJnMFS","privKey":"EIUwTT4Y3cSQkLE1Q780zrlgX7Dcf7m8x3jsPED9L1w="},"lastRemoteEphemeralKey":"BcRQXGVOSc+Ok+s+ySPJNkrh6++rP4085KXA9tdJttwy","previousCounter":0,"rootKey":"zYuksQD3JkR29dPRRZLuOEzWVyd97o2RQsaIbfUG9AM="},"indexInfo":{"baseKey":"BYPTdSAJDzM+pfce5a34HiuJF6ixfsrRv++Vv7vXpOEC","baseKeyType":1,"closed":-1,"used":1724422369369,"created":1724422369369,"remoteIdentityKey":"BcT+FiL8Q1APj1dEw0Uv6MDd9P6T+cdHpFCFNELnzcER"},"_chains":{"BSlwy+ehW5IMmEdDvCZqLlJhyr/UwAyhJG8gtqmJnMFS":{"chainKey":{"counter":0,"key":"m5AHVbIVy0Evhy31OtymKZeiOKyc8S7/H2JvY+BwSig="},"chainType":1,"messageKeys":{}}},"pendingPreKey":{"signedKeyId":9,"baseKey":"BYPTdSAJDzM+pfce5a34HiuJF6ixfsrRv++Vv7vXpOEC","preKeyId":14172708}}},"version":"v1"}