{"_sessions":{"BSOxzhtN4R0zoTks6f0b+cRE+9cxztN8rIBs51VHnHIy":{"registrationId":148172262,"currentRatchet":{"ephemeralKeyPair":{"pubKey":"BZdldJIE9ANBgQISKBlnkRcyd395uVQdhtN1fwoWOV10","privKey":"OEdgn7ClUyog5GXQYGISSi8jkwiLUArBOJM+oCzLN3M="},"lastRemoteEphemeralKey":"BcrmDP1KzL5UV6LDvMhmaBYc1/yhO4BS8LsGIqsHc7of","previousCounter":0,"rootKey":"k7JBTy+Pg2fgUcqBdNNUP0ZnHDh49aKDZ+4ZsqyrAyA="},"indexInfo":{"baseKey":"BSOxzhtN4R0zoTks6f0b+cRE+9cxztN8rIBs51VHnHIy","baseKeyType":2,"closed":-1,"used":1724422368148,"created":1724422368148,"remoteIdentityKey":"BWAvPf6ULMzR1OeXdchJ60JnumcCZHoZHL9k2ULKZUhX"},"_chains":{"BcrmDP1KzL5UV6LDvMhmaBYc1/yhO4BS8LsGIqsHc7of":{"chainKey":{"counter":0,"key":"/T3FCbuOb8kOG/rSaT2qtZNKq1ebXJnSwBFd7a5U0JM="},"chainType":2,"messageKeys":{}},"BZdldJIE9ANBgQISKBlnkRcyd395uVQdhtN1fwoWOV10":{"chainKey":{"counter":0,"key":"0X+Bi0K3HdPfJOxi6Fgl2lU0yuYdyrhEsoVfWV0mwaU="},"chainType":1,"messageKeys":{}}}}},"version":"v1"}