{"_sessions":{"Be2+LR0w5yYJBTnI3Mfjhzo8Ssc50a1/VrtEGqGYDUh0":{"registrationId":1387247168,"currentRatchet":{"ephemeralKeyPair":{"pubKey":"BR/GKCFjyXFSHabvmVlGPN0rQarT+d2ur33ELd8aWtYv","privKey":"iLoSV1clIFd1Hjq0eDgc6OD+LTAN2vhOmh41zU4lVlM="},"lastRemoteEphemeralKey":"Bec+n25/OSJ5m8HEtmVHbTsNIHCdc5FxUMoiXNtlrmo1","previousCounter":0,"rootKey":"LH1zlFJ+xZUopSWTKBEe++cdSgwTDQD9D5LP3hYcIHM="},"indexInfo":{"baseKey":"Be2+LR0w5yYJBTnI3Mfjhzo8Ssc50a1/VrtEGqGYDUh0","baseKeyType":1,"closed":-1,"used":1724422369358,"created":1724422369358,"remoteIdentityKey":"BdItKisx71sBE86laN0gU+lZUHgEM5eavqyj7dc1ieIo"},"_chains":{"BR/GKCFjyXFSHabvmVlGPN0rQarT+d2ur33ELd8aWtYv":{"chainKey":{"counter":0,"key":"NIInbOwufgUmYgqKgd5LMzmcUJjzac+7LpIJqW1C+rQ="},"chainType":1,"messageKeys":{}}},"pendingPreKey":{"signedKeyId":5,"baseKey":"Be2+LR0w5yYJBTnI3Mfjhzo8Ssc50a1/VrtEGqGYDUh0","preKeyId":13363406}}},"version":"v1"}