{"_sessions":{"BbEHj5uMDG1KI4vuFYxJKE7hlBE0/rPU8WpNsmXiTEt6":{"registrationId":230011185,"currentRatchet":{"ephemeralKeyPair":{"pubKey":"BVEwVdTK7P0gT4maAQARZ6QBK4jDebiVidPX+cv1dMtJ","privKey":"gO2MaNIgMblgBanqTcbI3EBXz38TK21Vlix1A5KLrHw="},"lastRemoteEphemeralKey":"BdpKuQqOCQoKgnduNkgPycb6kx+RlqyPdDWr2QodUHM9","previousCounter":0,"rootKey":"tnDktdNyi6T0WfoZCmwCBU+PGpXwkAOETOYSGhaR3QY="},"indexInfo":{"baseKey":"BbEHj5uMDG1KI4vuFYxJKE7hlBE0/rPU8WpNsmXiTEt6","baseKeyType":2,"closed":-1,"used":1724422193626,"created":1724422193626,"remoteIdentityKey":"BQ490gLITU3W8n6tPl9z0UazHVvuVMPJ0PQdMZD6fuww"},"_chains":{"BdpKuQqOCQoKgnduNkgPycb6kx+RlqyPdDWr2QodUHM9":{"chainKey":{"counter":1,"key":"Vb+oyM6wkKQg12BfPb4vTltX8q99IOiVJBnNhKnRwfk="},"chainType":2,"messageKeys":{}},"BVEwVdTK7P0gT4maAQARZ6QBK4jDebiVidPX+cv1dMtJ":{"chainKey":{"counter":-1,"key":"mlFhksulS2ySOxjc5k3PPTt3XSVVGJWT54rMw89HvnM="},"chainType":1,"messageKeys":{}}}}},"version":"v1"}