{"_sessions":{"BXbXR8gnmJu/Al96LNtQfy9+MfPZsHCxD+JUAWwN/ndR":{"registrationId":872043549,"currentRatchet":{"ephemeralKeyPair":{"pubKey":"BYvAAL1oTrOocTADP71UA/pNge6YbI4aGsdHC/qEEb5S","privKey":"iF/U+/kFqBp+JGNSEF/5Hl16VDI5qk0Wg0X8W6BdtE0="},"lastRemoteEphemeralKey":"BTeyGGPzj+vU9D7ZIr6NGJHnZSm71OQ8yksV84cdJT59","previousCounter":0,"rootKey":"SBugaW20hQVmRLbEMcCqyHcgJBatqvkl6TWvShkg0bE="},"indexInfo":{"baseKey":"BXbXR8gnmJu/Al96LNtQfy9+MfPZsHCxD+JUAWwN/ndR","baseKeyType":1,"closed":-1,"used":1724422369328,"created":1724422369328,"remoteIdentityKey":"BY5tDRfowJPnFgrrP6WMJ7IskOUJNR392oxYI4yNDKVk"},"_chains":{"BYvAAL1oTrOocTADP71UA/pNge6YbI4aGsdHC/qEEb5S":{"chainKey":{"counter":0,"key":"2MZWNXS2+/EBL2YK6LVJrV4VQJUvIuU7XV+6eA9gR3M="},"chainType":1,"messageKeys":{}}},"pendingPreKey":{"signedKeyId":1,"baseKey":"BXbXR8gnmJu/Al96LNtQfy9+MfPZsHCxD+JUAWwN/ndR","preKeyId":637}}},"version":"v1"}