{"_sessions":{"BSzrc/if8tfuaL842QqW24zQJ0vrSNPLS0eoKhMWN7Mx":{"registrationId":726570966,"currentRatchet":{"ephemeralKeyPair":{"pubKey":"BRNwU8PkVyD2ejytXiO8huue2EYB2gwvkKfwMeoUqnJR","privKey":"CLXA8rHL9fGu9RjXr1Wo70RW2/N60It5W9mdc5KYHk8="},"lastRemoteEphemeralKey":"BWdRKGL1pR6NYWU37tyiLUtocBCcQm5Qo3oIdLE05vwE","previousCounter":0,"rootKey":"V8X/3sj8JdoWXXxPQFP7TGxxACc8/5Y2snQn0KMHfgw="},"indexInfo":{"baseKey":"BSzrc/if8tfuaL842QqW24zQJ0vrSNPLS0eoKhMWN7Mx","baseKeyType":1,"closed":-1,"used":1724422369326,"created":1724422369326,"remoteIdentityKey":"BfGCLALqkXTQr9NaDKv9baLPYqEYPTJhYsek35uo0qgW"},"_chains":{"BRNwU8PkVyD2ejytXiO8huue2EYB2gwvkKfwMeoUqnJR":{"chainKey":{"counter":0,"key":"PqnZl6CDGpUGWn/mJ/d3u+ED4V1xWnPYyIb0oSjMh2k="},"chainType":1,"messageKeys":{}}},"pendingPreKey":{"signedKeyId":1,"baseKey":"BSzrc/if8tfuaL842QqW24zQJ0vrSNPLS0eoKhMWN7Mx"}}},"version":"v1"}