{"_sessions":{"BYX0j1Jnf/juvNrButU+th68chDz1VjESRrxLTDt9IA/":{"registrationId":1630859007,"currentRatchet":{"ephemeralKeyPair":{"pubKey":"Bdr1tjaqemuQTQD5f/ol79rn2WHWqii6NuPb/VKNx+g2","privKey":"+HWLb33lBvyao7es0dC1PO9/Hutg02FlispluLKeSHQ="},"lastRemoteEphemeralKey":"BXw8jVOb3J10n/podRxPGo2duIIgMdKHhKH/Hdxerzsr","previousCounter":0,"rootKey":"7lXJYU+OfW84Z4eK4Dd4VFJpm80+y3mOYfVCljfE6wc="},"indexInfo":{"baseKey":"BYX0j1Jnf/juvNrButU+th68chDz1VjESRrxLTDt9IA/","baseKeyType":2,"closed":-1,"used":1724422225262,"created":1724422225262,"remoteIdentityKey":"BRcOjXR9h92yORU6QMWQT44b82Mp1sBnAOk1WNsGzV8a"},"_chains":{"BXw8jVOb3J10n/podRxPGo2duIIgMdKHhKH/Hdxerzsr":{"chainKey":{"counter":0,"key":"SVSu9uFuaJlr0hGlHqKwLZX7nfqbIxgejtk7srpE7bk="},"chainType":2,"messageKeys":{}},"Bdr1tjaqemuQTQD5f/ol79rn2WHWqii6NuPb/VKNx+g2":{"chainKey":{"counter":-1,"key":"LFTeIECGZGv+lWi+c0DZnBjzIrYlSqYDOfg+9pYQUl0="},"chainType":1,"messageKeys":{}}}}},"version":"v1"}