{"_sessions":{"BdzCxspvgOCQUqTGWHnV5MXFkdWhgqbzEfyHDgBeUL1x":{"registrationId":996310193,"currentRatchet":{"ephemeralKeyPair":{"pubKey":"BXbHU7pfBrmsion2RkvwPJg6ip8bAiAggoknzrtAmYt6","privKey":"qGDgkxgtPkezWUia8NiSUjmQ8Qn4Fn+n0sS40GEizUY="},"lastRemoteEphemeralKey":"BezIQsh8pkanN+Yh6LSTWnHB4XjmXai4FcbEUxhbt7Bl","previousCounter":0,"rootKey":"dEXx1rH0JFgIR8AMuhQJ9ppS+kOKIbBSrTi90Uzan84="},"indexInfo":{"baseKey":"BdzCxspvgOCQUqTGWHnV5MXFkdWhgqbzEfyHDgBeUL1x","baseKeyType":1,"closed":-1,"used":1724422369346,"created":1724422369346,"remoteIdentityKey":"Bf9j4CHR6zy/hgOlA6mtg8owDcQECLX6sLInHsfF0ilw"},"_chains":{"BXbHU7pfBrmsion2RkvwPJg6ip8bAiAggoknzrtAmYt6":{"chainKey":{"counter":0,"key":"xp6L1b6bTGohHoG93aiTWX+BzcLM5mWxDrFvnICuM7A="},"chainType":1,"messageKeys":{}}},"pendingPreKey":{"signedKeyId":1,"baseKey":"BdzCxspvgOCQUqTGWHnV5MXFkdWhgqbzEfyHDgBeUL1x"}}},"version":"v1"}