{"_sessions":{"BVg/BkztNjxlAL4RlZ6rRmtwdYzN0PEzvVgQk+CMoaU3":{"registrationId":498704117,"currentRatchet":{"ephemeralKeyPair":{"pubKey":"BVlTgEqDeb73onOVoWug9OtQXxv+3zQRsByZf1ee6ThB","privKey":"sAVpIxW31jG/tLGfqUn6+ajDgQ4X5IB6kTYf1lI3j0Y="},"lastRemoteEphemeralKey":"BahzRWnSoz4rGyx3iI9XVB8eKIMjpcS7EPn8v9aHfaRt","previousCounter":0,"rootKey":"uI+aLJZSveTBUDIVzRreHC/z82vIAdoapio4TyNbOpg="},"indexInfo":{"baseKey":"BVg/BkztNjxlAL4RlZ6rRmtwdYzN0PEzvVgQk+CMoaU3","baseKeyType":1,"closed":-1,"used":1724422369355,"created":1724422369355,"remoteIdentityKey":"BT/nIahjC/lp7DyyIjDlQ8ZNIiUuprC6xAQeB+0P78UT"},"_chains":{"BVlTgEqDeb73onOVoWug9OtQXxv+3zQRsByZf1ee6ThB":{"chainKey":{"counter":0,"key":"MxYyggt3i6GHsEE1VP2rwjSvUdrfCn3OFQ6szmtJXqs="},"chainType":1,"messageKeys":{}}},"pendingPreKey":{"signedKeyId":15,"baseKey":"BVg/BkztNjxlAL4RlZ6rRmtwdYzN0PEzvVgQk+CMoaU3","preKeyId":6521960}}},"version":"v1"}