{"_sessions":{"BRAUvfZIz9DvxApzSqOfC0BB6V/4XiqrBTd1bDAkyQ1V":{"registrationId":71,"currentRatchet":{"ephemeralKeyPair":{"pubKey":"BdkGfrwvSC4V2EiuXzzRkHLiAcWSYnUfXscgbML1cSpI","privKey":"EGbi96c9fVsbZnAf8joT13A/rcmzLf/+hfyYmvcGk2g="},"lastRemoteEphemeralKey":"BbLbRCXqa2lEEWOu2c8EEjF5wTGkSD4DYB/VLQ5PPfYy","previousCounter":0,"rootKey":"/UPQLiy767YzrtyzT8rXNAlVprZ4gQNCh+lPoqP8x2I="},"indexInfo":{"baseKey":"BRAUvfZIz9DvxApzSqOfC0BB6V/4XiqrBTd1bDAkyQ1V","baseKeyType":1,"closed":-1,"used":1724422369320,"created":1724422369320,"remoteIdentityKey":"Bdq5yle/rjFTyZJ1MgvBKuyfXVptw3epP6dfOO/OZEkU"},"_chains":{"BdkGfrwvSC4V2EiuXzzRkHLiAcWSYnUfXscgbML1cSpI":{"chainKey":{"counter":0,"key":"CWzECZw1d2v2SRkorkzEIVV3S8Nhl2+B0IA61hg7Dw4="},"chainType":1,"messageKeys":{}}},"pendingPreKey":{"signedKeyId":1,"baseKey":"BRAUvfZIz9DvxApzSqOfC0BB6V/4XiqrBTd1bDAkyQ1V"}}},"version":"v1"}