{"_sessions":{"BfinmdEizjdj+dO5PqUAOwgkL3qBMz+xkJajsC1hQOZo":{"registrationId":1856008322,"currentRatchet":{"ephemeralKeyPair":{"pubKey":"BR1uHZf+PxBsCWao7r+HXd1OJ5c6xCKdiLGdbz655IFW","privKey":"EDAxBC3DM7O/Zq3mmm9dKRBcJYVY/3Tf/FqkVeZjsUY="},"lastRemoteEphemeralKey":"BdGFHea6cmeegFeYop+8oYagxxpXeY+DhAwVij6EXJpD","previousCounter":0,"rootKey":"MbrMwoxlddtWEQY0CZcpfuy5y6cd2VvyWX1xipJnBLw="},"indexInfo":{"baseKey":"BfinmdEizjdj+dO5PqUAOwgkL3qBMz+xkJajsC1hQOZo","baseKeyType":1,"closed":-1,"used":1724422369361,"created":1724422369361,"remoteIdentityKey":"BQWoIs0hM871hLRX8orSAW98l65aLpWPibVn9NwIbWJt"},"_chains":{"BR1uHZf+PxBsCWao7r+HXd1OJ5c6xCKdiLGdbz655IFW":{"chainKey":{"counter":0,"key":"1f60aS1N0AYO0+CqSidNv3fHYcjfGi5nmCveaIlcsCE="},"chainType":1,"messageKeys":{}}},"pendingPreKey":{"signedKeyId":0,"baseKey":"BfinmdEizjdj+dO5PqUAOwgkL3qBMz+xkJajsC1hQOZo","preKeyId":10913980}}},"version":"v1"}