{"_sessions":{"BRzQasLX242DlnFnSf7HicXTMIJrDgdRk231f7ff6zRe":{"registrationId":305732680,"currentRatchet":{"ephemeralKeyPair":{"pubKey":"BbXhIBmJK4aCDXXgMN3LY1tKtXqUR+aNHhitqW9D9TQO","privKey":"6M+2ouy0adwHrmc5BOqhqeb2qA6PRRiHzw6lEZbU8E0="},"lastRemoteEphemeralKey":"BeBHAwRqW8GICDS8Pz0UKfV6qaM876OckHwvpv/EzTkh","previousCounter":0,"rootKey":"ObECh7m38op+PbNuzh2k6oNFkXMQrZgL6Z4MAKMgCpw="},"indexInfo":{"baseKey":"BRzQasLX242DlnFnSf7HicXTMIJrDgdRk231f7ff6zRe","baseKeyType":1,"closed":-1,"used":1724422369342,"created":1724422369342,"remoteIdentityKey":"BTZetWo2rV9hzsBYlll8TXEn/eCsJb7CdlKhfqLW8a5z"},"_chains":{"BbXhIBmJK4aCDXXgMN3LY1tKtXqUR+aNHhitqW9D9TQO":{"chainKey":{"counter":0,"key":"AEms4n3/3l/QHy77VAMX7wk3+LAS/IX967mlCrrRaWw="},"chainType":1,"messageKeys":{}}},"pendingPreKey":{"signedKeyId":13,"baseKey":"BRzQasLX242DlnFnSf7HicXTMIJrDgdRk231f7ff6zRe","preKeyId":16520592}}},"version":"v1"}