{"_sessions":{"BX/lBwkHS27SeP+WxMxBKODIOU4kKXhr6Gz5pQ17gfR+":{"registrationId":1670944792,"currentRatchet":{"ephemeralKeyPair":{"pubKey":"BZ3kl6EABQFaI2rIo4OlI4UyawEFc4OLl54TpPSA3TpO","privKey":"AE9v2kDo5QRpw8UOADtB5QENq5Lw7anJ8llIpAPgE2o="},"lastRemoteEphemeralKey":"BQLDY9eyHO7EqO1P+zonukawje/2Cy/QD8d8TV4ps9M3","previousCounter":0,"rootKey":"PpLD07yyaNW0DoKKGjVhfRVdfEGcO7+6ZzPj/+BCm5A="},"indexInfo":{"baseKey":"BX/lBwkHS27SeP+WxMxBKODIOU4kKXhr6Gz5pQ17gfR+","baseKeyType":1,"closed":-1,"used":1724422369359,"created":1724422369359,"remoteIdentityKey":"BYwzP1Hu9H/X6xmiaGOrw00hGG/aR82LD9uiNf+Ut4wv"},"_chains":{"BZ3kl6EABQFaI2rIo4OlI4UyawEFc4OLl54TpPSA3TpO":{"chainKey":{"counter":0,"key":"V131VEjq6O02m6yBJ/vwRJTyx87uSXJA20U+pQnNjZM="},"chainType":1,"messageKeys":{}}},"pendingPreKey":{"signedKeyId":12,"baseKey":"BX/lBwkHS27SeP+WxMxBKODIOU4kKXhr6Gz5pQ17gfR+","preKeyId":6316390}}},"version":"v1"}