{"_sessions":{"BYUkqpZZ4Udif6hXCRAL6GxlNuI9PIawQziqY5+sbSVY":{"registrationId":499903604,"currentRatchet":{"ephemeralKeyPair":{"pubKey":"Ba+M5AeAk/iElCSOq3XvYx7wJmow/K+bZCFrReDQG4xD","privKey":"6GwDHSCgycd+CphbvfkY9HGE/43rgV2a89izL/X7lWg="},"lastRemoteEphemeralKey":"Bf5ojUz4fT9OkzrxHSwfgOj4JmEuoKsGrNuWbPJaC8J2","previousCounter":0,"rootKey":"wtCxHpj1LJJDMvN6Xzb72EHckIxyG471upq0uU779e4="},"indexInfo":{"baseKey":"BYUkqpZZ4Udif6hXCRAL6GxlNuI9PIawQziqY5+sbSVY","baseKeyType":1,"closed":-1,"used":1724422369338,"created":1724422369338,"remoteIdentityKey":"BYEJaf6YTrRwtFO624fNmqU+QGRum0NSZKTwSYMokc0g"},"_chains":{"Ba+M5AeAk/iElCSOq3XvYx7wJmow/K+bZCFrReDQG4xD":{"chainKey":{"counter":1,"key":"08pH12rFEyhl/PihDkR+NPAL7ysGkKaMQ+RqHwh46w4="},"chainType":1,"messageKeys":{}}},"pendingPreKey":{"signedKeyId":0,"baseKey":"BYUkqpZZ4Udif6hXCRAL6GxlNuI9PIawQziqY5+sbSVY","preKeyId":2775191}}},"version":"v1"}