{"_sessions":{"BSZRxmOtCZDBmCM7Ua5KIzX13bpmBY4apMec/HGopYQ9":{"registrationId":702533557,"currentRatchet":{"ephemeralKeyPair":{"pubKey":"BWyH41gwpQvlJiUZobomDNTgebuEY8kePcxBhCxpfiEV","privKey":"mE3C01EBl/c1kEIdVjhbu98F6P7vRKHXj3ZQuE+KEmE="},"lastRemoteEphemeralKey":"BSl+8LpQfFu5vcz84rtpw0Z+CQYL2izf9Ng2slWM8FlJ","previousCounter":0,"rootKey":"JkgNsTRHKnFYSq2KkjClDxfB9+FXDTolihT+7rysO1M="},"indexInfo":{"baseKey":"BSZRxmOtCZDBmCM7Ua5KIzX13bpmBY4apMec/HGopYQ9","baseKeyType":1,"closed":-1,"used":1724422369331,"created":1724422369331,"remoteIdentityKey":"BRK9otMEe5ODc6aP9eP8e8KuffNeBOtmmm3eCmQ4DB4+"},"_chains":{"BWyH41gwpQvlJiUZobomDNTgebuEY8kePcxBhCxpfiEV":{"chainKey":{"counter":0,"key":"yKacr9tI3NAYOTU8tUtHwRh5kTbdpWVKCGE8s3HO2Vo="},"chainType":1,"messageKeys":{}}},"pendingPreKey":{"signedKeyId":0,"baseKey":"BSZRxmOtCZDBmCM7Ua5KIzX13bpmBY4apMec/HGopYQ9","preKeyId":13503323}}},"version":"v1"}