{"_sessions":{"BZFR529top6+gbn/7Um6v0geCqHDhZNe2/TGZyVWWZBJ":{"registrationId":1745405410,"currentRatchet":{"ephemeralKeyPair":{"pubKey":"BccAhEeTmIqs59hxiftUcj2l/lF48LJBde0bliVV8fxJ","privKey":"uD3zFzvngN+rMj7KCk023DFii/KTPi/YFHjq5fGLPFA="},"lastRemoteEphemeralKey":"BQ1hTuX2dBRNdOhwT4yQnqiq6J62syLxuluUNk/psv5j","previousCounter":0,"rootKey":"+H1uBs4rHNsFXTKkuq3U5qLusWJQQtmwWEHfGNGh/kU="},"indexInfo":{"baseKey":"BZFR529top6+gbn/7Um6v0geCqHDhZNe2/TGZyVWWZBJ","baseKeyType":2,"closed":-1,"used":1724422302250,"created":1724422302250,"remoteIdentityKey":"BVCkJVRNgVinb9cQk4Nk5qpnkzo4pElHceUdmR8devFB"},"_chains":{"BQ1hTuX2dBRNdOhwT4yQnqiq6J62syLxuluUNk/psv5j":{"chainKey":{"counter":2,"key":"oiFB++l+bYwdX2uL+K6jyg3tIN6O6zTknK6dhGPuRTk="},"chainType":2,"messageKeys":{"1":"jxsmo8B1lITHbKbrOJxfoA6745Gm44f69Vo6kU5CcUM="}},"BccAhEeTmIqs59hxiftUcj2l/lF48LJBde0bliVV8fxJ":{"chainKey":{"counter":-1,"key":"PDjnoxIPhCvvpYHMlKTylA415wLjr0YT5n+XvXOHY+4="},"chainType":1,"messageKeys":{}}}}},"version":"v1"}