{"_sessions":{"BWDX/OMPdtfYqHhZgca8dU+ZcGriKiZ43qmt08USO/8e":{"registrationId":187,"currentRatchet":{"ephemeralKeyPair":{"pubKey":"BXTxDHKw4jHhDd3JjAe3cEnHl93g74FFNfIJWU/CxnZ2","privKey":"iBELj+GDfafPv4P8M/peRh9B8Y6IlvSfc+qHsLfL1WY="},"lastRemoteEphemeralKey":"BWO9wpMd2F27FapTvQwrIcXvUsvikPQbzkS5mbNTmas5","previousCounter":0,"rootKey":"Cx6sUTMSUMY4TfLwkulImCC6nVuMD2AV1zIENRKa94w="},"indexInfo":{"baseKey":"BWDX/OMPdtfYqHhZgca8dU+ZcGriKiZ43qmt08USO/8e","baseKeyType":1,"closed":-1,"used":1724422369319,"created":1724422369319,"remoteIdentityKey":"BWi+jhsfIZgBdrP4odrv5+lFc8IDuRpw27Nv0Uj0bkBZ"},"_chains":{"BXTxDHKw4jHhDd3JjAe3cEnHl93g74FFNfIJWU/CxnZ2":{"chainKey":{"counter":0,"key":"v8V5l+MF/hrd+r6IWlXn46mNAEVxfyjMr4pHtJ/v5cE="},"chainType":1,"messageKeys":{}}},"pendingPreKey":{"signedKeyId":1,"baseKey":"BWDX/OMPdtfYqHhZgca8dU+ZcGriKiZ43qmt08USO/8e","preKeyId":50}}},"version":"v1"}