{"_sessions":{"BVkygi6ix6auV5EQ8hl0h3YOGa5fZlzUcA69S+ULYesk":{"registrationId":32,"currentRatchet":{"ephemeralKeyPair":{"pubKey":"BSoHtq1e8uhdoqPh4HdoRe6xUolqiTWCyLE3xNDJqJkN","privKey":"UMZHk+I/z8G0VMjfnA1WdPgPfVZ8QQu75VOv1MenZU4="},"lastRemoteEphemeralKey":"BfyI8azyhM8XbW0Q+nDjuHMzNd5OTK+mXYQVTjnTgCxd","previousCounter":0,"rootKey":"wX0g4wFg5s8DlFBvuClSB/GbTePdswd4rYVeZdpp38w="},"indexInfo":{"baseKey":"BVkygi6ix6auV5EQ8hl0h3YOGa5fZlzUcA69S+ULYesk","baseKeyType":1,"closed":-1,"used":1724422369324,"created":1724422369324,"remoteIdentityKey":"BfkMROxhobvqs4WZBKu4l2ShFI1GNXkeLg0QlC9kcTp/"},"_chains":{"BSoHtq1e8uhdoqPh4HdoRe6xUolqiTWCyLE3xNDJqJkN":{"chainKey":{"counter":0,"key":"wGj0eAQ0Av+zwEconERAeqFv+mHkehDrJ2RZMqgv5IE="},"chainType":1,"messageKeys":{}}},"pendingPreKey":{"signedKeyId":1,"baseKey":"BVkygi6ix6auV5EQ8hl0h3YOGa5fZlzUcA69S+ULYesk"}}},"version":"v1"}