{"_sessions":{"BfW8KbJauZrGMypNfkmLUjA37uv444JDrs2dw1OK6fEx":{"registrationId":788811559,"currentRatchet":{"ephemeralKeyPair":{"pubKey":"BRdzNms64rwVqD4gvclFDHmNCQqGWElZb8SEj+PxMotU","privKey":"sNuyGik+TEfWP6ecV+Og0B8+ozq6hmCRZF7atG8uR2k="},"lastRemoteEphemeralKey":"BT+VR0px+BesSnKntW0EA1oxjpPdZ4MXzIEbePygQQRW","previousCounter":0,"rootKey":"1mG2QCm0oNlXJPK2P6nWdZ5REfw7DN1TUoxQZvcac2A="},"indexInfo":{"baseKey":"BfW8KbJauZrGMypNfkmLUjA37uv444JDrs2dw1OK6fEx","baseKeyType":1,"closed":-1,"used":1724422369362,"created":1724422369362,"remoteIdentityKey":"BSxdNm6mhwxGQscfNNfTYGvtpvVPb1mrmnUwlJkAstF1"},"_chains":{"BRdzNms64rwVqD4gvclFDHmNCQqGWElZb8SEj+PxMotU":{"chainKey":{"counter":0,"key":"0J0BS3UBT8jOHLikQqIstpC+Q/jhusSZbgfilBVWlyo="},"chainType":1,"messageKeys":{}}},"pendingPreKey":{"signedKeyId":0,"baseKey":"BfW8KbJauZrGMypNfkmLUjA37uv444JDrs2dw1OK6fEx"}}},"version":"v1"}