{"_sessions":{"BeHjUsAmy+0z0ul5nwtUcZDqYR3aWJs+j1248Z0PD8x7":{"registrationId":1992027639,"currentRatchet":{"ephemeralKeyPair":{"pubKey":"BZZ/KuvPK7GFP6yxvn+aPAtGT07J+yS3WSm76R5jqDtT","privKey":"4DqH6Z9gCnp1htLfvv7Z2VImHXlpUGpfqwD/fAcgXUc="},"lastRemoteEphemeralKey":"BZobGxyHSthMqQI6ombCpEab6FVQ5hvE9D1mCByYFKot","previousCounter":0,"rootKey":"pJC+2VXheItkcON4NTxmFyRLIAOXVUiLkrghoTsYDXs="},"indexInfo":{"baseKey":"BeHjUsAmy+0z0ul5nwtUcZDqYR3aWJs+j1248Z0PD8x7","baseKeyType":1,"closed":-1,"used":1724422369361,"created":1724422369361,"remoteIdentityKey":"BcFIXuVfzrJBOAa+UNbLM39zF1L8KPjPNVk363WvScxc"},"_chains":{"BZZ/KuvPK7GFP6yxvn+aPAtGT07J+yS3WSm76R5jqDtT":{"chainKey":{"counter":0,"key":"fFITUf7wf/8jNllFqpax+PiAVMmAzdjrQYmL3c5E6s4="},"chainType":1,"messageKeys":{}}},"pendingPreKey":{"signedKeyId":81,"baseKey":"BeHjUsAmy+0z0ul5nwtUcZDqYR3aWJs+j1248Z0PD8x7","preKeyId":2559959}}},"version":"v1"}