{"_sessions":{"BdwmdE7SUKc85/l0aSzh3pgCFlUURxwcQyGzMON3IwYF":{"registrationId":1636559031,"currentRatchet":{"ephemeralKeyPair":{"pubKey":"BXCJ7JhrKddRLpf+KNdfbZSf6pDmSTNOElV7IaTnFUk/","privKey":"yFkInRq80RUxMcGm7TkY1TEJEuOgQxU+GG6RucfyDls="},"lastRemoteEphemeralKey":"BecJ3fp4wHaiYDnIy4R+aORilTpjU1hAotxAsSOsqVBy","previousCounter":0,"rootKey":"6xDUHAabGEz1E3tc87Zy7UguibepmKTmnh9Jcyu1kus="},"indexInfo":{"baseKey":"BdwmdE7SUKc85/l0aSzh3pgCFlUURxwcQyGzMON3IwYF","baseKeyType":1,"closed":-1,"used":1724422369327,"created":1724422369327,"remoteIdentityKey":"BXV6ptnnMWvVb9ocR8Y9mmsqGcfX+qvWhXkXPLk/2NZg"},"_chains":{"BXCJ7JhrKddRLpf+KNdfbZSf6pDmSTNOElV7IaTnFUk/":{"chainKey":{"counter":0,"key":"AJEBDePc/j6jKt1ZdM7CRTUjdke0c9FucTSbOemsneA="},"chainType":1,"messageKeys":{}}},"pendingPreKey":{"signedKeyId":2,"baseKey":"BdwmdE7SUKc85/l0aSzh3pgCFlUURxwcQyGzMON3IwYF"}}},"version":"v1"}