{"_sessions":{"BQ7GQMTkCup9JkR1Hn3LAN9L3ff9qhltkaXo7RqUBipU":{"registrationId":1990219739,"currentRatchet":{"ephemeralKeyPair":{"pubKey":"BcmTKZOya+v2vGfzhtRCpkTSuPtWU76MHxXZLVZD+yMK","privKey":"QOBMXGquZEBrtW/EbpZTg8UPx4mxQ2+snkDS2fNWmXE="},"lastRemoteEphemeralKey":"BZTjFObubo8yo6JIyO+rh5cKkhv3+lp1lJjFATcUO5IU","previousCounter":0,"rootKey":"2C+VlSborWDjiWwIb7MJ3SYSMtzYsNvqg+wa15d/tIY="},"indexInfo":{"baseKey":"BQ7GQMTkCup9JkR1Hn3LAN9L3ff9qhltkaXo7RqUBipU","baseKeyType":1,"closed":-1,"used":1724422369356,"created":1724422369356,"remoteIdentityKey":"BRQaTd1tBgy1sY+k4YhcIn7WHQLtNCtWo6CSqGyglw48"},"_chains":{"BcmTKZOya+v2vGfzhtRCpkTSuPtWU76MHxXZLVZD+yMK":{"chainKey":{"counter":0,"key":"1XVE7SQWT4aDXKiJTEKaO0xq0ZBGaKQsFWRAdpGr5HM="},"chainType":1,"messageKeys":{}}},"pendingPreKey":{"signedKeyId":5,"baseKey":"BQ7GQMTkCup9JkR1Hn3LAN9L3ff9qhltkaXo7RqUBipU","preKeyId":14978769}}},"version":"v1"}