{"_sessions":{"Bej3WB27UCKFYxak0s+5W8C2Q8V45wnZFdaTZueWt8EH":{"registrationId":249032150,"currentRatchet":{"ephemeralKeyPair":{"pubKey":"BY5/Gfo2bcWI3NQQvZRsYuRhYqdaYFWtmzFJEhNlBc4J","privKey":"qNCdmnJsUSJB4EO0Guw5GRVs6JuBn9WYTL+bNOjH9U0="},"lastRemoteEphemeralKey":"BYp+eeBOWB8ZMDx74KpTSXqSAYAwwd3SGfvnJny2Nacs","previousCounter":0,"rootKey":"hkRoAUugyGH1rHCyDb07Bj9TFzHg6PQzwS1mL7/TXOE="},"indexInfo":{"baseKey":"Bej3WB27UCKFYxak0s+5W8C2Q8V45wnZFdaTZueWt8EH","baseKeyType":1,"closed":-1,"used":1724422369355,"created":1724422369355,"remoteIdentityKey":"BR+GHNdBvJDytUxgXChoWb26UMvJORoEhyiPkDVrOf43"},"_chains":{"BY5/Gfo2bcWI3NQQvZRsYuRhYqdaYFWtmzFJEhNlBc4J":{"chainKey":{"counter":0,"key":"sqGcLIEx0f0da8ghLEp7SzlhIuIWXRCS7fR4jhj92Ic="},"chainType":1,"messageKeys":{}}},"pendingPreKey":{"signedKeyId":3,"baseKey":"Bej3WB27UCKFYxak0s+5W8C2Q8V45wnZFdaTZueWt8EH","preKeyId":12006755}}},"version":"v1"}