{"_sessions":{"BV+y6YWBfvnWAX9N+ypToG7/DlARAWc4wdnTvIdqiIRb":{"registrationId":333512962,"currentRatchet":{"ephemeralKeyPair":{"pubKey":"BUL1e9CtrNvqFrCZizdRT731bCCTqT1DUbhwgr2KW2N0","privKey":"eGdFkq5abRKfXX0jB2joLm3leXSmzjvfFOcFgfakAmU="},"lastRemoteEphemeralKey":"BcG0IczDU1bPY1KWg/QIz2SVSuZdZRscZoeUB7HWbjtV","previousCounter":0,"rootKey":"yBT2/4bF5FE97N2JbrWS8cp8+xCGwZCWg7v18OY13mo="},"indexInfo":{"baseKey":"BV+y6YWBfvnWAX9N+ypToG7/DlARAWc4wdnTvIdqiIRb","baseKeyType":1,"closed":-1,"used":1724423343375,"created":1724422369344,"remoteIdentityKey":"BbkGVi1Y29K/oPOWeo+P/rHDjq/zURnr3bekoshqrCF3"},"_chains":{"BcG0IczDU1bPY1KWg/QIz2SVSuZdZRscZoeUB7HWbjtV":{"chainKey":{"counter":0,"key":"wqjmASglsmmrbXCKlx6fiKCV/AdvnhLzi99cNK1RTUE="},"chainType":2,"messageKeys":{}},"BUL1e9CtrNvqFrCZizdRT731bCCTqT1DUbhwgr2KW2N0":{"chainKey":{"counter":-1,"key":"wymmuy8xb+f4pG7iJ1Q2Hcy7nxCgyn/8xP0NQUBtQ+I="},"chainType":1,"messageKeys":{}}}}},"version":"v1"}