{"_sessions":{"BUGjHClY+OQ9NLoli7M6FElMV8RYcPb4RIxoEL6oNcFu":{"registrationId":1282846957,"currentRatchet":{"ephemeralKeyPair":{"pubKey":"Be3nqhK0dvan26ys6Vslmnp4FcFjV9+UrLtrW/ibRwNE","privKey":"aHDF3BrzrZBH2MFyteRzZjG/80HhjlJCkSOUDLf+y10="},"lastRemoteEphemeralKey":"BRFeKHkFx60y4/u3kGBgNXtXRJGx17TzKsZNd9uvBIM6","previousCounter":0,"rootKey":"DzoLhDQTkbWEoENMiKS8l/lOKtYVaKYSWrzWqNYgh1c="},"indexInfo":{"baseKey":"BUGjHClY+OQ9NLoli7M6FElMV8RYcPb4RIxoEL6oNcFu","baseKeyType":1,"closed":-1,"used":1724422369357,"created":1724422369357,"remoteIdentityKey":"Bep7mSS6pmJjxEDQfycBo0fhPVxxDiMAzVVXNMJz0qI4"},"_chains":{"Be3nqhK0dvan26ys6Vslmnp4FcFjV9+UrLtrW/ibRwNE":{"chainKey":{"counter":0,"key":"G82qcR8MH6Tkv29IPU5XCjRTq/WCBIPzspPBOsVnrB4="},"chainType":1,"messageKeys":{}}},"pendingPreKey":{"signedKeyId":1,"baseKey":"BUGjHClY+OQ9NLoli7M6FElMV8RYcPb4RIxoEL6oNcFu","preKeyId":4587076}}},"version":"v1"}