{"_sessions":{"BWu2/cy9TaHLOzHABuAq5ajRp5DpxLd0toTSH+Hgj4hk":{"registrationId":232,"currentRatchet":{"ephemeralKeyPair":{"pubKey":"BUsOF8+Anz/aJOjkq9OcetdkZGU2BOziwlaskilE9McF","privKey":"EIwK2jYoLrAA1B6TSl5SOW8dMR2xKTuXh+AU4TCfMl4="},"lastRemoteEphemeralKey":"BfB1Ywn4Sd9nvIKmuU82aLrxoT8nTyxEaUqBasK2yWos","previousCounter":0,"rootKey":"+t3n3K3dwyA802sWj0/+syVqLeIx6NtV/gB8c08xWQo="},"indexInfo":{"baseKey":"BWu2/cy9TaHLOzHABuAq5ajRp5DpxLd0toTSH+Hgj4hk","baseKeyType":1,"closed":-1,"used":1724422369315,"created":1724422369315,"remoteIdentityKey":"Be0iHQSb5yYiSysY4y4D2GEDA5RHDH5Z5bsoYzlFdzVO"},"_chains":{"BUsOF8+Anz/aJOjkq9OcetdkZGU2BOziwlaskilE9McF":{"chainKey":{"counter":0,"key":"sbqzrG2WSLzDwS9ikugpImDGGh3UhZuMtROLzvxFJpk="},"chainType":1,"messageKeys":{}}},"pendingPreKey":{"signedKeyId":1,"baseKey":"BWu2/cy9TaHLOzHABuAq5ajRp5DpxLd0toTSH+Hgj4hk"}}},"version":"v1"}