{"_sessions":{"BSI5YltLnUtiYohoRyOhQocPsc3u2YDK/YUQtsE2X8JR":{"registrationId":139021412,"currentRatchet":{"ephemeralKeyPair":{"pubKey":"BR4PQ5UjfF2oe5uYh3vtssacZjznErjnnhSnAmlPlCZ+","privKey":"cEzcVwAruiUb0P5J6uoIz4Jjt5wV1Nxo9G5VKncEJmQ="},"lastRemoteEphemeralKey":"BbWWleS6zy9ehJqmII8evxKUq7Vy0k6QUcjtxBDORXVD","previousCounter":0,"rootKey":"tYRU2GajZm5aG8zc0+3eLxz5DGw6ECPFb2o+HagyBG0="},"indexInfo":{"baseKey":"BSI5YltLnUtiYohoRyOhQocPsc3u2YDK/YUQtsE2X8JR","baseKeyType":1,"closed":-1,"used":1724422369339,"created":1724422369339,"remoteIdentityKey":"BbukU+Mq69nLEALULcQinFT/YWT/UGikwFJ8Hb9gV54E"},"_chains":{"BR4PQ5UjfF2oe5uYh3vtssacZjznErjnnhSnAmlPlCZ+":{"chainKey":{"counter":0,"key":"LjALEW9GRb4+Yu7mkTlYCxjwxfmwq4KybQVvyEAA7rc="},"chainType":1,"messageKeys":{}}},"pendingPreKey":{"signedKeyId":1,"baseKey":"BSI5YltLnUtiYohoRyOhQocPsc3u2YDK/YUQtsE2X8JR","preKeyId":7201878}}},"version":"v1"}