{"_sessions":{"Baol50DwPzTnJQSSgn+LBJ1qcP1gsvGyFJkcGoEqNSIM":{"registrationId":359509374,"currentRatchet":{"ephemeralKeyPair":{"pubKey":"BRdtVXBupfFPBpzfnwEgpqodu3WsO6VeAU0FkkC3BFIA","privKey":"eObbbGpC+LnHEZQS9bK2a49kCBxSPyK1Q6pOm13kHXg="},"lastRemoteEphemeralKey":"BStV+39cGVFBjEmO2xOzRgBFhxJxh12KaArpdSrvjyAM","previousCounter":0,"rootKey":"ZG8hTJhyVbSURwa/VXGeKNJzL0w+BKj/ZUZf/ye3dRg="},"indexInfo":{"baseKey":"Baol50DwPzTnJQSSgn+LBJ1qcP1gsvGyFJkcGoEqNSIM","baseKeyType":1,"closed":-1,"used":1724422369345,"created":1724422369345,"remoteIdentityKey":"BT8ceebIaurzwUrzckrF0xnQ6webvRMhzNioJvZ0DTEn"},"_chains":{"BRdtVXBupfFPBpzfnwEgpqodu3WsO6VeAU0FkkC3BFIA":{"chainKey":{"counter":0,"key":"bHUu4hbITySkCyhRqtEssnhLp2csbGN+9FT+ns2X4h4="},"chainType":1,"messageKeys":{}}},"pendingPreKey":{"signedKeyId":10,"baseKey":"Baol50DwPzTnJQSSgn+LBJ1qcP1gsvGyFJkcGoEqNSIM","preKeyId":10991805}}},"version":"v1"}