{"_sessions":{"BVCuwQAM90N4YXWMboN7PlpWw2AHlT7+x5Lt51ACoVNM":{"registrationId":409092548,"currentRatchet":{"ephemeralKeyPair":{"pubKey":"BY54JqXhzDVLRReb9hkmLgZ+nDB/bzn9Be6g6Ll19xQv","privKey":"kKL+EtKbZuYqvsup02wE4AwvwlbsR44j+Ie1OvPs3Vw="},"lastRemoteEphemeralKey":"Beia+YYHEiEDCMRxOFQqCEKGucyiwp64oPnXPWOO/0BQ","previousCounter":0,"rootKey":"UOVKoCmgKgMNUrk97jRnklCC/5nvksePIrqM5Qd8fXI="},"indexInfo":{"baseKey":"BVCuwQAM90N4YXWMboN7PlpWw2AHlT7+x5Lt51ACoVNM","baseKeyType":1,"closed":-1,"used":1724422369354,"created":1724422369354,"remoteIdentityKey":"BaHRVcgKbybxd2CT4fwE/SGbsIkMkZiZKmhCJ2kM51Uu"},"_chains":{"BY54JqXhzDVLRReb9hkmLgZ+nDB/bzn9Be6g6Ll19xQv":{"chainKey":{"counter":0,"key":"M6wt/n3pE5KDSlRLbajfCpP0Ey3b2ywdHMUuEhbARxM="},"chainType":1,"messageKeys":{}}},"pendingPreKey":{"signedKeyId":3,"baseKey":"BVCuwQAM90N4YXWMboN7PlpWw2AHlT7+x5Lt51ACoVNM","preKeyId":6252994}}},"version":"v1"}