{"_sessions":{"BXWOTUZa6Iz3K7hKHjg1We5CVlneXgn6yGv5jpkGAidk":{"registrationId":300312845,"currentRatchet":{"ephemeralKeyPair":{"pubKey":"BYHgEhqkQUK2qSIPj3CM4tpilTEFpcQxaFze5uy7XoZr","privKey":"cNHmj5EoAm2txM8CS6K4i0Wcl+HOBJMv/MJIGNFeaUQ="},"lastRemoteEphemeralKey":"BWSjk87xjhMucETpUqtC5HUsNw10YENOKsAJUrPObSZ1","previousCounter":0,"rootKey":"ohgsTw9PMdsMQ7a0WAzSqzKyk5Hss3ljnrUK87BaagY="},"indexInfo":{"baseKey":"BXWOTUZa6Iz3K7hKHjg1We5CVlneXgn6yGv5jpkGAidk","baseKeyType":1,"closed":-1,"used":1724422369366,"created":1724422369366,"remoteIdentityKey":"BbUNR6LxvxfheEsW5lJH4SHKFN4RMePrSYOv/lqjggRr"},"_chains":{"BYHgEhqkQUK2qSIPj3CM4tpilTEFpcQxaFze5uy7XoZr":{"chainKey":{"counter":0,"key":"M7ymqGkNRlzDalGLzhOoJKSXCc7Bhwj7FnmFwu0a7oc="},"chainType":1,"messageKeys":{}}},"pendingPreKey":{"signedKeyId":0,"baseKey":"BXWOTUZa6Iz3K7hKHjg1We5CVlneXgn6yGv5jpkGAidk","preKeyId":4068448}}},"version":"v1"}