{"_sessions":{"BRFleNo3RPLG7IR9f8QrmNSVnjE+44fo9gx6SItKMLRl":{"registrationId":360180859,"currentRatchet":{"ephemeralKeyPair":{"pubKey":"Bdl52dctXO/u0sng4PJyd359XIoJqljLmq9u7AwthJdp","privKey":"eDuad6aRavBeejVEExg4IWii1WpgUsQNRi44GV2QsGU="},"lastRemoteEphemeralKey":"BQXehaI7uj9UINlkjCb/UjEaPdgxrinvYVM34vSeV1gp","previousCounter":0,"rootKey":"QgSLmGk3pSUPP4n/ijlAm4j7QqAxKpIETX5N03qPPoY="},"indexInfo":{"baseKey":"BRFleNo3RPLG7IR9f8QrmNSVnjE+44fo9gx6SItKMLRl","baseKeyType":1,"closed":-1,"used":1724422369366,"created":1724422369366,"remoteIdentityKey":"BTo5BS0JiCs2fXr4NevFpeBXrx6fWasIe5YfWctvKYwo"},"_chains":{"Bdl52dctXO/u0sng4PJyd359XIoJqljLmq9u7AwthJdp":{"chainKey":{"counter":0,"key":"czQPwuQTamwjUjQORccMqrTypOW0ap7MO0JAyiSLaek="},"chainType":1,"messageKeys":{}}},"pendingPreKey":{"signedKeyId":10,"baseKey":"BRFleNo3RPLG7IR9f8QrmNSVnjE+44fo9gx6SItKMLRl","preKeyId":13626094}}},"version":"v1"}