{"_sessions":{"Beu1vV93jTJktxRGlnU0EfMgRIpgWjbHdYPO4ty2u98C":{"registrationId":1637242329,"currentRatchet":{"ephemeralKeyPair":{"pubKey":"BRy5R/45tZeN94fnv8TQUO5WImqgj8nR5kQ5vBxkfjdO","privKey":"UN682DmgDCMOYtLDMjOYUyaSAVv03G02UK4BdbhW/Fk="},"lastRemoteEphemeralKey":"BRSkUFoyqxyfHHTSq+EbuDTpD1gUsrPonUm95WctZeVa","previousCounter":0,"rootKey":"Mnk0HMrrUvPfulZBmFlmJJUKGumaPSexRspVibZEcMM="},"indexInfo":{"baseKey":"Beu1vV93jTJktxRGlnU0EfMgRIpgWjbHdYPO4ty2u98C","baseKeyType":1,"closed":-1,"used":1724422369341,"created":1724422369341,"remoteIdentityKey":"BQDDkyUh3mqYv0+6isbaRzG9gWq0c1E4fwVK2BXoD1l+"},"_chains":{"BRy5R/45tZeN94fnv8TQUO5WImqgj8nR5kQ5vBxkfjdO":{"chainKey":{"counter":0,"key":"4kDUJ7g3vQAlmFZd/MQbGkS58uieTfZVDfcWgkXyxXI="},"chainType":1,"messageKeys":{}}},"pendingPreKey":{"signedKeyId":16,"baseKey":"Beu1vV93jTJktxRGlnU0EfMgRIpgWjbHdYPO4ty2u98C","preKeyId":13651706}}},"version":"v1"}