{"_sessions":{"BabWM78+KrBVZ4medp9fm27UGse8K8VmP9DWX4NW909D":{"registrationId":1276044295,"currentRatchet":{"ephemeralKeyPair":{"pubKey":"BYkhoif3CxIquK4SHdqFC0E1kHEZsF+8V/EHFfWeSJoR","privKey":"WHpB7thHVRjsd38rVVRzgOs29NmOUlvacN1EWGjdY2Y="},"lastRemoteEphemeralKey":"BRU7gwjswgwWT280OE41XvkBZ7AltcmDyFlPwvUYapcy","previousCounter":0,"rootKey":"RdHWT6xnT1KJhADoP95utCAiki9rmWUW+1CiiT2l1HU="},"indexInfo":{"baseKey":"BabWM78+KrBVZ4medp9fm27UGse8K8VmP9DWX4NW909D","baseKeyType":1,"closed":-1,"used":1724422369333,"created":1724422369333,"remoteIdentityKey":"BdjR5aZVO/V44S2dhZTQNFwb6gSpWMkQOMdDueXHYoMG"},"_chains":{"BYkhoif3CxIquK4SHdqFC0E1kHEZsF+8V/EHFfWeSJoR":{"chainKey":{"counter":0,"key":"8LKlZpXrA3IuN8Wuz6bwfFDwgYJPxEWVrQJ4zaYXwr0="},"chainType":1,"messageKeys":{}}},"pendingPreKey":{"signedKeyId":2,"baseKey":"BabWM78+KrBVZ4medp9fm27UGse8K8VmP9DWX4NW909D","preKeyId":4736614}}},"version":"v1"}