{"_sessions":{"BXiYXJJnoYRDntwEwIVask7AGOL23vlwwOHAn7DblJQ2":{"registrationId":205838721,"currentRatchet":{"ephemeralKeyPair":{"pubKey":"BbXtgIsvc+3FQbGk1idDvkZKg+FceLbTJDC99X1L01Av","privKey":"wBCeldwIb63irVwxW0Ceze2JFJUfQ27zm/eLrfpqy2g="},"lastRemoteEphemeralKey":"BTFH7OiOamyKq5T1O6dQTDmkm1USznLx6NY0bIUWvytt","previousCounter":0,"rootKey":"EO+aqtQBEtuE3pwPQkzx3v5br4KiPx00srYkG6yhE1c="},"indexInfo":{"baseKey":"BXiYXJJnoYRDntwEwIVask7AGOL23vlwwOHAn7DblJQ2","baseKeyType":1,"closed":-1,"used":1724422369347,"created":1724422369347,"remoteIdentityKey":"Bf+AnuhMJbiNnzgDF06W+eE7dE576wLdAL+EY61pYJAd"},"_chains":{"BbXtgIsvc+3FQbGk1idDvkZKg+FceLbTJDC99X1L01Av":{"chainKey":{"counter":0,"key":"QSqXWspq7/GkBLP/nu8H80L12xz7owPor2stZPIrFOI="},"chainType":1,"messageKeys":{}}},"pendingPreKey":{"signedKeyId":3,"baseKey":"BXiYXJJnoYRDntwEwIVask7AGOL23vlwwOHAn7DblJQ2","preKeyId":6672599}}},"version":"v1"}