{"_sessions":{"Ba/LykuPT6+hkxYjVdtOOUvp4sTKHYqLbz4vqLNOZPty":{"registrationId":1882485703,"currentRatchet":{"ephemeralKeyPair":{"pubKey":"BcWS8K0dTIO1i4IHH+4WQP5tz8KPn0FFH1bDh3awmxso","privKey":"QOCIeER9pM+lWjSkuzYpQnJ0mGlVcc00qEiRfoDod0I="},"lastRemoteEphemeralKey":"BfeGQ/S+qfA6MFiBa9vnR/aZzrNH/2/DfzJpZ8QlRVsI","previousCounter":0,"rootKey":"md/xOmdu6v5epE+jDuXPaqMtBNko5nzZMEfOWacn8AU="},"indexInfo":{"baseKey":"Ba/LykuPT6+hkxYjVdtOOUvp4sTKHYqLbz4vqLNOZPty","baseKeyType":2,"closed":-1,"used":1724422404364,"created":1724422404364,"remoteIdentityKey":"BeEvq4kDdcP5ZzfrGNfvv1GKwASxKdlK3eTBcfjxLPJU"},"_chains":{"BfeGQ/S+qfA6MFiBa9vnR/aZzrNH/2/DfzJpZ8QlRVsI":{"chainKey":{"counter":0,"key":"aAcJrly8XMyAt23e3CWeUhLpWuU8127ohy5E3MStS1o="},"chainType":2,"messageKeys":{}},"BcWS8K0dTIO1i4IHH+4WQP5tz8KPn0FFH1bDh3awmxso":{"chainKey":{"counter":-1,"key":"siMcYsaN43qja6wYkOiIL2o0W0ODGhXToj5ebxIs0nE="},"chainType":1,"messageKeys":{}}}}},"version":"v1"}