{"_sessions":{"BWXP5ecx/DMVoIzBjc+m6qH9i1yYgKt6zgVdkJXet85i":{"registrationId":936186149,"currentRatchet":{"ephemeralKeyPair":{"pubKey":"BfhMycsUk+Ki26muaJYDw5yEVI9t242ceolWV999ULdp","privKey":"gKyCCUDjVs0/8US4GQ+yY8lwKahDUYaDn0x/6WpZXEA="},"lastRemoteEphemeralKey":"BZQPZyEG0gbycuHv06dSkkXKdSAG1OQHyL7AbxsuFgFX","previousCounter":0,"rootKey":"dUECYT+q3qPWIpfuyDr3Qh7w+D+vPG0CkrtZITQfDjk="},"indexInfo":{"baseKey":"BWXP5ecx/DMVoIzBjc+m6qH9i1yYgKt6zgVdkJXet85i","baseKeyType":2,"closed":-1,"used":1724422045142,"created":1724422045142,"remoteIdentityKey":"BQ9tcWaZkqdfdKsOkp51nXM5n5UW4uKuQtTxDplEh/Vf"},"_chains":{"BZQPZyEG0gbycuHv06dSkkXKdSAG1OQHyL7AbxsuFgFX":{"chainKey":{"counter":0,"key":"7yMRdVm/jFmQI8SFkWeEDGYTR5+qHDZ04fxy5qWDtRQ="},"chainType":2,"messageKeys":{}},"BfhMycsUk+Ki26muaJYDw5yEVI9t242ceolWV999ULdp":{"chainKey":{"counter":-1,"key":"yJ8eKXTurGe9fNDz+4CGJsPTW0m8gbKbvx290pQF9sc="},"chainType":1,"messageKeys":{}}}}},"version":"v1"}