{"_sessions":{"BQxvq2VfBs0Bvfry9ZtsSUPWCt4yrUHGcGEXf8tpmiw9":{"registrationId":230,"currentRatchet":{"ephemeralKeyPair":{"pubKey":"BTWlgig8lXbynpEtWuFDx1VAOyBl3U+3q/J2gaXgAYdq","privKey":"cMO7XiJrTWAZo/aUVS0pzcKQOmS8vYrvtex9NuGrEHw="},"lastRemoteEphemeralKey":"BS0Up0+UtrYBJJP38PlqJbzNZBHbPfZQau7Ohv2hZGMT","previousCounter":0,"rootKey":"sVOrS+FtrtK2ykTOUKCcVoRk2jS3Mf/HM1kjdhI00QU="},"indexInfo":{"baseKey":"BQxvq2VfBs0Bvfry9ZtsSUPWCt4yrUHGcGEXf8tpmiw9","baseKeyType":1,"closed":-1,"used":1724422369320,"created":1724422369320,"remoteIdentityKey":"BVd6fn0Up12cyUIgFNJX70bXc8kEmniVtPZc8QGsIF0q"},"_chains":{"BTWlgig8lXbynpEtWuFDx1VAOyBl3U+3q/J2gaXgAYdq":{"chainKey":{"counter":0,"key":"RrJi4xW9yZsYTt2qCsiBwnhDk9FmLf9U1aGgjNiB2MY="},"chainType":1,"messageKeys":{}}},"pendingPreKey":{"signedKeyId":1,"baseKey":"BQxvq2VfBs0Bvfry9ZtsSUPWCt4yrUHGcGEXf8tpmiw9"}}},"version":"v1"}