{"_sessions":{"BXgRyalRqNRj7mtEsy9XuUHnyYO+6qSbdDrtLWxe2aQT":{"registrationId":1163174616,"currentRatchet":{"ephemeralKeyPair":{"pubKey":"BUATR4J+mOTxoanWZnhOLNq8K1wZcbuMITqsupU4UCA/","privKey":"iNLogey6Q4Qh2CgV/4S/tutlh9tean+2Da620Th03l4="},"lastRemoteEphemeralKey":"BWKJzZuDtNwU7Eq4TFPbjlFao83q/TdDKSLW7qdrGlga","previousCounter":0,"rootKey":"WM2lceL/aIEFquVpATbsmmmqOM3XuQ9tyR+bwaj9z2k="},"indexInfo":{"baseKey":"BXgRyalRqNRj7mtEsy9XuUHnyYO+6qSbdDrtLWxe2aQT","baseKeyType":1,"closed":-1,"used":1724422369331,"created":1724422369331,"remoteIdentityKey":"Bew4PDhuXyLV+FvhFNX7LzEdxQNr/SJtqbaxWYfAxilI"},"_chains":{"BUATR4J+mOTxoanWZnhOLNq8K1wZcbuMITqsupU4UCA/":{"chainKey":{"counter":0,"key":"MnmXGcbLefbrwalgJuZHwZrCBjHf3f90FeF+IJjBtTc="},"chainType":1,"messageKeys":{}}},"pendingPreKey":{"signedKeyId":14748017,"baseKey":"BXgRyalRqNRj7mtEsy9XuUHnyYO+6qSbdDrtLWxe2aQT","preKeyId":7233}}},"version":"v1"}