{"_sessions":{"BS7gugfBnLOW2TsExcUM60rc3xj8tBiLz42Tx0tUx6Y7":{"registrationId":629582906,"currentRatchet":{"ephemeralKeyPair":{"pubKey":"BWpmA9RH0ruwISjNUtuWrNeC4y0UF7fEDydetay34AIA","privKey":"qCi/Go4AwaTMWI6kbr4+JrgnvYyX4M4wl6foRTMveWE="},"lastRemoteEphemeralKey":"BQm/oE9/QYthBqLRdaV/ls4egx1wdgiHnejC7phxXJgH","previousCounter":0,"rootKey":"pFcXVfaR0eqCK0lciIVY8R1m0FK4+BWlol2SZQvFXy0="},"indexInfo":{"baseKey":"BS7gugfBnLOW2TsExcUM60rc3xj8tBiLz42Tx0tUx6Y7","baseKeyType":1,"closed":-1,"used":1724422369336,"created":1724422369336,"remoteIdentityKey":"BVagz7BIUM5kECXqbKNMKX70/WPn59nrCjxSdnzbUIg6"},"_chains":{"BWpmA9RH0ruwISjNUtuWrNeC4y0UF7fEDydetay34AIA":{"chainKey":{"counter":0,"key":"kbs9FHxZmMxGbM5h2TzjtVdfW/6CWopqoASD9+U0qSY="},"chainType":1,"messageKeys":{}}},"pendingPreKey":{"signedKeyId":1,"baseKey":"BS7gugfBnLOW2TsExcUM60rc3xj8tBiLz42Tx0tUx6Y7","preKeyId":8011615}}},"version":"v1"}