{"_sessions":{"BakE3w7j09dfeSVEdLjjifPPgU/gi2xTSZOvdNi7O+Jm":{"registrationId":1385376657,"currentRatchet":{"ephemeralKeyPair":{"pubKey":"BfIy5BjXxZJvoHuZ2xU0FtSMnf7wkjcJ1NRKQv+moD82","privKey":"IOEssFHCs8+qWQZzYaEz1mFbqIOe1y+XPnRukQ0HrGY="},"lastRemoteEphemeralKey":"BSF9Il5Qr9mEyune1zMXUjU/oK30KKqTqcoUcpzl229d","previousCounter":0,"rootKey":"ptKuRh/vECKtsDzHMO2RO8Nr9TxJwT6LyFEdruPojN4="},"indexInfo":{"baseKey":"BakE3w7j09dfeSVEdLjjifPPgU/gi2xTSZOvdNi7O+Jm","baseKeyType":1,"closed":-1,"used":1724422369346,"created":1724422369346,"remoteIdentityKey":"BdAYLcf7KMsQ/YM8YH4kQiYg74L7qYwe5U//U8av5GI5"},"_chains":{"BfIy5BjXxZJvoHuZ2xU0FtSMnf7wkjcJ1NRKQv+moD82":{"chainKey":{"counter":0,"key":"1UMrIBvOxBVt+3FjLv0JUVqrrSK9wNqux+w2c/gUa2E="},"chainType":1,"messageKeys":{}}},"pendingPreKey":{"signedKeyId":5,"baseKey":"BakE3w7j09dfeSVEdLjjifPPgU/gi2xTSZOvdNi7O+Jm","preKeyId":16240114}}},"version":"v1"}