{"_sessions":{"BcfkxOmmbmMahKopqjFs1bzVCRhsB2b0NZCrxvj7QCES":{"registrationId":55057653,"currentRatchet":{"ephemeralKeyPair":{"pubKey":"Bc0SMIcbRdv62eFn+JsITxlY9cY2Yy4qZTa/8zwIwHMw","privKey":"4J4Fo1EvXgaR0T0gO3iu2MqlUeDjch1Wj3H9EVq63kY="},"lastRemoteEphemeralKey":"Bbl95GWY3I7jh7v6kSO/WmejJ0EB5+385cNHDMG9ykIy","previousCounter":0,"rootKey":"UOjuHopkEpP0WIwnT8XSNcoRFh8U08oankiqw7rlJLo="},"indexInfo":{"baseKey":"BcfkxOmmbmMahKopqjFs1bzVCRhsB2b0NZCrxvj7QCES","baseKeyType":1,"closed":-1,"used":1724422369335,"created":1724422369335,"remoteIdentityKey":"Bf3sA+De/tkawl9iqn3zkNdWlqfxaFv42f5Y/hImaSM7"},"_chains":{"Bc0SMIcbRdv62eFn+JsITxlY9cY2Yy4qZTa/8zwIwHMw":{"chainKey":{"counter":0,"key":"iuqP/UpJgcBRNI/i/3ToWYKPWQtveMpCCK+WUL0M4jc="},"chainType":1,"messageKeys":{}}},"pendingPreKey":{"signedKeyId":2,"baseKey":"BcfkxOmmbmMahKopqjFs1bzVCRhsB2b0NZCrxvj7QCES","preKeyId":6444216}}},"version":"v1"}