{"_sessions":{"BZ/VU8c/wn2vLlu/73XXpFXX+nVcf2FmpFmUBbyQ03IF":{"registrationId":9017,"currentRatchet":{"ephemeralKeyPair":{"pubKey":"BWhFOI02ieug48H0U1IP+4mzL6O/qNnaxCUwVVtIKbxq","privKey":"+HofT60DQiget0GfnNA0yaE3oKyATjffAF0SXcBfEFc="},"lastRemoteEphemeralKey":"BY40VqLYwx14HfAZFXl39CqTN8eOSlxo3UHT/NwzqjYD","previousCounter":0,"rootKey":"nlkP7+5Y3h29fn/DdSeimWHDwxIgjOAXtqRJNHiAkJE="},"indexInfo":{"baseKey":"BZ/VU8c/wn2vLlu/73XXpFXX+nVcf2FmpFmUBbyQ03IF","baseKeyType":1,"closed":-1,"used":1724422369318,"created":1724422369318,"remoteIdentityKey":"BelLhhw1bJVh1GudevB1yprNsop+8YZVb3Gu85P16DJI"},"_chains":{"BWhFOI02ieug48H0U1IP+4mzL6O/qNnaxCUwVVtIKbxq":{"chainKey":{"counter":0,"key":"Fd3JEEJiftAdH40jKvIGQ9KoRUmDcztHESzsSx98Ln0="},"chainType":1,"messageKeys":{}}},"pendingPreKey":{"signedKeyId":1,"baseKey":"BZ/VU8c/wn2vLlu/73XXpFXX+nVcf2FmpFmUBbyQ03IF","preKeyId":2259}}},"version":"v1"}