{"_sessions":{"BcAF/wlMq1HfbAtWpwFExaKI++w8I/7jLjnZy8ffXX5t":{"registrationId":1192590322,"currentRatchet":{"ephemeralKeyPair":{"pubKey":"BegnkGj9KDBCKu7B57TqWyVAT7k2qceY3VsUIdT0Z8p4","privKey":"EN39a9Tj5lFA4V4p+tGfRRhzR3PhsYEMrsQBVsUvQHs="},"lastRemoteEphemeralKey":"BWv7DgCwjriTFbily/ahmpnXRanqByeqLiYd1LMhN0Mi","previousCounter":0,"rootKey":"J3PedvWjnZIQrXOqcYFECHtnb2Kdb8uHDqJUCcZGCdY="},"indexInfo":{"baseKey":"BcAF/wlMq1HfbAtWpwFExaKI++w8I/7jLjnZy8ffXX5t","baseKeyType":1,"closed":-1,"used":1724422369347,"created":1724422369347,"remoteIdentityKey":"BTwsPvxEmrFFoMOAAQF+B4o9h1SOHjQTpQJ/srWrGJ8s"},"_chains":{"BegnkGj9KDBCKu7B57TqWyVAT7k2qceY3VsUIdT0Z8p4":{"chainKey":{"counter":0,"key":"Eitq+wZ6giRSUKS8UNoyo8bE9gS4rhWNFC1dcOK26Js="},"chainType":1,"messageKeys":{}}},"pendingPreKey":{"signedKeyId":5726634,"baseKey":"BcAF/wlMq1HfbAtWpwFExaKI++w8I/7jLjnZy8ffXX5t","preKeyId":12492}}},"version":"v1"}