{"_sessions":{"BZk4LNpp9BdSbJGGKIE4/YZRZmRODtqldnGF5lygvycT":{"registrationId":847097275,"currentRatchet":{"ephemeralKeyPair":{"pubKey":"BT5WLRN/74QK1JkXYSXbM5xSQgXzofPo0oZ3wj2sX8Ih","privKey":"ACNxw0HwVpzrTU2Z1lLL/DI51i9Zoeq88lEjjzT+EE8="},"lastRemoteEphemeralKey":"BcyT4dRFf3tcuHQLmFOUw9jHezotbPePTQLMyzcbHpIS","previousCounter":0,"rootKey":"O2gckFes533HfI1CoWKL0bjncp3QXjMgpR1+55M5Tvg="},"indexInfo":{"baseKey":"BZk4LNpp9BdSbJGGKIE4/YZRZmRODtqldnGF5lygvycT","baseKeyType":1,"closed":-1,"used":1724422369334,"created":1724422369334,"remoteIdentityKey":"BS8dUO6E+r3m7heIaQVj5Hn8QaY1Ton1ra0r5eNXfQMD"},"_chains":{"BT5WLRN/74QK1JkXYSXbM5xSQgXzofPo0oZ3wj2sX8Ih":{"chainKey":{"counter":0,"key":"lhdLelcHu29QfKSa28f9vHE4i8RS2U9wtxkwsUqEmhQ="},"chainType":1,"messageKeys":{}}},"pendingPreKey":{"signedKeyId":2039190,"baseKey":"BZk4LNpp9BdSbJGGKIE4/YZRZmRODtqldnGF5lygvycT","preKeyId":4826}}},"version":"v1"}