{"_sessions":{"BXCT48l7na4HcwGvuZNY/Z5vIW89EqlprK94yW/ALRJ1":{"registrationId":15481,"currentRatchet":{"ephemeralKeyPair":{"pubKey":"BSMM0ua5pm5LcK+seRW0RkQU2RAef9MdZN0MCsPkEAtC","privKey":"wJdJ2WdtMx5XtntwWZ89A/xDpQguG1rRMb0CAXfjWkQ="},"lastRemoteEphemeralKey":"BT3rgucRqiKRC/nxfXicdmTNH96NKC7bkJmp5o0h0Pwr","previousCounter":0,"rootKey":"W6a2wF81Jfw+yXdpmXrP8VkePCfHarHRhCcpj4/1yVA="},"indexInfo":{"baseKey":"BXCT48l7na4HcwGvuZNY/Z5vIW89EqlprK94yW/ALRJ1","baseKeyType":1,"closed":-1,"used":1724422369324,"created":1724422369324,"remoteIdentityKey":"BUwqGXkrQsRsgp55YmG2fUVu7BDlqf7pcdx2DkjM8TMz"},"_chains":{"BSMM0ua5pm5LcK+seRW0RkQU2RAef9MdZN0MCsPkEAtC":{"chainKey":{"counter":0,"key":"vwHX7L3XnUDCMJhbQJB0q3fNg8PjFRCeFvgMz58lXPk="},"chainType":1,"messageKeys":{}}},"pendingPreKey":{"signedKeyId":1,"baseKey":"BXCT48l7na4HcwGvuZNY/Z5vIW89EqlprK94yW/ALRJ1","preKeyId":3632}}},"version":"v1"}