{"_sessions":{"BUgQ8DokE7qplMsrQl9Z2emaA2AGyJSQlWwi79eBfcF4":{"registrationId":1900890682,"currentRatchet":{"ephemeralKeyPair":{"pubKey":"Bd0jUA6zkCa9mHh0Vu5EiUdmrU61ZMRIHRVvjSxRkqV7","privKey":"oJcAgaZmZ8mjwhISizugrKyysNOcPoClaaKHJzWCPkQ="},"lastRemoteEphemeralKey":"BZrEoVHTxOiul5gYWwa420aEaJejBpGEk/1g1SEgQVFX","previousCounter":0,"rootKey":"gQ4k3E/qG4LxtCg8QD+3NeTkr0xwPMqRhWwooUfvPSs="},"indexInfo":{"baseKey":"BUgQ8DokE7qplMsrQl9Z2emaA2AGyJSQlWwi79eBfcF4","baseKeyType":1,"closed":-1,"used":1724422369332,"created":1724422369332,"remoteIdentityKey":"BdPgK3nlYQToc3MnIEhns2R1kvm6huovtsCz1U0Omnk3"},"_chains":{"Bd0jUA6zkCa9mHh0Vu5EiUdmrU61ZMRIHRVvjSxRkqV7":{"chainKey":{"counter":0,"key":"nEk5wlIwMa5pW8IpcUds8zV4DBHeFEkDjh37l8xBy44="},"chainType":1,"messageKeys":{}}},"pendingPreKey":{"signedKeyId":0,"baseKey":"BUgQ8DokE7qplMsrQl9Z2emaA2AGyJSQlWwi79eBfcF4","preKeyId":6594537}}},"version":"v1"}