{"_sessions":{"BVjegMhrEKAYdV63VgFMrWAf05lFpccJeqcXI9W6WF8L":{"registrationId":2035637877,"currentRatchet":{"ephemeralKeyPair":{"pubKey":"BXSz5oNqGv3if+8m2QLzw6svvuHVh66og9WLsBHyyhQj","privKey":"EJM17KAD0WwGCg1KFgJBeLNr0NRlOZL+d5jklQuu7lk="},"lastRemoteEphemeralKey":"BXGoXhBROfJyXVhzOM3jPA6mWMip/yCDm5RAa+p1jWxE","previousCounter":0,"rootKey":"iwtxuzzpjU9OAke2qPwk4HSipN6pVJlDJI9D2xxUdWY="},"indexInfo":{"baseKey":"BVjegMhrEKAYdV63VgFMrWAf05lFpccJeqcXI9W6WF8L","baseKeyType":1,"closed":-1,"used":1724422369348,"created":1724422369348,"remoteIdentityKey":"BVjNysZPvR+oiOX32fEGDBAZSh+TsZ8LMsj+buoLs6YN"},"_chains":{"BXSz5oNqGv3if+8m2QLzw6svvuHVh66og9WLsBHyyhQj":{"chainKey":{"counter":0,"key":"VNkMEf3SRYOsDhXq0Pk4di3UPAyNXFHB45Q0Pkqj3v8="},"chainType":1,"messageKeys":{}}},"pendingPreKey":{"signedKeyId":5494,"baseKey":"BVjegMhrEKAYdV63VgFMrWAf05lFpccJeqcXI9W6WF8L","preKeyId":5532887}}},"version":"v1"}