{"_sessions":{"BfDPEuAAYnFgvDGlltlgeKP1v9oQa/eoJdHI+xdZJNEy":{"registrationId":202,"currentRatchet":{"ephemeralKeyPair":{"pubKey":"BSRNv9xFXdx4i5YhUXxbYZzwDG9+8b8M3+y7oBFq1GYa","privKey":"sODcaDpgp1jkn0bIvSI8ZaQEJXl0bBzev0gpDsnNGlI="},"lastRemoteEphemeralKey":"Ba+YcUtT8jsgU8bRZsEEl6nPu5oq+OUfLDHSaXH9Elcz","previousCounter":0,"rootKey":"x7alM8g8AVmHzj8y2cx7PJaPH9LSYdJspHJwV7T0fX4="},"indexInfo":{"baseKey":"BfDPEuAAYnFgvDGlltlgeKP1v9oQa/eoJdHI+xdZJNEy","baseKeyType":1,"closed":-1,"used":1724422369325,"created":1724422369325,"remoteIdentityKey":"BccVpnNiuM5LLYD/hAWv7Hfnl+iUVH26NsNKVQmttfBz"},"_chains":{"BSRNv9xFXdx4i5YhUXxbYZzwDG9+8b8M3+y7oBFq1GYa":{"chainKey":{"counter":0,"key":"YmpppmES8Wvx4WBtMUT+n8Eeue9DWT1SBWbI6d90REI="},"chainType":1,"messageKeys":{}}},"pendingPreKey":{"signedKeyId":1,"baseKey":"BfDPEuAAYnFgvDGlltlgeKP1v9oQa/eoJdHI+xdZJNEy"}}},"version":"v1"}