{"_sessions":{"BWrSGXUjd+eG93EPOCuoC95WfrMmYg/XduQf5rst8j88":{"registrationId":23,"currentRatchet":{"ephemeralKeyPair":{"pubKey":"BfjseMxhKEUYGKk84qwJKSXhnCbViGsBQNvv07XGpsBZ","privKey":"yJ1WQI6ate4AYXEz63GzZzxPsByGXPI5g/DT8yTZr3w="},"lastRemoteEphemeralKey":"BWNxn1hlGwopWd2IFWi8kNwbJsqt9QRrN67mbnEW3Ewh","previousCounter":0,"rootKey":"DZgpERKgFttJdVBP7K73rtCFkoJTH+7CN0Gxns66ILM="},"indexInfo":{"baseKey":"BWrSGXUjd+eG93EPOCuoC95WfrMmYg/XduQf5rst8j88","baseKeyType":1,"closed":-1,"used":1724422369325,"created":1724422369325,"remoteIdentityKey":"BWpc5Iu3z4cAjEl8WTLuNuNfqnH7eT2RelzUjRwKCj0E"},"_chains":{"BfjseMxhKEUYGKk84qwJKSXhnCbViGsBQNvv07XGpsBZ":{"chainKey":{"counter":0,"key":"bOTecxfF05UVUGfNXHQel9rbZ/u0Uz1LyKpdVDe+QYk="},"chainType":1,"messageKeys":{}}},"pendingPreKey":{"signedKeyId":1,"baseKey":"BWrSGXUjd+eG93EPOCuoC95WfrMmYg/XduQf5rst8j88"}}},"version":"v1"}