{"_sessions":{"Bbt7V7yTSJMJgMpMsGvtZz/9Ski0oNaNNSXaO56uwMgB":{"registrationId":1045393000,"currentRatchet":{"ephemeralKeyPair":{"pubKey":"BT/MhrhPsbdNEBohBETIpeIH4rWQcIGjmiIGwtcrE6Jt","privKey":"UI2GKJg4JxyyYooeUxwBCibWOM6O69J/32x+4UUuInA="},"lastRemoteEphemeralKey":"BSu9MjImGiq4mMKxRFitESLWFYt8AFzv1qgoWg5gCQYb","previousCounter":0,"rootKey":"B9qzcfvjfcqjqND1xE6rU7bqg1OWhsx+15TSYDUZaCo="},"indexInfo":{"baseKey":"Bbt7V7yTSJMJgMpMsGvtZz/9Ski0oNaNNSXaO56uwMgB","baseKeyType":1,"closed":-1,"used":1724422369332,"created":1724422369332,"remoteIdentityKey":"BcRg/SDGLrth8yzeHAoog+hhYfRKXRqjnzgNtZRn+Wxa"},"_chains":{"BT/MhrhPsbdNEBohBETIpeIH4rWQcIGjmiIGwtcrE6Jt":{"chainKey":{"counter":0,"key":"b/i/Zrjb3BX5fwfPY5q+9mlFaXzooh2i5JRYHya5FHI="},"chainType":1,"messageKeys":{}}},"pendingPreKey":{"signedKeyId":11,"baseKey":"Bbt7V7yTSJMJgMpMsGvtZz/9Ski0oNaNNSXaO56uwMgB","preKeyId":1364932}}},"version":"v1"}