{"_sessions":{"BbHOgiAnoVaC7beA3XxsLE3Obd/boZfajJmUxO6AL/Q3":{"registrationId":133,"currentRatchet":{"ephemeralKeyPair":{"pubKey":"Bc3vLIyr+pyQlPL/2ZueipsmgitniwZCBn8C1MKzeYc+","privKey":"GGXDYrPGb3c+LMRaRPk6p6g6TzCUPe7URRRJ6BgdZVo="},"lastRemoteEphemeralKey":"BTn63om29NWcXfICnCKJ7/ANHpCUhEtuzNYfQVZMkUIO","previousCounter":0,"rootKey":"RUwrCpOqVnXA1HqQyPL71UlHkMU5txIS0YlLD6Ywbkg="},"indexInfo":{"baseKey":"BbHOgiAnoVaC7beA3XxsLE3Obd/boZfajJmUxO6AL/Q3","baseKeyType":2,"closed":-1,"used":1724423348401,"created":1724421859895,"remoteIdentityKey":"BQIlHtqc8KvpDyGcEBGkrBV8AbuC4iCEEpZx1hSTK+sx"},"_chains":{"BTVMYjOPisYL+4h7PZF4CDK5thOJPKf6K+Dh3j6IEPsR":{"chainKey":{"counter":9},"chainType":2,"messageKeys":{}},"BTn63om29NWcXfICnCKJ7/ANHpCUhEtuzNYfQVZMkUIO":{"chainKey":{"counter":4,"key":"k04SPcvWz81QLPR9WGeRvYOyFFtd6EZ64FOq+tecNAM="},"chainType":2,"messageKeys":{}},"Bc3vLIyr+pyQlPL/2ZueipsmgitniwZCBn8C1MKzeYc+":{"chainKey":{"counter":0,"key":"Nzr3kRXtGW3Soc75ynBK+cjJPwe/7TnskTLwC7vE/Bw="},"chainType":1,"messageKeys":{}}}}},"version":"v1"}