{"_sessions":{"BWMeM7X/Jlmhcw+3h6JDalZnAIv1aPUsFnNH1RmvUZho":{"registrationId":1842293020,"currentRatchet":{"ephemeralKeyPair":{"pubKey":"BXUNyGThXxlaJfrS9O590I58kE3VshNWpMakKRMNWb8j","privKey":"cCXCZemKgX67VKdtkcaWvnmEFq738FhETWumjFfcNkg="},"lastRemoteEphemeralKey":"BaeAUld0mrh+zrp3l+gwauPoeiLtOjrPC/ArsT241DUT","previousCounter":0,"rootKey":"2OEmhgXgYamfVz39UpaqpriSmmQz9wJDCaupjKw0Xb0="},"indexInfo":{"baseKey":"BWMeM7X/Jlmhcw+3h6JDalZnAIv1aPUsFnNH1RmvUZho","baseKeyType":2,"closed":-1,"used":1724423343506,"created":1724421858585,"remoteIdentityKey":"BfUWgWxdJx7VxCPA90MzoY+X4jZrCYru17X3QtgRDRxi"},"_chains":{"BU53sYIlKL8waKjmW/uvptgRYEoGVGdyxuerQUSm3cFh":{"chainKey":{"counter":2},"chainType":2,"messageKeys":{}},"BWeZ8tVa4duaJQvXJpgWc6iAqI+9KHzG2kEmJ8AE7HpP":{"chainKey":{"counter":3},"chainType":2,"messageKeys":{}},"BYpZhmiw1qxbLUomlUIv3+GrZf+SA2+PjIucNicHjlgc":{"chainKey":{"counter":5},"chainType":2,"messageKeys":{}},"BfxUYA0Z+Ev/A8Bt4ZMAa1b1iKGeSQLoppi1yonCQmoR":{"chainKey":{"counter":3},"chainType":2,"messageKeys":{}},"BaeAUld0mrh+zrp3l+gwauPoeiLtOjrPC/ArsT241DUT":{"chainKey":{"counter":9,"key":"8G7Y3Jm2Bs9O79P9SUPQpOWeC28XMCHXskquPc6O4W4="},"chainType":2,"messageKeys":{}},"BXUNyGThXxlaJfrS9O590I58kE3VshNWpMakKRMNWb8j":{"chainKey":{"counter":-1,"key":"qVM4WAhLUkjDXuUFEoYel5ZaMuTcfUfgO96HSedoSdA="},"chainType":1,"messageKeys":{}}}}},"version":"v1"}