{"_sessions":{"BYoQZDdmccUqgsSLgfua+/IUjjMxoAcQLITlFB7riowh":{"registrationId":2043592743,"currentRatchet":{"ephemeralKeyPair":{"pubKey":"BYPe3hPoUCkvQ0i1CsO2xtf0OKl1pdLMTJ2MyrTMUmNQ","privKey":"EGS7aqMw0l2kLqIx4Gc1NweSz1AzI6lSo6n8je2v/l8="},"lastRemoteEphemeralKey":"BTlKYjHyC5fDmslM+zYx3QKqvQER5X6qeN2f9G/IA7lS","previousCounter":0,"rootKey":"ZdjtyXCzgLnmFl+UUbAck8hqGMPQZqilot2wy1qI2qA="},"indexInfo":{"baseKey":"BYoQZDdmccUqgsSLgfua+/IUjjMxoAcQLITlFB7riowh","baseKeyType":1,"closed":-1,"used":1724422369357,"created":1724422369357,"remoteIdentityKey":"BYuH3bLNjwSOeaSH28YsMok9fnP15+eg5jnTVOc9DU1H"},"_chains":{"BYPe3hPoUCkvQ0i1CsO2xtf0OKl1pdLMTJ2MyrTMUmNQ":{"chainKey":{"counter":0,"key":"onDVAPpoJZvXcI3GxqzXq1kSngvYfV/sb82p3A8ru6Q="},"chainType":1,"messageKeys":{}}},"pendingPreKey":{"signedKeyId":1,"baseKey":"BYoQZDdmccUqgsSLgfua+/IUjjMxoAcQLITlFB7riowh","preKeyId":13514896}}},"version":"v1"}