{"_sessions":{"BcVrioKvKpojQ4BhIIJ/j6tzI4WXyPRqq8N4ANygIUll":{"registrationId":425531813,"currentRatchet":{"ephemeralKeyPair":{"pubKey":"BV5giuh5sZdlWQlIvX4T8vR/1ZSah/ea5WBHBU/pgr1d","privKey":"CKcZACO03FuLgB/EaeKRhm++ixook48+UCOasGjlaks="},"lastRemoteEphemeralKey":"BQXGYiEridyuePZjMH9eHDNbGKSgocSvnC1YyQlCbX86","previousCounter":0,"rootKey":"fcVByfNzCzOuceUO1psU+7EpRvTVNhfvDw2voISzBFs="},"indexInfo":{"baseKey":"BcVrioKvKpojQ4BhIIJ/j6tzI4WXyPRqq8N4ANygIUll","baseKeyType":2,"closed":-1,"used":1724422460950,"created":1724422460950,"remoteIdentityKey":"BdBISL6eutRMuvlzFZsb2m0Xm1i5EXM03hlxe/QBrIIS"},"_chains":{"BQXGYiEridyuePZjMH9eHDNbGKSgocSvnC1YyQlCbX86":{"chainKey":{"counter":0,"key":"FSgjYgydZQYHfnyKlgSVyq4y99QjVbWkPkyi/MBMd+o="},"chainType":2,"messageKeys":{}},"BV5giuh5sZdlWQlIvX4T8vR/1ZSah/ea5WBHBU/pgr1d":{"chainKey":{"counter":-1,"key":"AeChu4wtSGADZyPKbjGGEWJBkSe1Mc+n4iS1govJYiY="},"chainType":1,"messageKeys":{}}}}},"version":"v1"}