{"_sessions":{"BUdmk2l2jcfv/T2GsfZRUahXTMFmNmehHU2neV8DcFhf":{"registrationId":2139723213,"currentRatchet":{"ephemeralKeyPair":{"pubKey":"BaFSeWlnfgvTeb+00VYtpcr3ay5kJPJ8c2nPD0x+4zsC","privKey":"QLJxD2L5knbL/Dupph7o8BOdKJRnnD7dP6ehCeDb+mQ="},"lastRemoteEphemeralKey":"Be4/Xy0dmnaWfrGVB3OIJHYF65IkgoGSPy+uuQhzdM0Y","previousCounter":0,"rootKey":"j/r3xHL12bnPBtYn9u2l7deQ8wzk+fsWc4sPEyri9QA="},"indexInfo":{"baseKey":"BUdmk2l2jcfv/T2GsfZRUahXTMFmNmehHU2neV8DcFhf","baseKeyType":1,"closed":-1,"used":1724422369351,"created":1724422369351,"remoteIdentityKey":"BVL6hAijWCcwMyPij2QTRvirfczyk5aenEzVrKFn2hUp"},"_chains":{"BaFSeWlnfgvTeb+00VYtpcr3ay5kJPJ8c2nPD0x+4zsC":{"chainKey":{"counter":0,"key":"bQkKZRIwyoHiRveXXQVw3XDmo2xWaXww3JawHhEe6bw="},"chainType":1,"messageKeys":{}}},"pendingPreKey":{"signedKeyId":7,"baseKey":"BUdmk2l2jcfv/T2GsfZRUahXTMFmNmehHU2neV8DcFhf","preKeyId":4569683}}},"version":"v1"}