{"_sessions":{"BVwC1Kd/0O6Qf+zRAmb7zMOLKfV5SnQjpRbKqejZXKpr":{"registrationId":1401493855,"currentRatchet":{"ephemeralKeyPair":{"pubKey":"BV4Y4w1Nu5HHpqITtz2qekPZKD97+QdgQpQZwmAlDx0k","privKey":"cLnAjTX/8Ixesa3W0rOLLvkwbythXjI5ymD6iC70RkY="},"lastRemoteEphemeralKey":"BVTg3dPI3HYlgZ4qHtuLY7S0FvcYU10Qkhz/iY997B1Q","previousCounter":0,"rootKey":"yZm5gpbqLMr9L1T/agSiFbHB2+Gv0Vygr2eHfmHULgM="},"indexInfo":{"baseKey":"BVwC1Kd/0O6Qf+zRAmb7zMOLKfV5SnQjpRbKqejZXKpr","baseKeyType":1,"closed":-1,"used":1724422369344,"created":1724422369344,"remoteIdentityKey":"BWdshWbEc69ggG8+s4hursMz6IBc7a+V4lRPF0HM+1J3"},"_chains":{"BV4Y4w1Nu5HHpqITtz2qekPZKD97+QdgQpQZwmAlDx0k":{"chainKey":{"counter":0,"key":"1cDZ3Yccc1Vyaq0YmAjE+bNNCKSBxBlO8s+eH+YFTw4="},"chainType":1,"messageKeys":{}}},"pendingPreKey":{"signedKeyId":14,"baseKey":"BVwC1Kd/0O6Qf+zRAmb7zMOLKfV5SnQjpRbKqejZXKpr","preKeyId":3646941}}},"version":"v1"}