{"_sessions":{"BQxTy6U8SX3SH3t9hDlyrHansN8ypdOWAUlj50q/Dzxj":{"registrationId":50,"currentRatchet":{"ephemeralKeyPair":{"pubKey":"Bc3itOdKqRIp+CQek5bKeaUJr/zWQtf0sf0XL+WyOJFt","privKey":"0PxWqtgWyhnwer8BJpRW5qXdo9Hx1MfB/tbe8EVrC1s="},"lastRemoteEphemeralKey":"BSJM8QuKo4mRtPh646D55zImQxz6nvSS2x1o/PvICwAh","previousCounter":0,"rootKey":"Wq0Esnk2FUUCYMNz0kOeYy0VAKKN0mlRDj678p+sAo4="},"indexInfo":{"baseKey":"BQxTy6U8SX3SH3t9hDlyrHansN8ypdOWAUlj50q/Dzxj","baseKeyType":1,"closed":-1,"used":1724422369325,"created":1724422369325,"remoteIdentityKey":"BYK6HJfIsmsKsON57hryEFTlOmpvLcBIPt6YhuujUzU6"},"_chains":{"Bc3itOdKqRIp+CQek5bKeaUJr/zWQtf0sf0XL+WyOJFt":{"chainKey":{"counter":0,"key":"mYNIt+nt1Dze5NVXfADq4uMK8Cpb+WxUI2PUh3fAhs0="},"chainType":1,"messageKeys":{}}},"pendingPreKey":{"signedKeyId":1,"baseKey":"BQxTy6U8SX3SH3t9hDlyrHansN8ypdOWAUlj50q/Dzxj"}}},"version":"v1"}