{"_sessions":{"BVosgwkG4TLji0DZQSinBHtMAyjszQh+eCEp1xqWVl1E":{"registrationId":8760,"currentRatchet":{"ephemeralKeyPair":{"pubKey":"BbbCBN/EcLMfp4A77vifUkJk2/uRRYaSRLJeG6OcK0Vm","privKey":"GCWKU2DOd5ATFyxLdJidf/BkF77iN2Rsja473ULcu1Q="},"lastRemoteEphemeralKey":"BbLl+bjfV3NK5a95B6CiwCbVPuelOI8vqCLaGSHu8HJV","previousCounter":0,"rootKey":"OkxYIc1fxgPULjTLfcc/7iKEX5yzzBlzGLQ1FHnnaNE="},"indexInfo":{"baseKey":"BVosgwkG4TLji0DZQSinBHtMAyjszQh+eCEp1xqWVl1E","baseKeyType":1,"closed":-1,"used":1724422369326,"created":1724422369326,"remoteIdentityKey":"BZDiLjZ015MJoiGoErnHusBz6JNI3z7cWg+MQtyEyvFu"},"_chains":{"BbbCBN/EcLMfp4A77vifUkJk2/uRRYaSRLJeG6OcK0Vm":{"chainKey":{"counter":0,"key":"fWOVpek6vvalwxau9HlNb2OcMPWT5a3NwlSYB6M4/ik="},"chainType":1,"messageKeys":{}}},"pendingPreKey":{"signedKeyId":1,"baseKey":"BVosgwkG4TLji0DZQSinBHtMAyjszQh+eCEp1xqWVl1E"}}},"version":"v1"}