{"_sessions":{"BdgWJbzph8K9uWvgzvUEjJxCbfmdzlETDH2BLX4MIi91":{"registrationId":45657153,"currentRatchet":{"ephemeralKeyPair":{"pubKey":"Bft/ZT2D5KCaeDmyvA/T/9KxGwD+R+344S8tBA22IkwT","privKey":"QK68+50/t1wN6Ly+olqnAan/rt4n/MR6IAyXjB1pLEY="},"lastRemoteEphemeralKey":"BUuoCl+7GhH151nFIPaOqCtszCWigdq34UmE8fdn9KRb","previousCounter":0,"rootKey":"0yTzL+RFcWZ2GWwIks6RjICtYIIJUNu5FzPVskzflfU="},"indexInfo":{"baseKey":"BdgWJbzph8K9uWvgzvUEjJxCbfmdzlETDH2BLX4MIi91","baseKeyType":1,"closed":-1,"used":1724422369360,"created":1724422369360,"remoteIdentityKey":"BViBWJTcvdojLOxl7HfnbIqiduG09DaA6HthLpZht/gX"},"_chains":{"Bft/ZT2D5KCaeDmyvA/T/9KxGwD+R+344S8tBA22IkwT":{"chainKey":{"counter":0,"key":"mOkcj4ykOl91XAig1FONgN+oofmyTRTfZ4fDXLRmbT4="},"chainType":1,"messageKeys":{}}},"pendingPreKey":{"signedKeyId":8279507,"baseKey":"BdgWJbzph8K9uWvgzvUEjJxCbfmdzlETDH2BLX4MIi91","preKeyId":17790}}},"version":"v1"}